GEO.id,GEO.id2,GEO.display-label,HD01_VD01,HD02_VD01,HD01_VD02,HD02_VD02,HD01_VD03,HD02_VD03,HD01_VD04,HD02_VD04,HD01_VD05,HD02_VD05,HD01_VD06,HD02_VD06,HD01_VD07,HD02_VD07,HD01_VD08,HD02_VD08,HD01_VD09,HD02_VD09,HD01_VD10,HD02_VD10,HD01_VD11,HD02_VD11,HD01_VD12,HD02_VD12,HD01_VD13,HD02_VD13,HD01_VD14,HD02_VD14,HD01_VD15,HD02_VD15,HD01_VD16,HD02_VD16,HD01_VD17,HD02_VD17,HD01_VD18,HD02_VD18,HD01_VD19,HD02_VD19,HD01_VD20,HD02_VD20,HD01_VD21,HD02_VD21,HD01_VD22,HD02_VD22,HD01_VD23,HD02_VD23,HD01_VD24,HD02_VD24,HD01_VD25,HD02_VD25
Id,Id2,Geography,Estimate; Total:,Margin of Error; Total:,Estimate; Total: - No schooling completed,Margin of Error; Total: - No schooling completed,Estimate; Total: - Nursery school,Margin of Error; Total: - Nursery school,Estimate; Total: - Kindergarten,Margin of Error; Total: - Kindergarten,Estimate; Total: - 1st grade,Margin of Error; Total: - 1st grade,Estimate; Total: - 2nd grade,Margin of Error; Total: - 2nd grade,Estimate; Total: - 3rd grade,Margin of Error; Total: - 3rd grade,Estimate; Total: - 4th grade,Margin of Error; Total: - 4th grade,Estimate; Total: - 5th grade,Margin of Error; Total: - 5th grade,Estimate; Total: - 6th grade,Margin of Error; Total: - 6th grade,Estimate; Total: - 7th grade,Margin of Error; Total: - 7th grade,Estimate; Total: - 8th grade,Margin of Error; Total: - 8th grade,Estimate; Total: - 9th grade,Margin of Error; Total: - 9th grade,Estimate; Total: - 10th grade,Margin of Error; Total: - 10th grade,Estimate; Total: - 11th grade,Margin of Error; Total: - 11th grade,"Estimate; Total: - 12th grade, no diploma","Margin of Error; Total: - 12th grade, no diploma",Estimate; Total: - Regular high school diploma,Margin of Error; Total: - Regular high school diploma,Estimate; Total: - GED or alternative credential,Margin of Error; Total: - GED or alternative credential,"Estimate; Total: - Some college, less than 1 year","Margin of Error; Total: - Some college, less than 1 year","Estimate; Total: - Some college, 1 or more years, no degree","Margin of Error; Total: - Some college, 1 or more years, no degree",Estimate; Total: - Associate's degree,Margin of Error; Total: - Associate's degree,Estimate; Total: - Bachelor's degree,Margin of Error; Total: - Bachelor's degree,Estimate; Total: - Master's degree,Margin of Error; Total: - Master's degree,Estimate; Total: - Professional school degree,Margin of Error; Total: - Professional school degree,Estimate; Total: - Doctorate degree,Margin of Error; Total: - Doctorate degree
1400000US12095010200,12095010200,"Census Tract 102, Orange County, Florida",4262,447,0,13,0,13,0,13,0,13,0,13,0,13,0,13,0,13,0,13,0,13,0,13,0,13,87,80,8,19,18,25,632,250,139,86,221,104,373,120,478,198,1339,253,492,185,341,127,134,104
1400000US12095010300,12095010300,"Census Tract 103, Orange County, Florida",2139,177,21,20,0,13,0,13,32,36,0,13,0,13,0,13,0,13,33,38,6,15,14,13,34,21,31,39,4,7,13,14,453,109,20,18,69,37,241,71,175,65,667,138,154,56,117,60,55,38
1400000US12095010400,12095010400,"Census Tract 104, Orange County, Florida",683,92,2,5,0,13,0,13,0,13,0,13,0,13,0,13,0,13,22,22,6,8,39,31,19,17,24,24,51,33,14,15,188,67,24,23,79,39,136,67,18,15,51,32,10,12,0,13,0,13
1400000US12095010500,12095010500,"Census Tract 105, Orange County, Florida",874,113,11,15,0,13,0,13,10,16,9,14,7,11,22,28,0,13,0,13,32,30,15,17,0,13,46,36,48,46,104,49,258,82,39,26,45,33,156,63,23,21,36,39,7,10,0,13,6,11
1400000US12095010802,12095010802,"Census Tract 108.02, Orange County, Florida",2246,224,0,13,0,13,0,13,0,13,0,13,0,13,0,13,0,13,0,13,0,13,0,13,15,18,13,15,6,9,9,14,467,127,58,45,149,77,339,184,228,77,621,146,285,107,49,44,7,12
1400000US12095011000,12095011000,"Census Tract 110, Orange County, Florida",2478,243,8,13,0,13,0,13,0,13,0,13,0,13,0,13,9,14,13,19,0,13,0,13,12,18,13,19,19,22,35,34,437,161,119,82,66,32,266,108,324,169,822,150,209,78,89,47,37,31
1400000US12095011100,12095011100,"Census Tract 111, Orange County, Florida",2204,271,15,20,0,13,1,5,0,13,0,13,0,13,0,13,0,13,0,13,0,13,4,8,22,24,22,26,54,67,0,13,488,157,71,50,117,54,261,95,355,113,542,132,229,69,0,13,23,21
1400000US12095011200,12095011200,"Census Tract 112, Orange County, Florida",2546,182,0,13,0,13,0,13,0,13,0,13,0,13,0,13,0,13,0,13,0,13,0,13,9,13,0,13,17,18,16,20,416,109,162,99,116,66,315,96,279,89,845,143,268,67,51,34,52,48
1400000US12095011300,12095011300,"Census Tract 113, Orange County, Florida",3481,306,2,4,0,13,0,13,0,13,0,13,0,13,0,13,0,13,88,87,11,24,2,5,30,50,0,13,28,45,25,31,488,213,59,51,198,120,554,210,473,186,1017,253,367,148,105,54,34,32
1400000US12095011600,12095011600,"Census Tract 116, Orange County, Florida",3021,352,129,86,0,13,0,13,0,13,35,56,36,47,7,15,0,13,142,129,7,12,49,52,13,31,172,99,44,38,70,48,789,165,193,100,128,69,463,129,297,136,326,124,71,56,8,15,42,47
1400000US12095011701,12095011701,"Census Tract 117.01, Orange County, Florida",2720,288,55,41,0,13,0,13,0,13,0,13,17,20,0,13,9,14,7,11,137,87,79,74,114,65,214,97,223,110,138,73,744,193,158,91,95,56,336,142,105,70,212,99,57,44,20,26,0,13
1400000US12095011702,12095011702,"Census Tract 117.02, Orange County, Florida",2274,271,54,47,0,13,0,13,0,13,0,13,0,13,0,13,0,13,26,29,24,25,42,40,38,41,23,38,87,81,54,42,721,174,110,60,92,59,381,107,130,57,313,107,65,36,72,71,42,39
1400000US12095012000,12095012000,"Census Tract 120, Orange County, Florida",4413,442,96,51,0,19,0,19,0,19,0,19,0,19,0,19,0,19,23,23,44,41,291,175,213,95,133,88,462,185,103,61,1362,239,191,90,234,95,533,151,436,136,237,111,37,32,10,16,8,12
1400000US12095012100,12095012100,"Census Tract 121, Orange County, Florida",3668,410,83,60,0,19,0,19,0,19,35,34,0,19,72,68,56,52,50,56,40,38,59,49,186,100,200,135,179,97,90,60,968,261,236,132,170,116,542,195,298,110,341,144,56,42,0,19,7,11
1400000US12095012201,12095012201,"Census Tract 122.01, Orange County, Florida",2846,351,70,55,0,13,0,13,0,13,19,29,45,41,11,15,0,13,78,75,0,13,85,100,139,77,137,118,75,67,95,74,817,199,132,104,362,186,441,175,127,81,145,64,48,34,20,22,0,13
1400000US12095012202,12095012202,"Census Tract 122.02, Orange County, Florida",3243,310,78,59,0,19,0,19,0,19,0,19,4,10,0,19,7,14,50,76,8,13,14,13,82,65,92,79,216,126,221,99,1419,372,35,36,98,64,435,155,228,89,205,97,44,48,0,19,7,11
1400000US12095012303,12095012303,"Census Tract 123.03, Orange County, Florida",4351,450,94,77,0,19,0,19,20,33,20,32,0,19,0,19,10,15,10,16,0,19,40,42,65,61,51,55,156,115,166,92,1237,259,228,138,146,72,492,169,575,177,930,364,111,65,0,19,0,19
1400000US12095012304,12095012304,"Census Tract 123.04, Orange County, Florida",3971,550,196,145,0,19,0,19,0,19,0,19,16,35,24,41,34,57,42,50,30,50,22,35,76,91,46,67,244,151,249,184,1110,365,58,56,293,178,721,217,460,181,214,102,118,80,13,23,5,14
1400000US12095012305,12095012305,"Census Tract 123.05, Orange County, Florida",4502,394,231,165,0,19,0,19,0,19,60,95,32,49,0,19,0,19,31,50,11,20,27,41,95,106,98,67,345,215,90,63,1632,333,294,167,222,99,698,225,299,116,192,115,145,91,0,19,0,19
1400000US12095012306,12095012306,"Census Tract 123.06, Orange County, Florida",2144,252,35,28,0,13,0,13,13,21,0,13,0,13,0,13,0,13,0,13,0,13,52,45,18,22,63,60,144,81,105,69,768,168,109,64,124,59,309,108,195,109,93,45,110,57,0,13,6,9
1400000US12095012307,12095012307,"Census Tract 123.07, Orange County, Florida",4303,686,204,141,0,19,0,19,0,19,0,19,87,128,0,19,2,4,111,101,26,42,0,19,82,91,206,162,334,192,149,106,1112,348,216,115,189,127,642,217,443,240,328,141,169,130,0,19,3,12
1400000US12095012401,12095012401,"Census Tract 124.01, Orange County, Florida",5094,542,39,53,0,19,0,19,0,19,87,112,25,48,0,19,0,19,37,52,0,19,56,70,1,4,257,187,172,133,112,71,1438,362,217,125,441,189,708,257,566,194,498,193,345,197,66,57,29,47
1400000US12095012402,12095012402,"Census Tract 124.02, Orange County, Florida",3557,482,83,78,0,19,0,19,5,11,0,19,0,19,13,23,12,19,0,19,5,11,61,61,52,58,61,75,173,133,92,78,985,339,166,112,164,90,618,244,300,163,425,187,279,140,52,63,11,18
1400000US12095012403,12095012403,"Census Tract 124.03, Orange County, Florida",2934,295,33,27,0,13,0,13,0,13,25,38,12,19,27,43,0,13,40,41,23,35,62,85,45,45,113,93,219,103,82,46,939,176,153,73,177,86,265,93,218,89,342,117,125,58,25,27,9,15
1400000US12095012500,12095012500,"Census Tract 125, Orange County, Florida",1712,187,12,16,0,13,0,13,0,13,0,13,0,13,0,13,0,13,0,13,0,13,0,13,0,13,29,30,91,63,32,28,388,148,58,38,115,61,188,78,156,82,457,127,98,63,38,34,50,41
1400000US12095012600,12095012600,"Census Tract 126, Orange County, Florida",3790,265,0,13,0,13,0,13,0,13,0,13,0,13,0,13,0,13,2,4,0,13,0,13,49,80,34,40,63,91,14,23,363,144,53,49,69,58,410,156,296,149,1571,273,599,152,163,118,104,81
1400000US12095012701,12095012701,"Census Tract 127.01, Orange County, Florida",3540,320,0,13,0,13,0,13,0,13,0,13,0,13,0,13,0,13,0,13,0,13,0,13,0,13,15,24,0,13,37,49,519,208,85,70,123,53,472,139,255,108,1361,288,489,203,125,84,59,49
1400000US12095012800,12095012800,"Census Tract 128, Orange County, Florida",2620,168,8,13,0,13,0,13,0,13,0,13,0,13,0,13,0,13,0,13,0,13,7,12,15,23,0,13,0,13,7,10,385,115,10,16,102,52,258,82,194,59,1049,151,370,127,185,57,30,25
1400000US12095012900,12095012900,"Census Tract 129, Orange County, Florida",2217,201,0,13,0,13,0,13,0,13,0,13,0,13,0,13,0,13,0,13,9,14,0,13,0,13,0,13,10,15,7,11,218,99,51,36,159,83,284,87,285,120,804,149,319,90,71,49,0,13
1400000US12095013201,12095013201,"Census Tract 132.01, Orange County, Florida",2843,318,9,14,0,13,0,13,9,16,0,13,10,16,16,18,30,37,28,33,0,13,31,30,126,71,88,53,94,62,58,37,929,249,164,71,223,89,446,145,334,129,185,80,50,34,13,21,0,13
1400000US12095013202,12095013202,"Census Tract 132.02, Orange County, Florida",3559,366,126,69,0,19,0,19,0,19,0,19,14,23,12,23,0,19,13,16,3,6,131,82,216,184,36,35,119,82,158,82,953,229,211,86,96,48,452,126,475,160,399,127,103,69,9,14,33,36
1400000US12095013300,12095013300,"Census Tract 133, Orange County, Florida",4838,576,42,66,0,19,0,19,0,19,0,19,0,19,22,35,78,93,94,87,66,54,29,29,187,133,92,88,10,17,176,140,1250,359,170,89,205,111,564,203,776,293,784,252,211,116,82,78,0,19
1400000US12095013402,12095013402,"Census Tract 134.02, Orange County, Florida",2477,356,42,58,0,13,0,13,0,13,0,13,7,10,6,9,6,10,40,42,19,35,4,7,145,167,81,55,193,108,83,60,877,181,88,49,150,68,258,105,170,85,276,84,24,23,8,13,0,13
1400000US12095013403,12095013403,"Census Tract 134.03, Orange County, Florida",2250,341,81,52,0,13,5,8,21,32,0,13,45,63,78,85,17,21,56,37,0,13,93,85,32,51,36,36,25,21,24,26,768,211,140,71,48,32,247,114,183,75,317,108,24,20,10,17,0,13
1400000US12095013405,12095013405,"Census Tract 134.05, Orange County, Florida",1206,178,14,21,0,13,0,13,7,16,0,13,0,13,0,13,0,13,35,50,16,24,0,13,5,8,16,27,30,32,6,8,385,112,57,44,46,28,301,102,94,42,142,59,44,28,5,8,3,5
1400000US12095013406,12095013406,"Census Tract 134.06, Orange County, Florida",2428,351,47,43,0,13,0,13,9,16,0,13,23,37,51,56,16,22,241,240,58,52,45,49,29,27,85,72,23,25,30,31,502,139,147,66,84,59,312,155,342,158,200,96,135,115,36,40,13,19
1400000US12095013503,12095013503,"Census Tract 135.03, Orange County, Florida",1402,159,61,46,0,13,0,13,0,13,0,13,10,16,7,11,0,13,57,37,25,23,40,31,30,29,11,16,18,17,22,20,391,105,56,42,73,36,197,67,81,42,284,81,35,27,0,13,4,6
1400000US12095013505,12095013505,"Census Tract 135.05, Orange County, Florida",2744,374,28,34,0,13,0,13,0,13,0,13,30,47,9,15,0,13,54,54,20,31,54,63,92,109,175,118,0,13,100,60,649,180,217,109,209,96,323,101,280,114,430,136,41,31,21,25,12,20
1400000US12095013507,12095013507,"Census Tract 135.07, Orange County, Florida",4303,420,19,32,0,19,0,19,0,19,0,19,0,19,0,19,0,19,0,19,33,54,51,66,0,19,43,51,86,68,89,100,1009,275,128,82,207,107,861,203,730,275,929,234,93,68,14,22,11,18
1400000US12095013508,12095013508,"Census Tract 135.08, Orange County, Florida",1840,250,13,21,0,13,0,13,0,13,0,13,0,13,0,13,0,13,21,23,61,84,27,26,47,39,69,52,148,120,39,38,559,142,25,15,50,32,361,124,222,82,165,84,12,15,21,24,0,13
1400000US12095013509,12095013509,"Census Tract 135.09, Orange County, Florida",848,151,17,18,0,13,0,13,0,13,0,13,0,13,0,13,9,15,0,13,0,13,0,13,0,13,13,16,0,13,10,12,239,80,13,14,38,38,140,50,119,52,192,70,43,25,10,15,5,9
1400000US12095013510,12095013510,"Census Tract 135.10, Orange County, Florida",1393,253,0,13,0,13,0,13,0,13,0,13,0,13,0,13,0,13,38,61,0,13,0,13,19,32,0,13,16,26,41,41,536,183,36,72,108,82,290,126,202,94,76,81,21,33,0,13,10,16
1400000US12095013511,12095013511,"Census Tract 135.11, Orange County, Florida",3575,309,97,85,0,19,0,19,0,19,0,19,76,104,46,62,71,46,71,59,0,19,25,26,118,107,188,122,196,138,124,70,980,227,239,107,265,106,368,160,237,99,214,124,213,163,41,44,6,10
1400000US12095013512,12095013512,"Census Tract 135.12, Orange County, Florida",3044,421,0,19,0,19,0,19,0,19,0,19,0,19,89,114,0,19,15,24,0,19,17,29,14,25,127,127,113,90,36,47,876,256,116,101,344,195,416,192,349,181,429,188,59,64,44,42,0,19
1400000US12095013603,12095013603,"Census Tract 136.03, Orange County, Florida",3621,410,71,68,0,19,0,19,0,19,0,19,0,19,0,19,0,19,0,19,0,19,0,19,55,60,108,77,50,81,149,147,946,260,131,116,164,93,583,193,498,147,754,355,78,66,16,24,18,28
1400000US12095013604,12095013604,"Census Tract 136.04, Orange County, Florida",4303,390,31,36,0,19,0,19,0,19,0,19,0,19,0,19,0,19,0,19,0,19,79,112,47,78,144,134,89,91,41,51,852,331,248,205,216,120,702,266,667,292,682,197,357,194,123,73,25,30
1400000US12095013605,12095013605,"Census Tract 136.05, Orange County, Florida",2397,194,16,26,0,13,0,13,0,13,0,13,0,13,0,13,0,13,0,13,0,13,0,13,55,58,36,34,0,13,49,38,667,167,46,34,75,49,404,114,356,111,411,111,147,72,110,73,25,26
1400000US12095013606,12095013606,"Census Tract 136.06, Orange County, Florida",2254,252,50,45,0,13,0,13,0,13,0,13,17,24,0,13,0,13,30,26,0,13,120,79,93,81,112,93,6,12,44,41,610,154,120,63,153,98,360,111,218,129,197,90,78,80,24,23,22,28
1400000US12095013607,12095013607,"Census Tract 136.07, Orange County, Florida",4018,289,14,23,0,19,0,19,0,19,0,19,0,19,12,19,0,19,0,19,0,19,62,71,62,45,86,72,28,29,43,38,898,218,138,75,263,101,893,214,596,157,656,199,188,88,57,44,22,27
1400000US12095013701,12095013701,"Census Tract 137.01, Orange County, Florida",3555,388,11,19,0,19,0,19,0,19,0,19,0,19,57,91,34,55,190,134,46,55,46,49,129,90,50,43,57,68,27,31,887,301,242,110,195,107,643,233,303,133,522,149,89,58,27,28,0,19
1400000US12095013702,12095013702,"Census Tract 137.02, Orange County, Florida",3658,377,25,41,0,19,0,19,0,19,0,19,0,19,0,19,0,19,0,19,30,48,0,19,66,69,50,67,42,39,56,52,1025,327,152,100,232,117,721,313,314,152,514,152,357,169,53,53,21,34
1400000US12095013801,12095013801,"Census Tract 138.01, Orange County, Florida",1761,184,0,13,0,13,0,13,0,13,0,13,0,13,0,13,0,13,10,13,8,14,55,27,22,19,22,23,36,38,3,6,589,137,66,38,55,27,242,92,277,104,293,79,69,46,14,19,0,13
1400000US12095013802,12095013802,"Census Tract 138.02, Orange County, Florida",1960,147,0,13,0,13,0,13,0,13,0,13,0,13,3,6,2,5,6,10,10,16,0,13,18,21,53,50,19,29,51,58,433,119,38,33,161,73,333,127,234,88,387,97,161,66,40,31,11,17
1400000US12095013803,12095013803,"Census Tract 138.03, Orange County, Florida",2032,242,0,13,0,13,0,13,0,13,0,13,0,13,0,13,0,13,0,13,0,13,0,13,22,26,37,34,0,13,26,25,411,134,38,37,170,67,332,120,293,76,525,106,155,109,23,21,0,13
1400000US12095013900,12095013900,"Census Tract 139, Orange County, Florida",3197,247,0,13,0,13,0,13,0,13,0,13,0,13,0,13,0,13,0,13,9,14,16,20,74,61,58,50,83,69,44,44,704,237,108,55,81,44,423,149,277,105,896,186,287,94,129,67,8,13
1400000US12095014000,12095014000,"Census Tract 140, Orange County, Florida",5117,373,26,31,0,19,0,19,0,19,0,19,0,19,0,19,0,19,0,19,12,20,37,43,21,31,37,46,46,54,31,35,970,364,89,57,266,104,652,207,561,185,1493,260,665,171,141,73,70,51
1400000US12095014100,12095014100,"Census Tract 141, Orange County, Florida",4747,394,52,79,0,19,0,19,0,19,0,19,0,19,0,19,0,19,0,19,0,19,12,20,29,33,12,19,85,79,24,28,1275,355,328,186,148,77,722,215,442,163,1226,241,267,127,67,72,58,51
1400000US12095014200,12095014200,"Census Tract 142, Orange County, Florida",6670,811,193,135,0,21,0,21,0,21,0,21,0,21,53,85,14,23,114,99,31,53,206,156,195,146,245,229,196,114,246,129,2579,425,331,120,372,187,662,285,553,232,388,173,232,136,23,25,37,53
1400000US12095014301,12095014301,"Census Tract 143.01, Orange County, Florida",4005,339,108,92,0,19,0,19,0,19,0,19,0,19,0,19,18,25,57,76,78,86,50,50,9,14,6,9,141,100,67,45,1109,192,140,79,184,80,774,182,313,123,654,165,188,105,51,32,58,55
1400000US12095014302,12095014302,"Census Tract 143.02, Orange County, Florida",3355,282,155,119,0,19,0,19,61,52,0,19,58,49,0,19,53,52,73,57,71,65,66,73,56,46,37,27,147,90,156,105,1243,254,173,97,190,75,335,122,184,115,192,113,62,46,10,15,33,49
1400000US12095014400,12095014400,"Census Tract 144, Orange County, Florida",2824,452,26,38,0,13,0,13,0,13,0,13,12,21,15,33,0,13,3,7,8,16,9,17,17,24,66,41,25,26,34,33,553,202,200,101,243,93,604,143,232,109,538,155,222,225,17,20,0,13
1400000US12095014502,12095014502,"Census Tract 145.02, Orange County, Florida",3062,352,85,73,7,13,0,13,0,13,22,24,20,32,51,49,0,13,112,85,0,13,142,104,56,53,161,94,176,96,86,61,1105,234,144,83,145,76,412,148,189,88,103,56,39,31,0,13,7,10
1400000US12095014503,12095014503,"Census Tract 145.03, Orange County, Florida",3330,262,42,26,0,13,0,13,0,13,0,13,0,13,0,13,17,18,42,45,15,21,88,50,123,75,149,72,236,112,95,62,1039,190,334,99,135,61,474,139,246,100,210,85,80,47,5,11,0,13
1400000US12095014504,12095014504,"Census Tract 145.04, Orange County, Florida",3997,537,23,29,0,19,0,19,0,19,0,19,0,19,0,19,5,11,21,32,11,17,13,23,50,43,65,54,75,46,22,20,954,296,121,59,82,45,568,207,304,176,1369,318,223,123,82,58,9,15
1400000US12095014601,12095014601,"Census Tract 146.01, Orange County, Florida",3671,475,17,29,29,38,0,19,41,65,13,21,0,19,0,19,0,19,0,19,39,50,168,151,117,65,141,103,89,79,92,73,1348,367,139,89,253,136,529,182,246,126,333,153,41,50,0,19,36,60
1400000US12095014605,12095014605,"Census Tract 146.05, Orange County, Florida",2969,307,20,23,9,15,0,13,0,13,0,13,0,13,0,13,0,13,27,25,72,66,61,48,57,59,58,45,207,108,82,57,1148,199,54,36,121,58,425,162,329,154,225,120,74,74,0,13,0,13
1400000US12095014606,12095014606,"Census Tract 146.06, Orange County, Florida",4982,456,16,25,0,19,0,19,0,19,0,19,0,19,0,19,59,60,28,48,0,19,104,89,28,45,91,97,74,64,53,45,1155,247,145,85,226,94,1156,275,759,213,938,249,150,84,0,19,0,19
1400000US12095014607,12095014607,"Census Tract 146.07, Orange County, Florida",3467,339,36,28,0,19,0,19,0,19,14,22,0,19,19,31,0,19,41,50,0,19,0,19,60,81,47,56,40,45,62,46,714,185,88,58,175,98,556,208,365,128,858,221,260,139,86,72,46,65
1400000US12095014608,12095014608,"Census Tract 146.08, Orange County, Florida",2795,282,80,53,0,13,0,13,0,13,0,13,25,37,22,25,7,12,21,26,100,67,24,25,33,28,67,61,219,96,84,63,682,176,139,72,176,83,404,147,288,128,327,143,71,47,26,43,0,13
1400000US12095014609,12095014609,"Census Tract 146.09, Orange County, Florida",3549,402,0,19,0,19,0,19,0,19,0,19,0,19,0,19,0,19,0,19,14,23,16,23,0,19,41,40,46,39,111,90,1015,198,139,78,150,80,861,244,299,102,644,160,102,80,76,51,35,55
1400000US12095014701,12095014701,"Census Tract 147.01, Orange County, Florida",3315,279,98,76,0,19,0,19,0,19,0,19,30,35,0,19,18,30,86,59,13,22,23,25,53,38,170,90,46,31,61,46,1172,226,166,76,299,97,435,125,347,111,235,81,59,41,4,7,0,19
1400000US12095014702,12095014702,"Census Tract 147.02, Orange County, Florida",3402,468,49,52,0,19,0,19,0,19,0,19,0,19,0,19,0,19,32,47,0,19,57,64,18,38,0,19,99,79,54,49,1279,407,112,110,114,99,558,193,316,243,459,163,182,101,73,77,0,19
1400000US12095014703,12095014703,"Census Tract 147.03, Orange County, Florida",1261,143,25,21,0,13,0,13,0,13,0,13,0,13,0,13,0,13,5,8,0,13,12,18,15,22,5,7,5,10,16,16,204,68,54,33,85,57,243,111,172,64,316,83,83,38,4,7,17,20
1400000US12095014704,12095014704,"Census Tract 147.04, Orange County, Florida",8354,977,0,21,0,21,0,21,0,21,0,21,0,21,0,21,0,21,0,21,6,22,94,150,6,22,63,59,79,126,166,136,1576,535,124,109,402,238,1244,396,869,283,2005,528,1349,558,254,230,117,94
1400000US12095014804,12095014804,"Census Tract 148.04, Orange County, Florida",4376,337,32,44,0,19,0,19,0,19,0,19,62,81,18,30,25,30,22,39,19,32,171,175,23,27,23,39,26,21,109,84,1201,312,219,146,238,99,735,273,319,121,755,213,232,129,116,105,31,36
1400000US12095014805,12095014805,"Census Tract 148.05, Orange County, Florida",3707,271,71,55,0,19,9,14,22,34,0,19,29,33,11,17,16,21,23,27,11,17,84,55,33,31,104,70,152,101,159,114,1116,220,120,62,243,109,402,127,427,171,524,161,144,86,7,11,0,19
1400000US12095014806,12095014806,"Census Tract 148.06, Orange County, Florida",3208,207,26,39,0,13,27,40,0,13,0,13,4,7,0,13,0,13,0,13,0,13,13,21,26,33,17,19,0,13,87,47,586,174,106,73,197,67,511,198,256,82,798,165,475,138,53,38,26,23
1400000US12095014807,12095014807,"Census Tract 148.07, Orange County, Florida",4639,509,226,166,0,19,0,19,0,19,0,19,0,19,0,19,70,89,0,19,0,19,14,23,29,44,32,36,15,23,78,64,692,175,90,68,141,83,533,177,666,279,1569,348,367,181,78,62,39,37
1400000US12095014808,12095014808,"Census Tract 148.08, Orange County, Florida",7588,379,0,21,0,21,0,21,0,21,0,21,0,21,28,47,0,21,0,21,0,21,0,21,0,21,27,46,116,91,0,21,1046,296,231,153,296,152,814,274,695,246,2380,310,1228,309,490,170,237,139
1400000US12095014809,12095014809,"Census Tract 148.09, Orange County, Florida",1883,228,0,13,0,13,0,13,0,13,0,13,0,13,0,13,0,13,0,13,0,13,0,13,0,13,0,13,0,13,23,20,192,80,11,16,74,36,259,67,162,55,723,175,291,81,129,55,19,16
1400000US12095014810,12095014810,"Census Tract 148.10, Orange County, Florida",4027,247,38,41,0,19,0,19,0,19,0,19,0,19,55,66,8,13,87,81,13,22,10,16,0,19,15,20,10,22,26,32,885,201,63,51,183,69,439,147,505,146,1182,216,364,103,126,57,18,21
1400000US12095014811,12095014811,"Census Tract 148.11, Orange County, Florida",4150,301,29,32,0,19,0,19,0,19,0,19,0,19,27,60,0,19,25,57,0,19,19,34,0,19,35,45,0,19,150,145,607,255,111,100,403,170,400,137,293,117,1372,281,528,161,62,52,89,68
1400000US12095014812,12095014812,"Census Tract 148.12, Orange County, Florida",3747,415,18,32,0,19,0,19,0,19,0,19,0,19,0,19,0,19,0,19,0,19,32,50,30,49,4,24,66,53,70,60,710,166,54,58,279,106,599,185,559,203,995,237,264,130,67,80,0,19
1400000US12095014813,12095014813,"Census Tract 148.13, Orange County, Florida",2725,309,53,52,0,13,0,13,0,13,0,13,0,13,0,13,0,13,0,13,36,59,10,16,46,52,18,21,0,13,49,44,348,100,98,88,202,72,331,96,376,131,799,214,268,107,53,36,38,38
1400000US12095014904,12095014904,"Census Tract 149.04, Orange County, Florida",3643,373,28,28,0,19,0,19,0,19,0,19,0,19,0,19,0,19,76,61,9,13,32,53,40,40,106,75,164,122,85,51,1022,188,120,71,294,105,667,205,471,134,349,147,107,62,49,48,24,38
1400000US12095014906,12095014906,"Census Tract 149.06, Orange County, Florida",4296,351,32,34,0,19,0,19,0,19,0,19,0,19,0,19,13,21,60,78,29,45,35,40,106,81,35,42,67,62,89,64,994,240,196,95,243,80,759,205,484,143,859,202,268,97,0,19,27,29
1400000US12095014908,12095014908,"Census Tract 149.08, Orange County, Florida",4141,406,96,65,0,19,0,19,0,19,0,19,0,19,16,18,45,62,140,96,125,102,81,74,174,130,113,145,74,71,201,97,1038,219,181,76,322,145,284,95,245,95,594,167,334,136,78,85,0,19
1400000US12095014909,12095014909,"Census Tract 149.09, Orange County, Florida",2013,154,40,34,0,13,0,13,0,13,0,13,17,26,0,13,0,13,29,35,13,20,10,13,35,31,41,45,31,26,67,33,500,100,88,53,154,70,303,86,201,75,380,85,81,38,4,6,19,22
1400000US12095015001,12095015001,"Census Tract 150.01, Orange County, Florida",1041,161,45,43,0,13,0,13,21,31,0,13,0,13,22,37,0,13,163,104,64,68,2,9,89,77,58,54,21,19,4,8,223,95,55,35,54,36,44,40,55,41,89,47,31,27,1,6,0,13
1400000US12095015002,12095015002,"Census Tract 150.02, Orange County, Florida",3593,336,119,95,0,19,0,19,39,62,76,91,43,49,52,57,0,19,212,96,10,14,97,56,226,110,181,91,153,71,188,116,945,243,179,78,230,113,357,109,201,68,234,84,43,58,0,19,8,12
1400000US12095015003,12095015003,"Census Tract 150.03, Orange County, Florida",4087,338,91,106,10,15,0,19,10,23,10,24,42,34,0,19,31,51,37,40,26,41,85,106,112,95,46,38,43,46,50,53,1319,259,175,93,259,91,549,157,293,128,642,226,183,87,49,50,25,34
1400000US12095015004,12095015004,"Census Tract 150.04, Orange County, Florida",5700,450,73,84,0,19,0,19,0,19,0,19,0,19,14,22,15,24,0,19,0,19,46,72,37,43,85,107,13,23,50,47,1221,343,277,150,399,130,1087,355,792,227,1036,255,423,162,35,40,97,101
1400000US12095015103,12095015103,"Census Tract 151.03, Orange County, Florida",4600,370,60,56,0,19,0,19,0,19,0,19,18,27,0,19,0,19,0,19,0,19,20,34,0,19,51,59,55,57,139,93,863,231,319,226,161,98,684,205,815,220,1070,211,294,121,9,17,42,44
1400000US12095015104,12095015104,"Census Tract 151.04, Orange County, Florida",3370,267,49,37,0,19,0,19,0,19,0,19,0,19,0,19,9,13,19,29,20,31,11,17,33,32,91,51,94,69,61,40,830,164,185,76,270,87,602,183,497,114,409,126,151,77,22,21,17,26
1400000US12095015105,12095015105,"Census Tract 151.05, Orange County, Florida",2479,288,42,44,0,13,0,13,0,13,0,13,0,13,0,13,4,6,0,13,29,46,188,158,0,13,24,24,39,42,80,94,665,174,244,104,147,83,330,227,239,128,234,83,209,118,5,7,0,13
1400000US12095015106,12095015106,"Census Tract 151.06, Orange County, Florida",4696,646,39,55,0,19,0,19,0,19,0,19,18,32,83,75,44,72,25,36,22,33,0,19,0,19,163,138,78,87,56,60,1205,318,324,151,439,186,1008,343,457,241,552,190,160,89,16,25,7,16
1400000US12095015201,12095015201,"Census Tract 152.01, Orange County, Florida",5628,463,62,52,0,19,0,19,0,19,0,19,0,19,0,19,0,19,22,32,0,19,9,13,59,57,57,64,108,87,112,75,812,230,198,161,536,206,803,259,662,194,1474,341,522,164,124,97,68,67
1400000US12095015202,12095015202,"Census Tract 152.02, Orange County, Florida",4009,409,226,154,0,19,0,19,0,19,0,19,41,63,0,19,3,7,68,77,3,19,121,103,146,116,133,105,149,129,42,35,1014,272,154,81,310,160,835,351,177,99,476,213,69,55,0,19,42,68
1400000US12095015300,12095015300,"Census Tract 153, Orange County, Florida",2740,257,38,28,0,13,0,13,0,13,0,13,0,13,0,13,0,13,0,13,0,13,24,35,41,41,51,44,31,35,48,36,645,188,29,29,148,86,321,92,428,128,613,130,237,78,78,65,8,12
1400000US12095015402,12095015402,"Census Tract 154.02, Orange County, Florida",1577,214,30,37,0,13,0,13,0,13,0,13,0,13,23,27,0,13,0,13,0,13,0,13,16,24,76,71,63,48,22,28,213,77,96,66,7,11,229,88,181,73,472,136,84,52,32,23,33,33
1400000US12095015501,12095015501,"Census Tract 155.01, Orange County, Florida",3857,376,19,23,0,13,0,13,0,13,0,13,0,13,0,13,0,13,0,13,7,12,1,2,0,13,12,20,11,18,19,23,574,171,79,58,205,81,456,174,309,136,1458,331,441,151,205,92,61,46
1400000US12095015601,12095015601,"Census Tract 156.01, Orange County, Florida",1526,125,0,13,0,13,0,13,0,13,0,13,0,13,0,13,0,13,0,13,0,13,0,13,0,13,0,13,7,11,0,13,139,71,10,15,78,38,107,53,133,58,505,101,294,76,187,60,66,32
1400000US12095015602,12095015602,"Census Tract 156.02, Orange County, Florida",1594,119,0,13,0,13,0,13,0,13,0,13,0,13,0,13,0,13,0,13,0,13,0,13,0,13,26,21,3,6,11,11,94,39,25,18,71,31,96,37,145,47,698,122,240,69,106,50,79,31
1400000US12095015701,12095015701,"Census Tract 157.01, Orange County, Florida",1565,160,7,11,0,13,0,13,0,13,0,13,0,13,0,13,0,13,0,13,0,13,0,13,0,13,0,13,33,40,15,16,142,60,46,30,57,27,205,99,113,52,588,121,236,72,101,43,22,19
1400000US12095015702,12095015702,"Census Tract 157.02, Orange County, Florida",1189,93,0,13,0,13,0,13,0,13,0,13,0,13,0,13,0,13,0,13,0,13,0,13,13,20,7,10,0,13,20,28,180,75,13,13,61,34,145,59,95,40,316,64,248,75,49,35,42,25
1400000US12095015801,12095015801,"Census Tract 158.01, Orange County, Florida",1280,123,0,13,0,13,0,13,0,13,11,19,0,13,0,13,0,13,5,7,0,13,0,13,10,16,5,8,5,7,4,6,136,87,21,17,35,32,179,74,48,28,391,83,271,76,101,41,58,37
1400000US12095015802,12095015802,"Census Tract 158.02, Orange County, Florida",1824,134,0,13,0,13,0,13,2,4,0,13,0,13,0,13,0,13,21,28,0,13,0,13,6,9,23,21,0,13,13,12,90,55,6,8,70,38,124,47,130,59,655,112,386,71,224,63,74,33
1400000US12095015901,12095015901,"Census Tract 159.01, Orange County, Florida",1434,186,41,35,0,13,0,13,0,13,0,13,11,14,0,13,0,13,3,6,0,13,10,16,40,46,29,25,49,38,24,27,311,86,21,21,62,39,166,71,167,68,312,84,142,63,25,23,21,15
1400000US12095015902,12095015902,"Census Tract 159.02, Orange County, Florida",1360,133,5,9,0,13,0,13,0,13,0,13,0,13,0,13,0,13,0,13,21,28,24,26,13,15,5,7,11,11,22,19,181,58,5,7,69,33,187,102,98,50,415,99,212,72,87,68,5,8
1400000US12095016001,12095016001,"Census Tract 160.01, Orange County, Florida",751,83,0,13,0,13,0,13,0,13,0,13,0,13,0,13,0,13,0,13,0,13,15,18,0,13,0,13,0,13,13,20,87,38,0,13,26,17,71,33,35,25,177,46,153,44,135,33,39,22
1400000US12095016002,12095016002,"Census Tract 160.02, Orange County, Florida",1816,131,0,13,0,13,0,13,0,13,0,13,0,13,0,13,0,13,0,13,0,13,0,13,0,13,0,13,0,13,0,13,130,71,5,7,91,60,106,55,179,102,617,152,330,86,312,97,46,36
1400000US12095016100,12095016100,"Census Tract 161, Orange County, Florida",3176,221,1,4,0,13,0,13,0,13,0,13,0,13,0,13,2,4,0,13,0,13,0,13,0,13,0,13,0,13,57,48,202,92,147,110,122,64,413,135,88,51,1086,212,559,134,359,120,140,78
1400000US12095016200,12095016200,"Census Tract 162, Orange County, Florida",4118,369,42,39,0,19,0,19,0,19,0,19,0,19,0,19,63,100,0,19,0,19,0,19,0,19,5,12,13,27,81,83,464,167,62,51,237,120,554,176,490,205,1124,251,652,219,173,118,158,125
1400000US12095016301,12095016301,"Census Tract 163.01, Orange County, Florida",4634,351,37,46,0,19,0,19,0,19,0,19,0,19,21,32,10,23,5,11,0,19,11,16,114,69,114,113,57,64,76,76,770,230,222,112,299,161,827,207,424,145,1083,199,390,172,130,98,44,39
1400000US12095016302,12095016302,"Census Tract 163.02, Orange County, Florida",2463,283,58,62,0,13,0,13,0,13,0,13,0,13,0,13,28,36,0,13,11,19,21,36,21,35,23,25,48,52,37,33,580,131,166,106,83,48,550,145,306,104,403,154,92,59,9,14,27,26
1400000US12095016402,12095016402,"Census Tract 164.02, Orange County, Florida",1569,223,61,53,0,13,0,13,0,13,0,13,0,13,0,13,5,8,66,67,0,13,5,8,16,18,52,32,74,44,30,35,325,105,54,35,85,39,163,73,212,75,305,102,79,56,20,20,17,17
1400000US12095016406,12095016406,"Census Tract 164.06, Orange County, Florida",1325,183,10,17,0,13,0,13,0,13,0,13,0,13,0,13,0,13,0,13,0,13,0,13,0,13,0,13,8,12,31,22,197,87,33,25,79,49,396,131,209,99,217,77,117,57,9,13,19,18
1400000US12095016407,12095016407,"Census Tract 164.07, Orange County, Florida",3134,527,7,17,0,19,12,20,0,19,0,19,0,19,0,19,0,19,0,19,0,19,84,87,0,19,59,74,46,42,34,40,572,217,68,63,284,139,569,207,520,266,588,264,271,138,20,33,0,19
1400000US12095016408,12095016408,"Census Tract 164.08, Orange County, Florida",1593,147,14,15,0,13,0,13,0,13,0,13,0,13,0,13,8,12,0,13,0,13,2,4,0,13,13,17,17,23,23,22,272,86,57,38,183,67,293,92,273,124,229,70,146,42,49,33,14,13
1400000US12095016409,12095016409,"Census Tract 164.09, Orange County, Florida",2360,169,42,53,0,13,0,13,0,13,0,13,0,13,0,13,0,13,53,66,0,13,11,16,0,13,11,18,8,13,21,25,244,131,123,77,122,75,277,117,335,142,730,144,226,77,66,39,91,41
1400000US12095016410,12095016410,"Census Tract 164.10, Orange County, Florida",5479,676,20,26,0,19,0,19,0,19,0,19,0,19,0,19,0,19,43,33,0,19,34,36,96,83,167,125,200,117,167,138,1237,225,265,122,207,114,741,322,826,237,910,248,386,143,46,48,134,71
1400000US12095016411,12095016411,"Census Tract 164.11, Orange County, Florida",1841,225,24,26,0,13,0,13,0,13,0,13,0,13,0,13,8,14,2,27,0,13,0,13,0,13,25,24,41,47,31,33,284,102,23,23,142,79,366,144,177,87,565,141,119,61,34,42,0,13
1400000US12095016412,12095016412,"Census Tract 164.12, Orange County, Florida",3450,309,48,64,0,13,0,13,0,13,0,13,0,13,0,13,0,13,20,23,0,13,11,19,86,83,55,41,56,42,50,40,700,167,174,87,149,69,676,189,445,163,690,157,217,100,15,15,58,47
1400000US12095016503,12095016503,"Census Tract 165.03, Orange County, Florida",2841,430,8,13,0,19,0,19,0,19,19,33,0,19,18,31,0,19,0,19,0,19,13,22,0,19,34,43,20,37,105,84,557,236,31,33,115,58,505,257,243,95,749,199,267,102,42,39,115,89
1400000US12095016504,12095016504,"Census Tract 165.04, Orange County, Florida",3082,278,18,27,0,19,0,19,0,19,10,16,0,19,6,11,0,19,49,53,0,19,28,43,0,19,31,34,68,53,56,39,762,181,108,43,127,67,305,131,463,129,717,157,225,77,37,35,72,41
1400000US12095016505,12095016505,"Census Tract 165.05, Orange County, Florida",1690,290,0,13,0,13,0,13,0,13,0,13,0,13,0,13,0,13,0,13,0,13,20,23,35,44,111,65,66,58,53,50,377,97,54,50,49,33,112,80,163,80,451,201,192,114,0,13,7,12
1400000US12095016507,12095016507,"Census Tract 165.07, Orange County, Florida",3859,352,0,21,0,21,0,21,0,21,0,21,0,21,0,21,0,21,0,21,0,21,0,21,16,28,0,21,0,21,60,56,510,246,70,59,160,87,479,208,640,167,1316,296,497,163,53,50,58,54
1400000US12095016508,12095016508,"Census Tract 165.08, Orange County, Florida",4431,601,26,34,0,19,0,19,0,19,0,19,13,23,0,19,11,36,62,81,38,48,57,54,84,80,93,96,142,111,81,72,994,247,176,124,248,78,305,138,648,367,1109,385,275,234,0,19,69,86
1400000US12095016509,12095016509,"Census Tract 165.09, Orange County, Florida",3131,319,43,29,0,13,0,13,0,13,0,13,0,13,0,13,8,12,16,19,15,18,114,87,22,24,36,45,52,37,148,99,1129,219,124,66,143,61,433,119,243,108,457,157,124,96,0,13,24,29
1400000US12095016510,12095016510,"Census Tract 165.10, Orange County, Florida",1379,289,4,8,0,13,0,13,0,13,0,13,0,13,0,13,4,9,0,13,0,13,0,13,4,9,17,21,4,8,0,13,314,194,51,30,11,13,99,67,253,129,280,130,317,143,12,16,9,14
1400000US12095016511,12095016511,"Census Tract 165.11, Orange County, Florida",1401,238,0,13,0,13,0,13,0,13,0,13,0,13,9,16,0,13,20,31,12,19,41,46,9,13,12,18,16,25,25,30,305,161,30,25,163,69,148,75,148,83,323,120,134,81,6,10,0,13
1400000US12095016601,12095016601,"Census Tract 166.01, Orange County, Florida",7337,587,145,127,0,21,0,21,0,21,0,21,0,21,0,21,0,21,12,19,23,35,147,140,135,104,290,141,97,85,239,108,1340,270,436,200,501,173,1012,293,800,279,1296,329,731,237,86,99,47,39
1400000US12095016602,12095016602,"Census Tract 166.02, Orange County, Florida",6762,543,85,60,0,19,0,19,0,19,0,19,16,28,0,19,12,21,0,19,0,19,0,19,0,19,145,94,13,22,195,125,2053,488,440,156,391,143,1062,290,816,237,885,201,304,95,234,141,111,78
1400000US12095016704,12095016704,"Census Tract 167.04, Orange County, Florida",11645,908,0,21,29,47,0,21,0,21,0,21,0,21,11,25,0,21,11,23,0,21,66,86,125,146,140,158,0,21,180,178,1613,428,135,100,467,230,1922,567,1290,342,3920,664,1443,401,167,112,126,93
1400000US12095016709,12095016709,"Census Tract 167.09, Orange County, Florida",4538,494,46,45,0,19,0,19,59,81,0,19,0,19,0,19,0,19,161,120,0,19,89,104,90,78,121,101,345,197,187,119,1435,296,182,111,318,155,537,165,368,147,502,221,98,84,0,19,0,19
1400000US12095016710,12095016710,"Census Tract 167.10, Orange County, Florida",3486,265,66,70,0,13,0,13,46,70,0,13,0,13,0,13,6,9,14,17,0,13,21,28,44,39,16,23,126,85,87,75,819,203,115,59,276,109,380,140,447,130,708,224,303,142,12,19,0,13
1400000US12095016712,12095016712,"Census Tract 167.12, Orange County, Florida",5365,600,156,119,0,19,0,19,0,19,0,19,0,19,0,19,12,22,0,19,0,19,152,120,366,201,124,124,91,75,110,99,1075,281,356,187,265,112,803,246,634,240,828,231,278,138,115,134,0,19
1400000US12095016713,12095016713,"Census Tract 167.13, Orange County, Florida",5554,593,81,66,0,19,0,19,0,19,0,19,0,19,31,48,23,35,73,94,0,19,98,90,93,87,122,141,157,106,412,192,1510,393,411,193,157,83,839,224,526,176,817,248,196,169,8,16,0,19
1400000US12095016714,12095016714,"Census Tract 167.14, Orange County, Florida",2097,241,57,38,3,5,0,13,0,13,0,13,0,13,5,8,0,13,0,13,0,13,35,42,22,34,16,16,73,51,65,45,678,140,55,28,111,44,343,89,211,84,317,130,77,35,29,27,0,13
1400000US12095016715,12095016715,"Census Tract 167.15, Orange County, Florida",4252,431,139,129,0,19,0,19,26,40,0,19,0,19,19,34,0,19,28,37,0,19,31,37,152,130,30,34,113,83,77,66,1309,289,88,65,214,120,599,219,668,180,468,158,224,88,67,69,0,19
1400000US12095016716,12095016716,"Census Tract 167.16, Orange County, Florida",3983,305,45,39,0,19,27,41,0,19,0,19,6,12,0,19,0,19,0,19,0,19,0,19,9,14,16,17,39,57,37,29,714,192,101,62,266,96,536,142,439,115,1032,167,498,155,98,73,120,54
1400000US12095016717,12095016717,"Census Tract 167.17, Orange County, Florida",2062,163,12,16,0,13,5,8,0,13,0,13,10,14,0,13,0,13,20,31,0,13,48,49,28,36,24,20,17,23,48,27,362,82,47,29,115,45,303,91,298,100,475,93,178,82,44,30,28,22
1400000US12095016723,12095016723,"Census Tract 167.23, Orange County, Florida",3419,286,19,21,0,19,0,19,0,19,9,13,0,19,33,38,22,23,54,69,10,17,62,52,25,23,26,25,105,84,156,75,674,146,159,87,359,130,524,183,523,180,468,133,166,75,10,15,15,24
1400000US12095016724,12095016724,"Census Tract 167.24, Orange County, Florida",3453,414,14,17,0,19,64,106,8,13,0,19,0,19,0,19,8,12,0,19,0,19,18,20,28,31,30,43,31,50,28,26,1011,363,111,57,285,138,731,279,470,176,439,141,156,72,12,19,9,15
1400000US12095016727,12095016727,"Census Tract 167.27, Orange County, Florida",6420,680,181,158,11,20,0,21,0,21,0,21,103,168,0,21,0,21,0,21,0,21,0,21,71,104,24,37,68,100,162,163,662,315,408,282,221,135,1135,543,930,305,1468,390,723,388,107,108,146,131
1400000US12095016728,12095016728,"Census Tract 167.28, Orange County, Florida",3418,259,55,65,0,19,0,19,0,19,0,19,0,19,0,19,0,19,39,60,0,19,11,18,57,60,4,9,17,28,94,68,741,217,48,35,268,86,519,161,306,123,818,200,372,179,53,64,16,20
1400000US12095016729,12095016729,"Census Tract 167.29, Orange County, Florida",10157,1069,163,144,0,21,0,21,0,21,0,21,0,21,0,21,31,52,0,21,0,21,103,130,211,295,96,104,320,324,45,56,1565,669,531,263,778,282,1854,497,1245,436,2168,558,902,250,66,74,79,80
1400000US12095016730,12095016730,"Census Tract 167.30, Orange County, Florida",19029,1546,62,108,0,28,0,28,0,28,0,28,43,71,0,28,58,96,52,66,0,28,0,28,79,93,115,118,0,28,157,185,3088,804,255,198,843,373,2731,783,2196,747,6231,961,2244,711,442,376,433,233
1400000US12095016731,12095016731,"Census Tract 167.31, Orange County, Florida",4918,1519,38,69,0,19,0,19,5,10,0,19,21,35,0,19,13,21,47,31,50,26,92,48,211,110,326,155,246,179,47,40,936,202,778,577,130,76,710,297,348,117,645,156,217,99,8,12,50,49
1400000US12095016732,12095016732,"Census Tract 167.32, Orange County, Florida",10637,811,240,194,0,21,0,21,0,21,0,21,0,21,0,21,0,21,0,21,0,21,45,75,75,114,36,62,99,119,178,169,1744,458,454,332,546,292,1438,496,1332,456,3220,651,867,366,212,144,151,131
1400000US12095016733,12095016733,"Census Tract 167.33, Orange County, Florida",3870,461,40,46,0,19,0,19,0,19,0,19,0,19,0,19,0,19,0,19,12,24,12,24,104,129,13,22,24,40,204,149,962,271,146,93,198,122,898,292,402,243,526,182,273,160,44,53,12,19
1400000US12095016734,12095016734,"Census Tract 167.34, Orange County, Florida",8180,732,183,188,0,21,0,21,0,21,0,21,0,21,29,49,43,85,315,282,58,91,116,153,220,149,159,149,99,174,262,192,1770,560,210,149,249,133,932,415,1294,431,1246,399,571,262,223,172,201,190
1400000US12095016802,12095016802,"Census Tract 168.02, Orange County, Florida",5153,549,58,70,0,19,0,19,0,19,0,19,0,19,15,23,30,31,9,14,0,19,0,19,58,51,39,49,64,71,17,29,1174,394,67,53,284,149,516,171,503,202,1166,200,801,177,176,85,176,93
1400000US12095016803,12095016803,"Census Tract 168.03, Orange County, Florida",2025,201,46,32,0,13,0,13,0,13,0,13,36,27,7,11,6,9,0,13,8,11,36,28,45,37,17,14,71,42,62,50,473,120,81,46,174,81,279,95,259,93,284,64,121,52,12,12,8,13
1400000US12095016804,12095016804,"Census Tract 168.04, Orange County, Florida",3075,347,50,52,0,13,0,13,0,13,0,13,10,17,9,15,0,13,32,26,11,16,42,36,85,58,71,70,38,32,148,60,969,234,87,54,218,91,461,136,278,88,414,120,97,52,25,21,30,33
1400000US12095016806,12095016806,"Census Tract 168.06, Orange County, Florida",8792,895,80,92,0,21,0,21,0,21,0,21,0,21,0,21,312,311,0,21,143,145,102,107,126,109,102,76,187,292,474,261,2503,676,278,185,698,311,1375,514,865,318,1184,417,236,182,86,133,41,59
1400000US12095016807,12095016807,"Census Tract 168.07, Orange County, Florida",12212,1092,171,151,0,21,0,21,0,21,0,21,119,159,260,285,76,86,75,86,0,21,107,108,185,180,125,104,148,140,434,303,2615,632,275,178,756,268,2425,665,1396,440,2396,775,599,291,50,59,0,21
1400000US12095016902,12095016902,"Census Tract 169.02, Orange County, Florida",3366,343,30,28,0,19,0,19,0,19,20,32,0,19,9,14,69,80,141,114,66,43,34,52,47,40,76,66,64,52,128,93,1026,289,143,82,487,203,576,232,180,84,204,97,61,58,5,9,0,19
1400000US12095016903,12095016903,"Census Tract 169.03, Orange County, Florida",9200,896,242,179,0,21,0,21,0,21,0,21,0,21,0,21,0,21,63,106,111,102,53,64,122,99,446,249,222,159,612,312,2254,537,193,141,301,161,1857,448,774,258,1691,473,220,150,39,65,0,21
1400000US12095016904,12095016904,"Census Tract 169.04, Orange County, Florida",3357,439,91,63,0,13,0,13,0,13,0,13,9,15,43,66,67,68,227,263,68,65,93,107,31,33,79,65,30,31,117,92,1259,264,44,35,147,91,505,190,136,75,346,138,37,28,18,31,10,15
1400000US12095016906,12095016906,"Census Tract 169.06, Orange County, Florida",2672,397,62,70,0,13,0,13,0,13,7,10,5,17,0,13,48,69,16,26,48,46,63,57,53,64,43,44,43,45,46,31,794,215,139,96,28,26,513,195,416,153,220,139,104,101,24,37,0,13
1400000US12095016907,12095016907,"Census Tract 169.07, Orange County, Florida",3556,480,36,51,0,19,0,19,0,19,0,19,0,19,42,68,34,49,67,66,159,185,96,88,158,143,211,154,248,166,106,84,1072,346,142,119,138,100,439,255,351,162,172,108,55,70,15,24,15,23
1400000US12095017001,12095017001,"Census Tract 170.01, Orange County, Florida",2203,278,44,35,0,13,0,13,15,23,0,13,46,74,0,13,0,13,0,13,11,13,21,19,55,58,46,50,24,21,66,37,550,126,52,34,188,76,424,146,274,75,286,100,52,34,26,28,23,23
1400000US12095017004,12095017004,"Census Tract 170.04, Orange County, Florida",3680,456,11,18,0,13,0,13,0,13,0,13,0,13,0,13,35,51,0,13,0,13,14,24,31,34,72,66,9,20,76,63,858,296,21,24,263,118,577,197,518,194,997,240,192,127,0,13,6,13
1400000US12095017006,12095017006,"Census Tract 170.06, Orange County, Florida",2724,315,58,54,0,13,0,13,0,13,0,13,0,13,0,13,36,46,0,13,0,13,22,26,8,13,44,53,0,13,69,58,497,168,58,45,195,100,387,155,218,100,808,188,285,129,22,27,17,18
1400000US12095017008,12095017008,"Census Tract 170.08, Orange County, Florida",6423,554,135,101,0,19,0,19,0,19,0,19,0,19,22,33,0,19,161,142,87,74,0,19,106,90,33,52,110,95,310,157,1599,359,144,80,511,197,1092,379,882,221,991,397,175,104,44,38,21,34
1400000US12095017011,12095017011,"Census Tract 170.11, Orange County, Florida",3521,302,24,22,6,9,0,19,0,19,0,19,10,17,11,16,12,14,89,72,14,21,27,22,26,22,82,58,55,52,76,53,825,216,28,22,299,109,459,146,767,200,537,158,143,61,31,29,0,19
1400000US12095017012,12095017012,"Census Tract 170.12, Orange County, Florida",2169,186,58,44,0,13,0,13,0,13,0,13,0,13,28,31,0,13,0,13,10,13,28,26,9,14,27,26,25,27,70,50,400,145,26,24,112,42,408,140,327,111,505,119,105,48,13,14,18,18
1400000US12095017013,12095017013,"Census Tract 170.13, Orange County, Florida",4965,629,72,61,0,19,0,19,45,51,0,19,0,19,0,19,11,21,220,280,38,37,54,79,78,111,138,129,102,71,153,91,1198,300,263,148,268,154,734,297,526,252,754,268,282,179,29,40,0,19
1400000US12095017014,12095017014,"Census Tract 170.14, Orange County, Florida",8122,788,95,128,0,21,0,21,0,21,0,21,0,21,0,21,0,21,7,17,32,47,29,38,9,21,98,107,228,216,67,75,1322,499,210,143,835,347,1358,466,445,209,2129,560,835,307,212,179,211,241
1400000US12095017015,12095017015,"Census Tract 170.15, Orange County, Florida",5118,334,23,34,0,19,0,19,0,19,0,19,0,19,0,19,0,19,0,19,0,19,76,70,0,19,25,29,0,19,126,88,770,319,65,69,274,144,816,217,376,168,1637,365,709,225,110,74,111,123
1400000US12095017016,12095017016,"Census Tract 170.16, Orange County, Florida",7760,829,57,39,0,21,0,21,0,21,0,21,0,21,15,24,0,21,0,21,0,21,0,21,0,21,103,94,167,128,172,137,1890,432,253,121,476,202,933,330,520,163,2325,842,514,198,295,194,40,38
1400000US12095017017,12095017017,"Census Tract 170.17, Orange County, Florida",4784,1103,55,59,17,27,0,19,0,19,0,19,27,30,0,19,13,30,14,22,0,19,13,30,27,37,40,64,133,126,51,72,1146,468,95,108,176,100,794,292,342,148,1476,509,311,131,40,37,14,22
1400000US12095017103,12095017103,"Census Tract 171.03, Orange County, Florida",10579,803,203,139,0,21,0,21,0,21,0,21,0,21,0,21,0,21,0,21,35,56,0,21,160,139,163,120,118,100,92,90,1677,439,178,104,439,233,1003,303,1647,381,4215,639,553,170,28,45,68,65
1400000US12095017104,12095017104,"Census Tract 171.04, Orange County, Florida",15747,1150,293,179,0,25,0,25,0,25,0,25,0,25,0,25,261,249,0,25,0,25,0,25,0,25,74,118,38,57,527,298,3103,874,61,83,478,262,1892,469,1334,418,4770,729,2104,486,711,342,101,88
1400000US12095017105,12095017105,"Census Tract 171.05, Orange County, Florida",9648,556,113,98,0,21,0,21,0,21,0,21,0,21,0,21,57,85,0,21,0,21,0,21,34,44,0,21,0,21,53,56,972,343,144,129,403,149,923,302,750,287,4076,604,1064,323,740,329,319,187
1400000US12095017107,12095017107,"Census Tract 171.07, Orange County, Florida",5185,522,66,70,0,19,0,19,0,19,0,19,0,19,0,19,0,19,0,19,0,19,0,19,19,31,14,23,58,71,13,23,704,264,23,31,203,126,467,254,405,171,1678,351,782,269,548,278,205,119
1400000US12095017108,12095017108,"Census Tract 171.08, Orange County, Florida",5498,452,199,178,0,19,0,19,6,14,0,19,0,19,0,19,0,19,0,19,58,92,0,19,0,19,15,25,19,31,123,119,637,211,110,111,311,151,608,186,439,225,1865,362,526,172,474,198,108,93
1400000US12095017109,12095017109,"Census Tract 171.09, Orange County, Florida",4368,356,16,26,0,19,0,19,0,19,0,19,0,19,0,19,0,19,0,19,20,32,0,19,0,19,96,91,37,40,82,69,442,182,82,89,192,103,631,234,340,148,1520,304,607,196,250,91,53,49
1400000US12095017200,12095017200,"Census Tract 172, Orange County, Florida",2536,259,9,13,0,13,0,13,0,13,0,13,39,41,15,16,13,29,27,28,7,16,29,31,15,17,79,40,47,34,7,11,668,140,81,44,29,25,518,103,311,84,444,98,172,75,22,19,4,7
1400000US12095017300,12095017300,"Census Tract 173, Orange County, Florida",6755,719,102,105,0,21,0,21,0,21,10,17,13,20,60,96,12,20,245,321,87,102,0,21,291,232,136,132,136,107,41,41,1806,410,304,187,363,146,884,235,881,347,998,235,293,152,70,87,23,39
1400000US12095017400,12095017400,"Census Tract 174, Orange County, Florida",7436,656,119,75,0,21,0,21,0,21,0,21,95,103,85,81,63,85,26,43,11,17,198,228,154,98,102,73,77,68,74,63,1514,351,423,195,576,217,873,269,792,267,1664,337,516,157,30,33,44,56
1400000US12095017501,12095017501,"Census Tract 175.01, Orange County, Florida",6240,602,188,123,0,19,0,19,0,19,42,61,0,19,31,54,0,19,59,64,74,85,33,36,40,40,53,67,198,106,223,162,1498,336,229,111,312,188,618,193,672,211,987,269,787,224,88,78,108,110
1400000US12095017503,12095017503,"Census Tract 175.03, Orange County, Florida",3498,383,109,104,0,19,0,19,15,24,0,19,46,73,0,19,105,167,157,140,0,19,8,13,145,114,67,62,137,149,51,47,858,219,218,122,375,176,279,159,309,157,408,155,148,80,16,26,47,54
1400000US12095017504,12095017504,"Census Tract 175.04, Orange County, Florida",6260,668,124,89,0,19,0,19,0,19,3,14,60,75,0,19,0,19,24,37,68,76,7,14,163,114,80,69,157,120,383,390,2035,406,395,197,447,164,761,250,582,197,675,219,296,144,0,19,0,19
1400000US12095017600,12095017600,"Census Tract 176, Orange County, Florida",2985,458,73,74,0,13,0,13,0,13,0,13,27,49,0,13,9,13,74,50,88,58,95,81,54,41,252,138,80,59,72,57,1059,230,211,104,262,152,249,90,212,82,116,65,45,71,0,13,7,11
1400000US12095017701,12095017701,"Census Tract 177.01, Orange County, Florida",3642,369,92,86,0,19,10,15,0,19,0,19,0,19,57,88,0,19,39,31,0,19,74,51,64,72,34,30,113,101,94,45,827,226,166,98,281,119,490,130,330,88,592,161,339,139,27,31,13,21
1400000US12095017702,12095017702,"Census Tract 177.02, Orange County, Florida",1612,109,0,13,0,13,0,13,0,13,0,13,0,13,0,13,0,13,8,12,0,13,17,27,5,9,40,39,22,26,32,28,423,98,78,44,100,42,256,99,153,64,283,82,140,70,55,27,0,13
1400000US12095017703,12095017703,"Census Tract 177.03, Orange County, Florida",3024,368,72,57,0,13,0,13,15,27,0,13,0,13,14,19,47,42,84,53,54,50,45,52,126,86,86,82,222,151,99,63,724,175,103,95,235,105,445,158,244,99,304,132,93,62,12,20,0,13
1400000US12095017802,12095017802,"Census Tract 178.02, Orange County, Florida",10799,993,155,166,0,21,0,21,74,82,0,21,0,21,0,21,100,138,270,239,21,35,93,126,96,127,0,21,141,136,124,131,2571,686,87,100,862,345,1891,462,934,330,2192,505,1002,330,91,107,95,112
1400000US12095017804,12095017804,"Census Tract 178.04, Orange County, Florida",6354,456,87,71,22,39,0,19,0,19,0,19,56,79,5,13,12,21,41,51,43,50,73,88,108,100,279,171,127,108,127,105,1480,441,251,143,232,125,847,195,636,218,1199,330,612,208,78,53,39,57
1400000US12095017805,12095017805,"Census Tract 178.05, Orange County, Florida",1942,164,8,13,0,13,0,13,0,13,0,13,23,25,0,13,0,13,28,44,23,26,0,13,6,8,55,54,19,22,34,31,515,145,31,25,140,69,204,67,263,98,468,131,119,52,6,10,0,13
1400000US12095017806,12095017806,"Census Tract 178.06, Orange County, Florida",3525,215,51,48,0,13,0,13,0,13,0,13,0,13,0,13,0,13,13,14,20,29,10,15,17,18,45,31,42,37,55,39,866,188,204,103,345,124,503,146,362,91,633,165,238,85,77,58,44,32
1400000US12095017807,12095017807,"Census Tract 178.07, Orange County, Florida",2268,245,89,68,0,13,0,13,0,13,0,13,7,10,0,13,6,9,70,74,0,13,17,23,29,46,82,65,31,30,65,43,717,200,118,91,188,115,289,100,321,116,141,67,98,69,0,13,0,13
1400000US12095017808,12095017808,"Census Tract 178.08, Orange County, Florida",2923,215,13,16,0,13,0,13,0,13,0,13,0,13,0,13,0,13,23,31,0,13,48,52,10,15,24,28,0,13,84,74,611,129,83,58,232,73,419,109,349,103,698,161,222,72,77,52,30,28
1400000US12095017901,12095017901,"Census Tract 179.01, Orange County, Florida",2315,293,64,60,0,13,0,13,0,13,0,13,0,13,0,13,66,77,88,113,39,42,42,57,73,66,127,86,0,13,50,51,486,150,21,22,115,63,328,98,117,54,451,118,179,77,16,19,53,41
1400000US12095017902,12095017902,"Census Tract 179.02, Orange County, Florida",5045,630,237,223,0,19,0,19,0,19,0,19,0,19,9,20,0,19,26,41,60,77,60,79,129,104,75,77,153,87,14,25,1411,322,203,97,550,210,592,149,516,319,649,169,273,116,13,21,75,59
1400000US12095018000,12095018000,"Census Tract 180, Orange County, Florida",2003,227,14,15,0,13,0,13,8,12,0,13,5,10,0,13,21,24,5,11,30,25,25,23,49,41,64,52,28,20,42,24,667,127,60,34,60,32,238,86,137,52,415,117,98,61,35,24,2,4
1400000US12095018100,12095018100,"Census Tract 181, Orange County, Florida",2226,243,28,31,0,13,0,13,0,13,0,13,0,13,0,13,0,13,0,13,19,22,139,101,54,50,22,25,12,16,29,22,544,144,54,37,127,63,419,134,244,100,351,91,160,82,7,10,17,19
1400000US12095018200,12095018200,"Census Tract 182, Orange County, Florida",7362,489,74,63,0,21,0,21,10,22,0,21,7,14,20,26,35,39,0,21,0,21,10,18,29,48,58,61,87,91,27,40,1129,325,77,69,256,122,757,239,507,228,2434,448,1162,306,480,171,203,120
1400000US12095018300,12095018300,"Census Tract 183, Orange County, Florida",2083,477,120,87,0,13,0,13,15,27,0,13,0,13,0,13,14,23,0,13,33,34,106,81,15,17,43,37,44,42,94,68,705,239,141,109,200,205,226,136,80,50,158,98,89,62,0,13,0,13
1400000US12095018400,12095018400,"Census Tract 184, Orange County, Florida",1709,165,35,34,0,13,0,13,0,13,0,13,0,13,12,18,23,28,37,30,11,16,0,13,5,8,6,9,15,22,56,41,308,90,76,51,161,86,212,94,166,89,467,103,97,56,22,23,0,13
1400000US12095018500,12095018500,"Census Tract 185, Orange County, Florida",2835,339,10,12,0,13,0,13,0,13,0,13,0,13,0,13,10,14,7,12,10,12,119,70,155,84,182,82,140,107,71,44,892,223,100,70,148,93,282,109,183,90,381,121,111,74,28,37,6,10
1400000US12095018700,12095018700,"Census Tract 187, Orange County, Florida",3121,291,92,86,0,19,0,19,0,19,0,19,0,19,0,19,39,35,35,37,64,54,52,49,52,50,94,80,148,98,67,64,925,212,134,85,219,104,434,157,201,96,320,96,158,76,71,49,16,24
1400000US12095018800,12095018800,"Census Tract 188, Orange County, Florida",2573,273,0,13,0,13,0,13,0,13,0,13,0,13,0,13,2,4,5,12,9,14,0,13,2,4,7,10,30,33,6,10,332,135,62,58,130,74,267,87,232,92,852,187,484,155,124,69,29,28
1400000US12095018900,12095018900,"Census Tract 189, Orange County, Florida",5549,561,73,54,0,19,0,19,11,18,0,19,0,19,0,19,42,60,12,19,13,18,50,49,60,51,94,87,189,99,98,70,1060,306,308,135,130,83,627,214,372,160,1734,360,398,131,249,127,29,29
1400000US12095990000,12095990000,"Census Tract 9900, Orange County, Florida",0,13,0,13,0,13,0,13,0,13,0,13,0,13,0,13,0,13,0,13,0,13,0,13,0,13,0,13,0,13,0,13,0,13,0,13,0,13,0,13,0,13,0,13,0,13,0,13,0,13
