GEO.id,GEO.id2,GEO.display-label,HD01_VD01,HD02_VD01,HD01_VD02,HD02_VD02,HD01_VD03,HD02_VD03,HD01_VD04,HD02_VD04,HD01_VD05,HD02_VD05,HD01_VD06,HD02_VD06,HD01_VD07,HD02_VD07,HD01_VD08,HD02_VD08,HD01_VD09,HD02_VD09,HD01_VD10,HD02_VD10,HD01_VD11,HD02_VD11,HD01_VD12,HD02_VD12,HD01_VD13,HD02_VD13,HD01_VD14,HD02_VD14,HD01_VD15,HD02_VD15,HD01_VD16,HD02_VD16,HD01_VD17,HD02_VD17,HD01_VD18,HD02_VD18,HD01_VD19,HD02_VD19,HD01_VD20,HD02_VD20,HD01_VD21,HD02_VD21,HD01_VD22,HD02_VD22,HD01_VD23,HD02_VD23,HD01_VD24,HD02_VD24,HD01_VD25,HD02_VD25
Id,Id2,Geography,Estimate; Total:,Margin of Error; Total:,Estimate; Total: - No schooling completed,Margin of Error; Total: - No schooling completed,Estimate; Total: - Nursery school,Margin of Error; Total: - Nursery school,Estimate; Total: - Kindergarten,Margin of Error; Total: - Kindergarten,Estimate; Total: - 1st grade,Margin of Error; Total: - 1st grade,Estimate; Total: - 2nd grade,Margin of Error; Total: - 2nd grade,Estimate; Total: - 3rd grade,Margin of Error; Total: - 3rd grade,Estimate; Total: - 4th grade,Margin of Error; Total: - 4th grade,Estimate; Total: - 5th grade,Margin of Error; Total: - 5th grade,Estimate; Total: - 6th grade,Margin of Error; Total: - 6th grade,Estimate; Total: - 7th grade,Margin of Error; Total: - 7th grade,Estimate; Total: - 8th grade,Margin of Error; Total: - 8th grade,Estimate; Total: - 9th grade,Margin of Error; Total: - 9th grade,Estimate; Total: - 10th grade,Margin of Error; Total: - 10th grade,Estimate; Total: - 11th grade,Margin of Error; Total: - 11th grade,"Estimate; Total: - 12th grade, no diploma","Margin of Error; Total: - 12th grade, no diploma",Estimate; Total: - Regular high school diploma,Margin of Error; Total: - Regular high school diploma,Estimate; Total: - GED or alternative credential,Margin of Error; Total: - GED or alternative credential,"Estimate; Total: - Some college, less than 1 year","Margin of Error; Total: - Some college, less than 1 year","Estimate; Total: - Some college, 1 or more years, no degree","Margin of Error; Total: - Some college, 1 or more years, no degree",Estimate; Total: - Associate's degree,Margin of Error; Total: - Associate's degree,Estimate; Total: - Bachelor's degree,Margin of Error; Total: - Bachelor's degree,Estimate; Total: - Master's degree,Margin of Error; Total: - Master's degree,Estimate; Total: - Professional school degree,Margin of Error; Total: - Professional school degree,Estimate; Total: - Doctorate degree,Margin of Error; Total: - Doctorate degree
1400000US25025000100,25025000100,"Census Tract 1, Suffolk County, Massachusetts",2742,305,76,60,0,12,0,12,0,12,0,12,9,13,0,12,11,18,0,12,0,12,184,127,3,7,32,48,39,32,71,56,691,216,103,77,38,35,209,113,63,64,887,212,260,103,31,23,35,28
1400000US25025000201,25025000201,"Census Tract 2.01, Suffolk County, Massachusetts",2445,287,19,28,0,12,0,12,0,12,5,11,25,38,0,12,30,30,17,27,0,12,4,8,0,12,29,25,4,9,36,36,331,116,73,67,52,36,218,86,79,50,925,223,457,148,59,34,82,46
1400000US25025000202,25025000202,"Census Tract 2.02, Suffolk County, Massachusetts",2496,265,61,52,0,12,0,12,0,12,0,12,9,16,0,12,41,37,7,13,0,12,0,12,25,40,20,23,54,45,45,34,386,121,34,30,128,86,365,130,87,62,791,181,279,84,41,46,123,83
1400000US25025000301,25025000301,"Census Tract 3.01, Suffolk County, Massachusetts",1847,243,11,14,0,12,0,12,0,12,0,12,0,12,6,11,24,37,13,19,0,12,0,12,34,29,4,8,3,9,64,36,334,100,63,56,24,23,79,45,82,52,706,212,289,105,91,67,20,33
1400000US25025000302,25025000302,"Census Tract 3.02, Suffolk County, Massachusetts",2190,274,10,16,0,12,0,12,0,12,0,12,11,16,0,12,27,41,0,12,0,12,0,12,0,12,11,17,43,53,75,70,281,116,24,21,105,71,141,66,64,43,817,239,331,92,76,70,174,92
1400000US25025000401,25025000401,"Census Tract 4.01, Suffolk County, Massachusetts",3710,446,66,57,0,17,0,17,15,24,0,17,0,17,35,41,97,97,33,32,0,17,128,88,38,60,99,76,0,17,123,83,310,159,85,98,89,58,242,91,74,53,1253,279,574,168,196,92,253,155
1400000US25025000402,25025000402,"Census Tract 4.02, Suffolk County, Massachusetts",2152,270,0,12,0,12,0,12,0,12,0,12,0,12,0,12,0,12,12,20,0,12,3,8,8,15,6,11,14,19,10,18,324,123,34,45,120,73,202,98,78,64,797,193,343,120,47,32,154,80
1400000US25025000502,25025000502,"Census Tract 5.02, Suffolk County, Massachusetts",2248,265,42,40,0,17,0,17,0,17,0,17,2,4,0,17,0,17,0,17,32,50,8,14,0,17,9,14,42,51,21,25,103,66,18,19,75,48,156,95,75,47,826,159,514,143,171,86,154,52
1400000US25025000503,25025000503,"Census Tract 5.03, Suffolk County, Massachusetts",1372,201,7,11,0,12,0,12,0,12,0,12,0,12,0,12,0,12,0,12,0,12,0,12,0,12,0,12,8,12,0,12,123,81,16,24,27,27,153,73,36,33,481,158,383,97,60,35,78,44
1400000US25025000504,25025000504,"Census Tract 5.04, Suffolk County, Massachusetts",3146,394,38,39,0,12,0,12,0,12,0,12,0,12,0,12,0,12,28,44,25,28,29,46,0,12,4,8,8,8,38,43,326,145,35,31,97,92,201,174,116,81,1129,297,604,190,155,116,313,136
1400000US25025000601,25025000601,"Census Tract 6.01, Suffolk County, Massachusetts",2177,274,94,54,0,12,0,12,0,12,0,12,0,12,22,35,0,12,0,12,0,12,14,19,0,12,14,13,20,17,37,28,371,114,19,36,53,27,172,75,78,43,794,162,275,88,98,53,116,64
1400000US25025000602,25025000602,"Census Tract 6.02, Suffolk County, Massachusetts",2099,274,94,65,0,12,0,12,0,12,0,12,13,20,0,12,10,16,21,33,0,12,39,52,8,12,0,12,99,80,61,62,268,102,62,38,75,66,232,100,65,64,567,154,345,126,70,36,70,43
1400000US25025000701,25025000701,"Census Tract 7.01, Suffolk County, Massachusetts",2724,497,0,12,0,12,0,12,0,12,0,12,1,3,8,17,51,81,62,71,0,12,2,4,0,12,18,22,15,22,29,32,223,105,0,12,67,52,191,111,87,58,1073,308,598,248,176,118,123,81
1400000US25025000703,25025000703,"Census Tract 7.03, Suffolk County, Massachusetts",860,152,0,12,0,12,0,12,0,12,0,12,0,12,0,12,0,12,0,12,0,12,2,5,0,12,0,12,36,57,0,12,90,46,13,19,7,12,50,31,20,32,320,89,219,72,78,40,25,22
1400000US25025000704,25025000704,"Census Tract 7.04, Suffolk County, Massachusetts",2783,410,0,12,0,12,0,12,0,12,0,12,0,12,0,12,0,12,0,12,0,12,12,36,0,12,0,12,5,15,85,63,154,92,70,80,114,99,289,165,109,80,1375,278,235,99,169,119,166,90
1400000US25025000802,25025000802,"Census Tract 8.02, Suffolk County, Massachusetts",4192,553,64,66,0,17,0,17,0,17,21,34,24,42,0,17,26,31,130,142,25,41,47,38,79,76,22,26,65,60,104,86,795,310,67,62,275,121,287,145,107,75,1097,278,749,204,172,113,36,35
1400000US25025000803,25025000803,"Census Tract 8.03, Suffolk County, Massachusetts",1785,388,43,40,0,17,0,17,0,17,0,17,0,17,0,17,2,5,3,8,2,7,8,12,0,17,20,23,9,21,3,10,70,37,15,24,17,13,16,18,32,25,954,273,406,137,157,127,28,23
1400000US25025010103,25025010103,"Census Tract 101.03, Suffolk County, Massachusetts",493,84,0,12,0,12,0,12,0,12,0,12,0,12,0,12,0,12,0,12,0,12,4,7,0,12,0,12,0,12,3,7,6,8,0,12,0,12,44,31,6,9,166,56,195,73,31,33,38,30
1400000US25025010104,25025010104,"Census Tract 101.04, Suffolk County, Massachusetts",2336,238,17,27,0,12,0,12,0,12,0,12,16,37,0,12,0,12,0,12,0,12,0,12,0,12,16,36,16,35,12,18,199,133,70,64,15,24,118,75,54,32,754,160,573,131,241,81,235,98
1400000US25025010203,25025010203,"Census Tract 102.03, Suffolk County, Massachusetts",2934,421,16,24,0,12,0,12,0,12,0,12,14,23,1,2,3,7,6,13,14,23,55,74,7,13,15,24,0,12,49,82,121,93,46,35,58,45,281,176,46,42,956,259,509,209,464,162,273,117
1400000US25025010204,25025010204,"Census Tract 102.04, Suffolk County, Massachusetts",1006,211,0,12,0,12,0,12,0,12,0,12,0,12,0,12,0,12,0,12,0,12,0,12,0,12,0,12,0,12,0,12,8,13,27,37,7,18,48,41,20,21,374,133,282,114,121,81,119,62
1400000US25025010300,25025010300,"Census Tract 103, Suffolk County, Massachusetts",592,107,12,11,0,17,0,17,0,17,0,17,0,17,7,9,0,17,5,7,0,17,9,11,0,17,0,17,0,17,5,7,69,26,14,21,0,17,61,30,0,17,176,66,89,48,83,76,62,37
1400000US25025010403,25025010403,"Census Tract 104.03, Suffolk County, Massachusetts",2112,359,35,41,0,12,0,12,0,12,0,12,0,12,0,12,0,12,36,49,0,12,0,12,24,32,0,12,0,12,0,12,200,115,88,92,36,36,169,125,119,91,573,233,320,125,291,105,221,129
1400000US25025010404,25025010404,"Census Tract 104.04, Suffolk County, Massachusetts",1135,280,0,17,0,17,0,17,0,17,0,17,0,17,0,17,0,17,5,9,0,17,24,34,0,17,8,12,4,7,0,17,53,43,30,37,20,20,128,92,71,79,311,107,327,102,47,39,107,48
1400000US25025010405,25025010405,"Census Tract 104.05, Suffolk County, Massachusetts",1141,141,15,25,0,17,0,17,0,17,0,17,17,27,20,23,0,17,3,5,0,17,20,27,15,23,21,19,17,13,29,40,113,60,41,29,47,29,148,66,48,43,338,87,144,45,32,27,73,63
1400000US25025010408,25025010408,"Census Tract 104.08, Suffolk County, Massachusetts",1182,118,22,33,0,12,0,12,0,12,0,12,0,12,0,12,0,12,0,12,9,13,31,45,0,12,0,12,0,12,6,9,19,17,0,12,11,12,90,59,22,17,483,111,209,66,122,97,158,71
1400000US25025010500,25025010500,"Census Tract 105, Suffolk County, Massachusetts",1981,218,7,12,0,12,0,12,0,12,0,12,0,12,10,16,0,12,8,12,17,24,7,12,0,12,28,46,1,6,85,59,184,94,11,15,7,12,71,59,68,44,694,165,501,137,132,85,150,86
1400000US25025010600,25025010600,"Census Tract 106, Suffolk County, Massachusetts",2714,215,9,14,0,12,0,12,0,12,0,12,0,12,0,12,0,12,0,12,0,12,0,12,64,65,0,12,0,12,0,12,176,86,22,26,51,54,102,73,95,61,907,164,586,116,539,165,163,79
1400000US25025010701,25025010701,"Census Tract 107.01, Suffolk County, Massachusetts",2074,223,0,12,0,12,0,12,0,12,0,12,0,12,0,12,0,12,0,12,0,12,11,15,0,12,0,12,0,12,0,12,34,37,4,8,3,7,59,48,66,55,839,164,651,141,270,94,137,77
1400000US25025010702,25025010702,"Census Tract 107.02, Suffolk County, Massachusetts",2047,224,9,14,0,12,0,12,0,12,0,12,0,12,0,12,0,12,0,12,0,12,0,12,0,12,18,27,0,12,15,22,34,29,34,36,19,19,75,38,68,47,934,164,446,115,226,125,169,94
1400000US25025010801,25025010801,"Census Tract 108.01, Suffolk County, Massachusetts",2422,217,0,12,0,12,0,12,0,12,0,12,0,12,0,12,0,12,0,12,0,12,22,32,0,12,0,12,2,4,12,13,33,35,0,12,24,27,90,60,39,30,936,192,746,172,338,115,180,68
1400000US25025010802,25025010802,"Census Tract 108.02, Suffolk County, Massachusetts",2361,311,0,12,0,12,0,12,0,12,0,12,0,12,0,12,0,12,0,12,0,12,0,12,0,12,0,12,0,12,0,12,54,40,27,29,26,27,95,41,44,36,944,222,646,151,381,115,144,60
1400000US25025020101,25025020101,"Census Tract 201.01, Suffolk County, Massachusetts",3617,304,0,12,0,12,0,12,0,12,0,12,0,12,0,12,0,12,0,12,0,12,0,12,0,12,0,12,0,12,0,12,75,71,0,12,36,40,108,106,124,94,1615,334,806,213,640,203,213,98
1400000US25025020200,25025020200,"Census Tract 202, Suffolk County, Massachusetts",2976,330,11,17,0,12,0,12,0,12,0,12,0,12,0,12,39,54,0,12,40,62,0,12,0,12,16,27,22,36,0,12,46,40,0,12,15,23,149,82,47,53,1326,272,743,158,310,118,212,96
1400000US25025020301,25025020301,"Census Tract 203.01, Suffolk County, Massachusetts",1937,250,0,12,0,12,0,12,0,12,0,12,0,12,29,45,0,12,0,12,0,12,0,12,8,12,9,15,0,12,16,18,114,76,0,12,23,23,70,40,63,40,558,181,396,124,480,155,171,82
1400000US25025020302,25025020302,"Census Tract 203.02, Suffolk County, Massachusetts",716,108,0,12,0,12,0,12,0,12,0,12,0,12,0,12,0,12,0,12,0,12,0,12,0,12,0,12,0,12,6,9,6,9,0,12,0,12,8,13,15,15,366,98,185,70,87,37,43,27
1400000US25025020303,25025020303,"Census Tract 203.03, Suffolk County, Massachusetts",2743,310,0,12,0,12,0,12,0,12,0,12,0,12,0,12,0,12,0,12,15,27,7,12,39,17,53,35,40,41,7,12,170,86,113,76,35,47,289,159,58,56,805,161,623,164,294,102,195,78
1400000US25025030100,25025030100,"Census Tract 301, Suffolk County, Massachusetts",1842,198,0,12,0,12,0,12,0,12,0,12,0,12,0,12,30,41,0,12,0,12,12,18,9,14,0,12,0,12,22,23,106,52,17,19,31,27,76,59,21,23,1048,222,286,90,148,81,36,28
1400000US25025030200,25025030200,"Census Tract 302, Suffolk County, Massachusetts",1341,186,8,13,0,12,0,12,0,12,0,12,0,12,13,22,0,12,19,20,0,12,16,18,32,41,0,12,0,12,0,12,124,84,22,19,51,53,62,38,9,13,700,142,225,61,32,28,28,27
1400000US25025030300,25025030300,"Census Tract 303, Suffolk County, Massachusetts",4530,467,0,17,0,17,0,17,0,17,0,17,12,26,19,27,6,13,11,25,55,69,40,47,77,55,72,61,176,168,72,46,147,113,110,73,229,116,436,150,123,84,1312,233,990,194,394,159,249,120
1400000US25025030400,25025030400,"Census Tract 304, Suffolk County, Massachusetts",2192,257,16,17,0,12,0,12,0,12,0,12,48,58,16,26,0,12,6,10,7,11,22,28,27,33,0,12,2,4,46,42,161,61,0,12,54,45,154,86,49,39,1081,224,360,91,92,55,51,32
1400000US25025030500,25025030500,"Census Tract 305, Suffolk County, Massachusetts",2124,182,1,2,0,12,0,12,0,12,0,12,19,21,13,19,15,23,0,12,0,12,0,12,0,12,0,12,0,12,11,17,66,39,9,14,10,14,90,51,23,22,1093,159,514,126,200,85,60,40
1400000US25025040100,25025040100,"Census Tract 401, Suffolk County, Massachusetts",1969,213,0,12,0,12,0,12,0,12,8,12,0,12,0,12,0,12,0,12,7,11,0,12,23,25,19,17,0,12,0,12,125,60,25,30,38,22,126,82,18,21,984,175,355,88,162,67,79,55
1400000US25025040200,25025040200,"Census Tract 402, Suffolk County, Massachusetts",1092,119,36,25,0,12,0,12,0,12,0,12,10,16,0,12,11,16,0,12,0,12,5,7,20,26,19,23,35,39,31,28,250,91,37,27,44,27,136,47,21,14,264,74,96,31,41,29,36,22
1400000US25025040300,25025040300,"Census Tract 403, Suffolk County, Massachusetts",3189,255,16,25,0,12,0,12,0,12,0,12,38,61,0,12,0,12,0,12,30,47,14,21,51,60,61,64,29,27,25,27,361,172,95,98,51,36,171,139,16,18,1210,215,639,146,319,104,63,39
1400000US25025040401,25025040401,"Census Tract 404.01, Suffolk County, Massachusetts",1855,170,37,55,0,12,0,12,0,12,0,12,25,33,0,12,15,24,0,12,0,12,30,35,53,44,23,31,13,20,0,12,489,123,21,22,36,48,170,82,39,36,499,115,213,90,140,75,52,37
1400000US25025040600,25025040600,"Census Tract 406, Suffolk County, Massachusetts",2312,255,26,25,0,12,0,12,0,12,0,12,2,4,0,12,0,12,0,12,12,18,0,12,1,3,1,8,14,17,37,36,184,72,17,18,80,41,123,56,141,71,899,234,596,111,121,60,58,39
1400000US25025040801,25025040801,"Census Tract 408.01, Suffolk County, Massachusetts",3072,238,72,51,0,12,0,12,0,12,0,12,34,53,24,23,26,41,126,115,30,45,58,55,39,32,0,12,18,25,9,14,505,157,38,40,93,63,312,126,147,76,551,157,707,174,154,72,129,73
1400000US25025050101,25025050101,"Census Tract 501.01, Suffolk County, Massachusetts",3556,313,254,122,0,17,0,17,94,90,59,58,126,109,52,59,34,34,122,109,53,39,66,59,143,88,146,128,84,50,106,71,892,246,44,41,116,61,309,155,93,64,480,153,162,69,54,39,67,56
1400000US25025050200,25025050200,"Census Tract 502, Suffolk County, Massachusetts",4159,417,232,119,0,17,16,27,55,58,46,53,141,107,209,125,101,72,193,120,59,56,68,78,260,197,57,50,77,49,8,12,1331,272,30,29,106,57,394,151,106,67,543,201,89,62,29,44,9,14
1400000US25025050300,25025050300,"Census Tract 503, Suffolk County, Massachusetts",1445,153,128,50,0,12,16,16,18,27,11,9,38,27,44,34,22,33,5,8,35,34,59,35,131,97,45,46,44,46,36,21,275,81,57,34,116,54,131,62,61,32,88,42,54,31,18,16,13,21
1400000US25025050400,25025050400,"Census Tract 504, Suffolk County, Massachusetts",1877,235,30,28,0,12,15,22,0,12,3,6,4,7,53,59,90,64,29,26,39,33,73,68,112,52,24,28,31,34,10,13,453,138,78,69,37,25,172,85,71,35,344,109,125,55,39,34,45,27
1400000US25025050500,25025050500,"Census Tract 505, Suffolk County, Massachusetts",1548,157,52,33,0,12,9,13,25,28,11,17,33,28,0,12,45,36,65,41,21,25,54,31,166,82,31,30,13,14,31,42,494,110,27,25,20,23,145,74,55,37,108,48,116,58,6,10,21,18
1400000US25025050600,25025050600,"Census Tract 506, Suffolk County, Massachusetts",1637,208,120,53,7,10,14,22,34,36,49,46,31,36,58,42,67,45,13,26,41,40,95,67,120,64,0,12,44,31,0,12,420,155,6,9,30,27,217,104,28,38,152,68,53,29,20,31,18,16
1400000US25025050700,25025050700,"Census Tract 507, Suffolk County, Massachusetts",3572,337,341,166,0,17,0,17,37,35,174,88,140,84,130,116,167,117,102,75,87,64,96,85,125,73,40,39,45,45,76,78,930,186,36,31,49,42,308,136,65,50,429,125,182,84,13,20,0,17
1400000US25025050901,25025050901,"Census Tract 509.01, Suffolk County, Massachusetts",3250,364,379,148,0,12,0,12,0,12,60,66,75,77,75,109,45,53,184,92,101,77,157,86,106,58,0,12,11,18,63,57,989,219,86,63,102,60,350,121,47,37,249,90,149,91,0,12,22,23
1400000US25025051000,25025051000,"Census Tract 510, Suffolk County, Massachusetts",3194,260,105,49,0,12,0,12,0,12,33,51,13,20,12,20,7,10,100,81,64,52,73,54,101,70,41,38,39,41,51,37,1171,211,89,54,97,55,445,163,162,75,415,142,169,94,6,9,1,3
1400000US25025051101,25025051101,"Census Tract 511.01, Suffolk County, Massachusetts",4790,448,99,89,0,17,0,17,19,32,107,103,32,40,52,82,218,177,130,99,44,68,19,26,28,44,52,53,62,70,129,99,1657,385,43,37,235,121,337,146,237,146,828,250,358,154,84,80,20,33
1400000US25025051200,25025051200,"Census Tract 512, Suffolk County, Massachusetts",2060,203,73,60,0,12,0,12,0,12,43,22,22,33,0,12,53,50,51,54,41,57,28,34,25,40,43,51,26,21,8,13,459,135,116,84,32,34,240,113,173,74,364,115,172,71,71,55,20,22
1400000US25025060101,25025060101,"Census Tract 601.01, Suffolk County, Massachusetts",3101,266,14,21,0,12,0,12,0,12,0,12,0,12,0,12,10,16,0,12,3,7,33,32,0,12,15,19,57,38,15,27,364,109,44,38,83,56,257,97,216,88,1453,216,436,112,90,48,11,17
1400000US25025060200,25025060200,"Census Tract 602, Suffolk County, Massachusetts",2000,214,37,51,0,12,0,12,0,12,0,12,0,12,0,12,7,12,0,12,17,24,0,12,0,12,36,27,12,13,72,64,329,135,7,25,46,34,159,66,105,51,840,200,259,65,64,32,10,11
1400000US25025060301,25025060301,"Census Tract 603.01, Suffolk County, Massachusetts",2780,300,0,12,0,12,0,12,0,12,0,12,9,14,0,12,0,12,0,12,0,12,60,41,9,14,129,84,38,41,37,40,767,151,34,28,29,25,132,76,58,43,1013,234,389,129,51,33,25,28
1400000US25025060400,25025060400,"Census Tract 604, Suffolk County, Massachusetts",4717,520,0,17,0,17,0,17,0,17,0,17,0,17,0,17,0,17,0,17,5,12,80,88,0,17,99,91,39,42,113,145,786,198,99,64,69,59,310,160,104,76,2221,494,521,169,180,119,91,93
1400000US25025060501,25025060501,"Census Tract 605.01, Suffolk County, Massachusetts",3251,250,6,9,0,12,0,12,0,12,0,12,0,12,0,12,0,12,0,12,8,13,7,10,9,12,16,17,18,28,45,44,321,103,62,46,67,35,234,112,140,62,1541,256,590,141,96,58,91,73
1400000US25025060600,25025060600,"Census Tract 606, Suffolk County, Massachusetts",2397,215,2,4,0,12,0,12,0,12,0,12,0,12,0,12,0,12,0,12,0,12,0,12,0,12,5,9,0,12,28,43,257,72,29,28,28,23,75,59,75,51,1115,190,515,140,117,83,151,87
1400000US25025060700,25025060700,"Census Tract 607, Suffolk County, Massachusetts",1305,167,15,19,0,12,0,12,0,12,43,49,34,30,11,18,70,106,11,18,9,13,43,32,70,40,22,27,81,42,48,33,531,125,49,31,27,29,132,73,42,31,57,34,9,12,0,12,1,8
1400000US25025060800,25025060800,"Census Tract 608, Suffolk County, Massachusetts",4391,524,11,28,0,17,0,17,0,17,0,17,88,137,55,88,0,17,58,90,0,17,75,71,0,17,88,82,73,93,72,62,678,207,154,121,158,146,162,95,111,104,1818,540,654,210,75,74,61,58
1400000US25025061000,25025061000,"Census Tract 610, Suffolk County, Massachusetts",1961,254,0,12,0,12,0,12,0,12,0,12,65,64,12,21,0,12,6,16,0,12,38,60,40,61,9,17,121,90,19,23,442,147,84,45,55,48,283,171,84,36,539,136,160,93,0,12,4,8
1400000US25025061101,25025061101,"Census Tract 611.01, Suffolk County, Massachusetts",1238,116,129,61,0,12,0,12,11,14,25,23,37,28,8,10,45,40,24,27,31,23,54,38,24,18,59,40,39,33,53,35,251,79,119,53,29,21,167,67,49,32,64,38,20,18,0,12,0,12
1400000US25025061200,25025061200,"Census Tract 612, Suffolk County, Massachusetts",3076,304,1,3,0,12,0,12,0,12,0,12,0,12,0,12,0,12,23,38,12,19,0,12,11,18,6,10,17,28,0,12,346,150,0,12,20,23,305,142,147,77,1224,210,659,220,182,81,123,64
1400000US25025070101,25025070101,"Census Tract 701.01, Suffolk County, Massachusetts",3907,385,94,61,0,17,14,23,0,17,10,17,0,17,12,22,32,52,41,40,0,17,0,17,12,30,18,28,26,29,0,17,285,173,55,62,75,57,109,81,44,42,1359,300,983,267,441,179,297,153
1400000US25025070200,25025070200,"Census Tract 702, Suffolk County, Massachusetts",3146,359,318,116,0,17,28,45,0,17,0,17,84,115,0,17,87,56,134,77,72,94,128,98,133,97,136,109,202,284,239,143,666,227,29,32,11,17,198,97,29,35,454,150,101,70,23,25,74,59
1400000US25025070300,25025070300,"Census Tract 703, Suffolk County, Massachusetts",3664,305,33,42,0,12,45,71,0,12,0,12,0,12,0,12,16,25,13,19,0,12,26,29,0,12,0,12,90,79,0,12,331,120,20,33,12,18,136,111,111,67,1387,278,843,180,455,154,146,72
1400000US25025070402,25025070402,"Census Tract 704.02, Suffolk County, Massachusetts",1295,155,124,45,0,12,0,12,17,20,8,12,14,16,6,10,26,17,55,42,31,23,35,22,55,36,10,13,13,18,41,36,440,96,33,22,26,25,71,40,25,19,167,66,62,37,10,10,26,23
1400000US25025070500,25025070500,"Census Tract 705, Suffolk County, Massachusetts",4784,380,185,125,0,17,0,17,65,87,0,17,17,27,0,17,0,17,54,50,61,49,30,35,123,186,30,36,32,40,30,33,297,144,184,125,13,22,143,115,188,117,1687,307,744,207,562,164,339,146
1400000US25025070600,25025070600,"Census Tract 706, Suffolk County, Massachusetts",1862,176,0,12,0,12,0,12,0,12,0,12,0,12,0,12,0,12,11,18,0,12,10,15,0,12,0,12,0,12,0,12,112,115,2,3,33,28,64,39,0,12,610,108,473,102,389,152,158,76
1400000US25025070700,25025070700,"Census Tract 707, Suffolk County, Massachusetts",2255,197,0,12,0,12,0,12,0,12,0,12,0,12,30,46,0,12,0,12,9,15,13,22,0,12,12,19,0,12,67,77,132,76,66,56,105,64,356,141,45,38,556,122,562,167,227,113,75,45
1400000US25025070800,25025070800,"Census Tract 708, Suffolk County, Massachusetts",2636,328,37,59,0,12,0,12,0,12,0,12,0,12,0,12,0,12,0,12,29,32,0,12,5,11,12,20,49,63,0,12,175,141,37,45,63,71,147,80,195,158,815,266,556,164,214,96,302,126
1400000US25025070900,25025070900,"Census Tract 709, Suffolk County, Massachusetts",2296,236,72,60,0,12,0,12,0,12,0,12,11,17,0,12,0,12,45,35,30,28,44,42,45,35,14,23,55,56,17,15,224,81,90,55,94,57,179,79,7,11,663,216,363,94,208,75,135,63
1400000US25025071101,25025071101,"Census Tract 711.01, Suffolk County, Massachusetts",3484,358,155,143,0,12,0,12,0,12,33,51,78,123,0,12,0,12,38,50,0,12,24,32,8,12,40,39,53,44,40,45,173,106,89,67,68,56,308,146,49,45,843,279,791,233,486,169,208,98
1400000US25025071201,25025071201,"Census Tract 712.01, Suffolk County, Massachusetts",2497,354,180,106,0,12,14,19,0,12,0,12,0,12,12,17,65,49,115,77,14,33,36,34,59,53,98,85,78,72,107,67,266,104,84,63,87,83,200,78,99,64,388,110,344,93,165,61,86,47
1400000US25025080100,25025080100,"Census Tract 801, Suffolk County, Massachusetts",1923,238,73,54,0,12,0,12,0,12,0,12,7,12,21,24,59,45,21,22,4,7,92,58,91,54,89,51,123,49,43,39,385,87,149,61,93,49,261,106,61,47,264,108,87,49,0,12,0,12
1400000US25025080300,25025080300,"Census Tract 803, Suffolk County, Massachusetts",1342,155,19,18,0,12,0,12,0,12,0,12,0,12,7,11,3,6,0,12,2,5,14,17,28,35,47,34,130,89,39,27,289,109,53,41,115,57,156,124,82,47,321,125,21,27,7,13,9,12
1400000US25025080401,25025080401,"Census Tract 804.01, Suffolk County, Massachusetts",1957,177,0,12,0,12,0,12,0,12,8,12,24,28,34,40,15,22,37,33,0,12,47,33,67,51,18,29,110,61,38,31,442,145,72,47,99,58,311,112,163,74,239,88,191,78,20,23,22,24
1400000US25025080500,25025080500,"Census Tract 805, Suffolk County, Massachusetts",1834,187,21,22,0,12,0,12,23,28,0,12,0,12,1,14,10,13,54,53,4,9,115,69,60,58,82,64,69,54,72,47,506,177,128,85,69,44,170,74,140,69,210,118,98,63,0,12,2,8
1400000US25025080601,25025080601,"Census Tract 806.01, Suffolk County, Massachusetts",1177,165,44,29,0,12,0,12,0,12,0,12,0,12,0,12,40,39,36,32,14,14,32,18,29,24,25,26,82,59,6,9,234,94,57,37,60,37,157,65,53,31,262,138,36,29,3,6,7,9
1400000US25025080801,25025080801,"Census Tract 808.01, Suffolk County, Massachusetts",1335,166,50,37,0,12,6,9,0,12,3,6,24,25,22,30,28,42,16,17,0,12,17,23,49,45,28,25,28,27,54,40,322,89,101,51,114,81,218,107,98,53,86,49,55,44,0,12,16,15
1400000US25025080900,25025080900,"Census Tract 809, Suffolk County, Massachusetts",1815,246,0,12,0,12,0,12,0,12,0,12,0,12,0,12,0,12,29,33,0,12,9,14,0,12,2,4,49,53,0,12,206,114,54,52,67,50,138,73,96,47,641,199,236,86,119,63,169,83
1400000US25025081001,25025081001,"Census Tract 810.01, Suffolk County, Massachusetts",2659,336,69,68,0,12,0,12,0,12,15,24,12,27,32,35,16,25,73,64,92,81,63,65,0,12,92,67,40,40,68,46,532,166,59,53,0,12,300,112,67,70,536,204,313,145,175,112,105,59
1400000US25025081100,25025081100,"Census Tract 811, Suffolk County, Massachusetts",2816,324,48,44,0,12,0,12,0,12,0,12,12,18,21,25,23,30,38,32,26,27,36,41,8,20,64,33,38,37,5,11,396,114,55,45,70,48,267,140,91,65,741,176,470,169,163,95,244,93
1400000US25025081200,25025081200,"Census Tract 812, Suffolk County, Massachusetts",1953,214,74,33,0,12,0,12,0,12,24,27,19,19,0,12,0,12,49,48,11,17,32,40,69,48,60,59,8,13,86,51,436,190,109,64,52,45,218,85,84,62,285,107,263,99,38,31,36,29
1400000US25025081300,25025081300,"Census Tract 813, Suffolk County, Massachusetts",3451,416,168,119,31,40,0,17,50,80,89,71,0,17,41,52,95,91,54,74,122,101,135,110,215,107,62,62,178,130,67,63,701,248,155,122,155,96,421,300,145,111,422,278,127,95,0,17,18,31
1400000US25025081400,25025081400,"Census Tract 814, Suffolk County, Massachusetts",1688,176,9,15,0,12,0,12,0,12,0,12,0,12,20,24,34,37,10,16,11,17,22,24,10,17,28,30,34,32,27,23,244,90,13,17,82,49,262,88,71,36,467,133,233,75,56,46,55,35
1400000US25025081500,25025081500,"Census Tract 815, Suffolk County, Massachusetts",1409,176,8,9,0,12,0,12,0,12,5,7,0,12,7,15,0,12,21,24,0,12,27,24,14,21,0,12,34,36,25,26,375,135,59,41,55,30,207,65,89,50,344,107,88,50,25,28,26,28
1400000US25025081700,25025081700,"Census Tract 817, Suffolk County, Massachusetts",2209,210,6,14,0,12,0,12,0,12,28,36,0,12,0,12,37,37,63,57,16,26,62,109,72,76,39,45,110,74,50,40,654,164,22,23,161,82,393,127,118,74,253,92,112,62,0,12,13,15
1400000US25025081800,25025081800,"Census Tract 818, Suffolk County, Massachusetts",2177,297,26,33,0,12,0,12,0,12,0,12,36,42,41,59,0,12,31,39,19,29,45,50,24,27,73,56,64,52,19,22,678,202,147,94,111,71,328,122,69,41,367,126,80,64,12,20,7,13
1400000US25025081900,25025081900,"Census Tract 819, Suffolk County, Massachusetts",2018,247,32,36,0,12,0,12,0,12,0,12,20,33,11,18,8,12,12,17,0,12,99,97,53,50,69,51,109,78,97,65,422,158,112,98,49,37,466,179,124,62,238,129,64,42,8,18,25,26
1400000US25025082000,25025082000,"Census Tract 820, Suffolk County, Massachusetts",1957,230,49,42,0,12,0,12,0,12,23,38,0,12,39,42,0,12,0,12,8,13,35,32,43,38,207,97,23,35,10,16,520,147,122,55,77,51,347,119,86,48,177,103,166,110,17,20,8,12
1400000US25025082100,25025082100,"Census Tract 821, Suffolk County, Massachusetts",3026,364,92,75,0,17,0,17,0,17,81,123,0,17,0,17,79,73,0,17,77,91,118,99,41,65,56,60,135,110,168,109,851,257,79,65,57,45,527,210,236,126,270,130,92,55,42,66,25,24
1400000US25025090100,25025090100,"Census Tract 901, Suffolk County, Massachusetts",3040,295,50,37,0,12,0,12,0,12,11,18,0,12,18,29,50,48,41,44,6,14,153,102,22,22,101,81,203,109,185,83,824,180,105,52,120,62,525,160,107,57,362,129,120,116,37,32,0,12
1400000US25025090200,25025090200,"Census Tract 902, Suffolk County, Massachusetts",1434,167,60,39,0,12,0,12,18,26,13,17,0,12,12,17,19,24,24,22,26,26,28,30,26,33,90,49,53,42,59,50,530,107,29,31,45,34,232,86,52,35,97,55,21,20,0,12,0,12
1400000US25025090300,25025090300,"Census Tract 903, Suffolk County, Massachusetts",1921,244,79,70,0,12,0,12,0,12,42,56,23,36,15,24,25,40,18,24,9,16,31,32,38,38,54,42,22,24,22,25,540,143,107,72,111,73,422,153,141,83,135,84,87,74,0,12,0,12
1400000US25025090400,25025090400,"Census Tract 904, Suffolk County, Massachusetts",2249,285,65,43,0,12,0,12,7,11,0,12,16,26,0,12,0,12,124,141,33,30,43,41,69,56,58,54,114,72,79,55,615,159,124,87,58,50,230,107,192,130,257,134,147,83,18,19,0,12
1400000US25025090600,25025090600,"Census Tract 906, Suffolk County, Massachusetts",1476,153,64,41,0,12,0,12,0,12,0,12,21,21,24,25,39,29,56,34,26,31,49,48,42,32,111,76,29,24,44,42,378,92,85,52,58,36,229,91,70,41,79,35,62,41,10,14,0,12
1400000US25025090700,25025090700,"Census Tract 907, Suffolk County, Massachusetts",3400,344,46,41,0,12,0,12,0,12,45,47,2,5,0,12,111,119,42,50,65,63,93,68,36,57,163,134,52,58,50,46,794,192,119,71,80,39,275,102,173,84,906,200,192,89,83,41,73,64
1400000US25025090901,25025090901,"Census Tract 909.01, Suffolk County, Massachusetts",1935,245,35,25,0,12,0,12,5,8,0,12,0,12,2,9,0,12,15,20,17,13,8,15,0,12,8,13,41,32,34,38,210,100,86,63,19,28,111,52,112,65,674,200,437,128,88,62,33,28
1400000US25025091001,25025091001,"Census Tract 910.01, Suffolk County, Massachusetts",2492,297,58,59,0,12,0,12,0,12,0,12,34,38,74,116,53,66,24,31,4,7,20,23,39,43,69,68,56,52,19,23,331,94,71,59,46,29,171,82,170,95,763,189,435,155,49,61,6,10
1400000US25025091100,25025091100,"Census Tract 911, Suffolk County, Massachusetts",3635,331,110,95,0,17,0,17,0,17,0,17,37,57,0,17,45,50,0,17,21,35,39,31,86,60,61,54,71,61,104,67,781,188,57,53,136,69,293,120,93,65,1261,215,333,98,86,50,21,24
1400000US25025091200,25025091200,"Census Tract 912, Suffolk County, Massachusetts",2225,193,50,40,0,12,0,12,13,28,0,12,14,14,20,18,11,18,30,48,12,14,58,53,23,25,31,39,57,52,63,48,292,122,89,64,69,58,434,142,94,65,511,148,288,130,40,28,26,28
1400000US25025091300,25025091300,"Census Tract 913, Suffolk County, Massachusetts",1656,184,37,28,0,12,0,12,0,12,0,12,11,17,67,69,29,30,79,81,8,15,34,29,32,27,39,33,61,49,111,64,496,133,114,57,48,24,145,53,63,48,246,91,25,21,11,17,0,12
1400000US25025091400,25025091400,"Census Tract 914, Suffolk County, Massachusetts",1808,175,108,67,0,12,0,12,0,12,7,10,22,23,55,59,30,29,29,26,56,40,7,11,43,25,42,42,55,50,55,37,414,111,103,46,78,47,329,112,74,49,234,67,67,31,0,12,0,12
1400000US25025091500,25025091500,"Census Tract 915, Suffolk County, Massachusetts",3110,315,76,46,0,12,0,12,0,12,11,17,43,54,90,80,58,54,132,90,73,89,74,41,35,55,110,68,27,32,48,32,1073,232,13,23,68,42,582,210,123,54,307,100,128,66,39,39,0,12
1400000US25025091600,25025091600,"Census Tract 916, Suffolk County, Massachusetts",2033,231,192,137,0,12,0,12,0,12,0,12,0,12,0,12,31,32,43,42,17,22,55,55,61,68,29,34,29,37,72,58,586,225,85,68,103,71,352,150,95,57,172,95,111,78,0,12,0,12
1400000US25025091700,25025091700,"Census Tract 917, Suffolk County, Massachusetts",2045,243,78,42,0,12,0,12,0,12,0,12,0,12,126,110,21,24,107,64,39,41,25,21,93,68,112,71,86,62,79,53,476,112,94,42,107,46,218,69,93,48,213,89,65,40,13,21,0,12
1400000US25025091800,25025091800,"Census Tract 918, Suffolk County, Massachusetts",2557,318,182,131,0,12,0,12,0,12,0,12,0,12,64,61,11,19,29,37,30,39,61,71,16,18,14,24,78,80,0,12,823,179,192,144,254,124,402,143,263,216,121,93,6,17,0,12,11,20
1400000US25025091900,25025091900,"Census Tract 919, Suffolk County, Massachusetts",2781,411,55,52,0,12,0,12,0,12,12,19,22,34,0,12,27,32,164,138,54,40,85,75,57,57,94,83,47,39,107,67,970,213,123,76,97,63,343,144,156,67,222,107,130,54,0,12,16,15
1400000US25025092000,25025092000,"Census Tract 920, Suffolk County, Massachusetts",3449,313,193,120,0,17,0,17,0,17,0,17,0,17,8,14,37,32,120,97,10,16,82,62,56,43,79,75,231,114,80,48,1149,244,107,62,91,56,663,179,105,68,312,103,108,59,18,29,0,17
1400000US25025092101,25025092101,"Census Tract 921.01, Suffolk County, Massachusetts",4959,653,281,192,0,17,0,17,0,17,98,92,46,65,117,100,141,106,55,58,15,19,57,49,85,79,221,144,171,143,201,207,1195,308,189,131,164,118,737,271,212,109,725,348,222,138,0,17,27,45
1400000US25025092200,25025092200,"Census Tract 922, Suffolk County, Massachusetts",2348,300,58,49,0,12,0,12,0,12,0,12,33,37,0,12,53,65,32,37,10,15,42,64,61,57,57,45,47,56,20,22,516,162,43,41,53,53,333,151,163,76,460,137,270,81,57,37,40,40
1400000US25025092300,25025092300,"Census Tract 923, Suffolk County, Massachusetts",2166,244,64,33,0,12,0,12,0,12,0,12,29,24,0,12,15,24,76,50,25,25,44,34,26,27,90,49,89,39,86,47,655,149,30,29,69,33,345,103,189,80,281,90,42,37,0,12,11,15
1400000US25025092400,25025092400,"Census Tract 924, Suffolk County, Massachusetts",3294,541,91,88,0,17,0,17,0,17,0,17,0,17,12,20,22,35,57,51,41,61,113,87,146,119,35,41,121,85,175,109,1061,383,106,72,86,77,628,196,205,124,316,126,63,60,16,31,0,17
1400000US25025100100,25025100100,"Census Tract 1001, Suffolk County, Massachusetts",3686,294,62,57,0,17,0,17,26,30,9,14,0,17,12,19,52,56,74,59,40,47,83,47,111,69,79,66,138,76,110,47,1292,258,208,105,104,54,746,208,287,121,209,118,44,45,0,17,0,17
1400000US25025100200,25025100200,"Census Tract 1002, Suffolk County, Massachusetts",1754,192,19,28,0,12,0,12,0,12,16,20,16,21,23,24,9,15,19,21,17,19,36,31,23,20,30,23,85,48,59,35,532,138,116,64,70,34,402,102,52,31,124,62,58,34,8,13,40,53
1400000US25025100300,25025100300,"Census Tract 1003, Suffolk County, Massachusetts",2232,258,31,28,0,12,0,12,0,12,0,12,0,12,0,12,0,12,16,26,39,40,64,73,0,12,57,59,14,18,146,148,540,166,114,85,60,47,594,142,242,114,189,72,91,60,26,37,9,15
1400000US25025100400,25025100400,"Census Tract 1004, Suffolk County, Massachusetts",3555,284,85,56,0,17,0,17,0,17,0,17,0,17,34,48,15,17,54,66,17,22,91,54,31,30,93,64,122,61,116,71,1196,289,147,85,128,64,364,137,342,133,366,141,296,109,47,44,11,18
1400000US25025100500,25025100500,"Census Tract 1005, Suffolk County, Massachusetts",4748,593,23,29,0,17,0,17,0,17,0,17,32,50,89,101,37,54,48,79,39,44,95,90,174,149,308,252,216,120,158,124,1224,413,121,72,204,190,591,255,371,207,701,206,293,204,24,28,0,17
1400000US25025100601,25025100601,"Census Tract 1006.01, Suffolk County, Massachusetts",3979,393,108,128,0,17,13,23,0,17,0,17,27,43,0,17,43,64,44,64,40,36,0,17,23,28,62,48,76,60,92,59,1180,301,100,62,154,104,462,137,389,226,827,272,285,141,35,43,19,29
1400000US25025100603,25025100603,"Census Tract 1006.03, Suffolk County, Massachusetts",1658,181,21,22,0,12,13,19,0,12,0,12,0,12,0,12,0,12,0,12,0,12,21,21,25,23,13,16,2,5,30,25,557,152,121,76,91,46,171,50,43,33,356,118,165,75,23,20,6,11
1400000US25025100700,25025100700,"Census Tract 1007, Suffolk County, Massachusetts",3205,282,18,29,0,12,0,12,0,12,0,12,28,44,0,12,0,12,0,12,84,78,60,50,7,12,24,22,26,26,123,84,911,269,62,38,151,84,313,95,162,77,935,232,237,106,35,31,29,34
1400000US25025100800,25025100800,"Census Tract 1008, Suffolk County, Massachusetts",4923,470,73,55,0,17,0,17,0,17,0,17,0,17,0,17,47,54,0,17,0,17,41,65,44,34,75,79,78,109,55,63,939,291,53,57,205,106,548,195,319,130,1638,435,649,159,81,86,78,64
1400000US25025100900,25025100900,"Census Tract 1009, Suffolk County, Massachusetts",3030,313,21,28,0,12,0,12,0,12,0,12,0,12,58,90,8,15,0,12,74,53,53,45,38,50,48,45,59,61,53,41,955,232,59,52,91,59,375,150,292,108,512,152,237,133,83,53,14,19
1400000US25025101001,25025101001,"Census Tract 1010.01, Suffolk County, Massachusetts",4230,562,143,152,0,17,0,17,0,17,0,17,0,17,54,83,15,23,0,17,183,127,0,17,37,36,202,113,135,88,233,116,1009,325,311,178,219,108,748,280,320,199,413,178,179,113,15,23,14,23
1400000US25025101002,25025101002,"Census Tract 1010.02, Suffolk County, Massachusetts",3357,372,50,57,0,12,0,12,0,12,15,24,0,12,0,12,0,12,12,19,103,80,24,31,31,45,156,82,16,25,83,67,1075,279,139,96,167,114,595,203,430,220,345,145,98,93,18,29,0,12
1400000US25025101101,25025101101,"Census Tract 1011.01, Suffolk County, Massachusetts",2576,293,71,73,0,12,0,12,0,12,24,39,17,26,11,17,9,15,84,68,76,66,112,62,129,98,55,49,117,99,61,53,784,183,115,62,23,20,419,174,85,53,255,98,129,73,0,12,0,12
1400000US25025101102,25025101102,"Census Tract 1011.02, Suffolk County, Massachusetts",3258,361,96,54,0,17,0,17,0,17,20,32,32,34,21,29,29,34,63,54,30,28,70,63,77,60,103,59,147,80,143,103,962,201,144,80,228,102,616,193,142,87,194,85,131,74,10,17,0,17
1400000US25025110103,25025110103,"Census Tract 1101.03, Suffolk County, Massachusetts",4589,317,92,67,0,17,10,16,0,17,35,48,2,5,0,17,14,27,10,16,0,17,97,79,77,91,0,17,54,56,124,113,850,211,240,142,84,66,605,183,292,158,896,217,958,286,98,77,51,60
1400000US25025110201,25025110201,"Census Tract 1102.01, Suffolk County, Massachusetts",1635,156,51,51,0,12,0,12,0,12,0,12,0,12,29,37,4,9,23,24,3,6,8,10,7,9,10,13,47,41,58,41,445,103,49,35,83,46,301,66,166,72,236,78,93,43,22,23,0,12
1400000US25025110301,25025110301,"Census Tract 1103.01, Suffolk County, Massachusetts",1830,168,8,11,0,12,0,12,0,12,18,26,0,12,0,12,0,12,7,10,51,41,6,10,80,59,63,41,51,35,36,27,280,95,130,86,61,32,216,83,120,55,380,94,277,78,15,17,31,21
1400000US25025110401,25025110401,"Census Tract 1104.01, Suffolk County, Massachusetts",2821,304,67,51,0,12,0,12,0,12,0,12,0,12,0,12,85,67,50,46,40,37,42,44,27,24,36,35,47,43,15,18,567,199,83,59,122,52,546,171,198,97,563,123,258,95,20,21,55,41
1400000US25025110403,25025110403,"Census Tract 1104.03, Suffolk County, Massachusetts",3040,272,102,65,0,12,0,12,0,12,0,12,0,12,0,12,13,20,17,18,0,12,73,70,0,12,12,18,51,35,84,56,608,175,107,72,229,96,308,112,208,106,529,102,489,135,107,48,103,67
1400000US25025110501,25025110501,"Census Tract 1105.01, Suffolk County, Massachusetts",2656,239,18,28,0,12,0,12,0,12,0,12,12,17,0,12,74,112,43,53,27,45,0,12,37,51,9,13,10,17,24,28,550,139,30,35,107,64,295,99,157,61,709,166,383,108,119,62,52,37
1400000US25025110502,25025110502,"Census Tract 1105.02, Suffolk County, Massachusetts",3308,283,73,50,0,12,0,12,0,12,36,58,0,12,13,21,0,12,11,16,10,15,14,22,0,12,34,32,16,22,135,106,760,224,182,104,65,46,348,113,107,60,776,167,564,156,52,48,112,95
1400000US25025110601,25025110601,"Census Tract 1106.01, Suffolk County, Massachusetts",2290,223,0,12,0,12,0,12,0,12,0,12,0,12,18,29,6,12,0,12,9,13,22,25,12,19,5,9,0,12,6,13,444,166,30,45,80,50,228,107,123,54,588,152,462,119,193,81,64,47
1400000US25025110607,25025110607,"Census Tract 1106.07, Suffolk County, Massachusetts",4190,344,3,8,0,17,0,17,0,17,0,17,0,17,33,37,7,16,41,42,43,44,18,27,7,16,7,15,18,18,18,38,672,265,193,143,79,72,407,167,185,129,1072,278,1045,244,242,105,100,70
1400000US25025120103,25025120103,"Census Tract 1201.03, Suffolk County, Massachusetts",1182,106,8,12,0,12,0,12,0,12,0,12,0,12,0,12,0,12,0,12,0,12,5,8,0,12,0,12,5,9,0,12,45,28,6,9,25,22,56,32,0,12,263,65,415,84,246,82,108,41
1400000US25025120104,25025120104,"Census Tract 1201.04, Suffolk County, Massachusetts",1795,183,10,16,0,12,0,12,0,12,0,12,12,20,0,12,0,12,0,12,0,12,0,12,5,12,10,15,26,42,10,16,99,50,0,12,32,46,102,73,68,40,669,162,392,112,206,84,154,75
1400000US25025120105,25025120105,"Census Tract 1201.05, Suffolk County, Massachusetts",1852,195,5,10,0,12,0,12,0,12,0,12,0,12,2,4,9,12,5,10,0,12,5,10,0,12,0,12,3,9,12,17,227,96,8,9,49,28,147,92,19,19,453,108,536,113,227,68,145,47
1400000US25025120201,25025120201,"Census Tract 1202.01, Suffolk County, Massachusetts",2767,220,50,36,0,12,0,12,0,12,9,13,0,12,22,36,7,11,45,45,23,37,14,14,11,18,24,29,48,52,19,21,406,128,130,75,45,29,177,70,112,67,850,175,532,102,138,52,105,54
1400000US25025120301,25025120301,"Census Tract 1203.01, Suffolk County, Massachusetts",3878,382,23,23,0,17,0,17,0,17,14,21,44,61,0,17,61,68,16,20,12,18,130,105,6,14,35,29,34,45,94,73,579,176,48,49,61,47,369,134,149,91,982,259,821,168,193,101,207,114
1400000US25025120400,25025120400,"Census Tract 1204, Suffolk County, Massachusetts",5237,504,7,13,0,17,0,17,0,17,0,17,6,13,4,8,0,17,19,28,0,17,22,27,63,75,17,22,4,9,0,17,405,197,149,89,84,55,374,173,130,110,1859,390,1155,240,534,226,405,195
1400000US25025120500,25025120500,"Census Tract 1205, Suffolk County, Massachusetts",1746,161,16,13,0,12,0,12,13,14,0,12,0,12,0,12,20,24,0,12,5,8,54,53,14,20,26,27,41,58,66,61,249,80,47,31,47,40,179,88,32,25,542,108,281,108,33,28,81,42
1400000US25025120600,25025120600,"Census Tract 1206, Suffolk County, Massachusetts",2063,159,0,12,0,12,0,12,0,12,0,12,0,12,0,12,0,12,0,12,7,14,0,12,0,12,0,12,6,10,8,13,99,50,0,12,16,18,133,63,32,32,830,167,438,100,318,112,176,76
1400000US25025120700,25025120700,"Census Tract 1207, Suffolk County, Massachusetts",1771,129,4,9,0,12,0,12,0,12,0,12,0,12,14,19,25,20,0,12,34,39,0,12,9,14,5,9,6,9,0,12,172,89,24,22,29,24,112,50,25,22,590,113,369,85,82,39,271,94
1400000US25025130100,25025130100,"Census Tract 1301, Suffolk County, Massachusetts",5024,327,0,17,0,17,0,17,0,17,0,17,16,24,0,17,0,17,0,17,0,17,7,15,2,5,15,24,7,15,72,70,661,206,113,73,236,118,399,183,285,119,1430,249,1238,249,275,117,268,126
1400000US25025130200,25025130200,"Census Tract 1302, Suffolk County, Massachusetts",3802,280,27,33,0,17,0,17,0,17,0,17,0,17,3,7,0,17,20,17,33,48,12,15,14,19,0,17,24,24,28,26,710,178,19,21,168,63,431,110,113,46,1204,180,694,151,140,63,162,70
1400000US25025130300,25025130300,"Census Tract 1303, Suffolk County, Massachusetts",3436,185,34,36,0,12,0,12,0,12,0,12,1,2,0,12,0,12,0,12,0,12,0,12,10,16,18,20,0,12,35,31,543,153,28,41,115,69,381,122,199,79,1057,188,801,164,82,41,132,73
1400000US25025130402,25025130402,"Census Tract 1304.02, Suffolk County, Massachusetts",3718,306,63,72,0,12,0,12,0,12,0,12,0,12,5,12,0,12,61,57,0,12,12,21,11,19,0,12,0,12,102,78,951,241,211,120,29,35,448,174,293,110,666,221,633,231,138,99,95,66
1400000US25025130404,25025130404,"Census Tract 1304.04, Suffolk County, Massachusetts",2505,288,47,59,0,12,0,12,0,12,0,12,6,10,7,12,0,12,53,45,42,42,12,18,0,12,19,24,31,42,39,42,520,123,36,36,138,73,218,88,174,84,641,170,416,139,38,37,68,58
1400000US25025130406,25025130406,"Census Tract 1304.06, Suffolk County, Massachusetts",3502,269,77,67,0,17,0,17,0,17,0,17,0,17,0,17,22,31,32,38,0,17,51,73,144,111,36,42,120,70,104,80,709,241,164,109,64,54,710,232,153,82,640,203,447,143,0,17,29,36
1400000US25025140102,25025140102,"Census Tract 1401.02, Suffolk County, Massachusetts",3434,301,38,33,0,12,0,12,0,12,0,12,0,12,0,12,11,17,18,26,47,47,38,35,30,34,23,37,29,22,76,46,862,204,195,155,210,66,626,185,332,108,506,129,308,107,66,56,19,20
1400000US25025140105,25025140105,"Census Tract 1401.05, Suffolk County, Massachusetts",2527,214,18,27,0,12,0,12,0,12,0,12,8,11,0,12,13,21,18,21,44,43,0,12,10,17,60,50,1,3,32,32,568,162,68,40,118,62,507,156,268,116,502,194,222,110,43,37,27,46
1400000US25025140106,25025140106,"Census Tract 1401.06, Suffolk County, Massachusetts",1224,128,17,18,0,12,0,12,0,12,0,12,10,15,10,15,0,12,35,27,0,12,29,31,0,12,59,36,29,28,35,28,333,97,6,8,18,14,250,99,76,46,141,48,144,59,5,7,27,29
1400000US25025140107,25025140107,"Census Tract 1401.07, Suffolk County, Massachusetts",2022,186,51,43,0,12,0,12,0,12,0,12,7,11,15,21,9,12,0,12,19,20,0,12,36,38,79,42,45,31,39,29,416,110,61,38,72,38,314,101,117,47,478,136,209,77,15,16,40,35
1400000US25025140201,25025140201,"Census Tract 1402.01, Suffolk County, Massachusetts",1681,141,42,35,0,12,0,12,0,12,0,12,0,12,0,12,0,12,14,24,0,12,25,30,11,11,6,10,63,48,0,12,513,136,51,48,96,50,224,83,191,74,314,86,118,51,9,11,4,8
1400000US25025140202,25025140202,"Census Tract 1402.02, Suffolk County, Massachusetts",4254,250,60,47,0,17,0,17,0,17,0,17,11,17,2,5,2,4,11,16,11,16,26,29,51,49,78,51,31,24,88,47,1307,248,84,46,222,91,602,187,436,143,759,191,388,125,54,35,31,25
1400000US25025140300,25025140300,"Census Tract 1403, Suffolk County, Massachusetts",4627,686,119,88,0,17,0,17,0,17,11,19,60,68,2,5,15,25,60,80,83,106,22,28,28,35,119,103,18,31,125,102,1379,361,350,217,194,95,908,332,215,130,548,191,328,187,32,46,11,17
1400000US25025140400,25025140400,"Census Tract 1404, Suffolk County, Massachusetts",5566,469,63,54,0,17,34,41,0,17,0,17,0,17,13,22,16,24,107,112,22,33,68,53,0,17,161,105,227,113,104,74,1591,333,219,114,189,98,1038,322,505,172,902,250,270,127,18,31,19,30
1400000US25025160101,25025160101,"Census Tract 1601.01, Suffolk County, Massachusetts",5529,563,179,145,0,17,0,17,36,49,49,62,196,183,29,47,317,189,251,160,82,76,196,131,382,223,264,131,212,123,192,125,1698,324,376,187,115,72,367,162,252,133,236,101,65,44,33,50,2,8
1400000US25025160200,25025160200,"Census Tract 1602, Suffolk County, Massachusetts",2664,337,116,90,0,12,0,12,0,12,149,117,27,40,55,54,122,111,396,153,33,37,160,107,134,103,119,92,28,36,66,48,671,203,85,58,78,56,103,66,100,71,160,86,40,41,13,21,9,19
1400000US25025160300,25025160300,"Census Tract 1603, Suffolk County, Massachusetts",1993,138,52,52,0,12,0,12,0,12,0,12,3,5,28,32,15,17,38,38,0,12,40,42,0,12,0,12,12,17,35,36,391,99,76,61,99,63,220,95,179,69,478,107,173,64,125,77,29,31
1400000US25025160400,25025160400,"Census Tract 1604, Suffolk County, Massachusetts",1857,160,155,62,0,12,0,12,0,12,50,32,38,32,48,32,47,37,94,56,55,44,57,55,62,41,56,37,19,23,15,14,633,130,69,34,53,33,129,52,59,44,100,48,99,44,0,12,19,31
1400000US25025160501,25025160501,"Census Tract 1605.01, Suffolk County, Massachusetts",3196,286,158,93,0,12,0,12,23,35,58,58,45,49,91,70,77,69,196,107,71,54,95,69,179,105,150,83,55,53,49,44,853,233,101,63,125,76,337,137,120,84,274,117,53,43,53,43,33,34
1400000US25025160502,25025160502,"Census Tract 1605.02, Suffolk County, Massachusetts",2828,309,137,96,0,12,0,12,0,12,0,12,95,93,18,19,43,37,160,160,20,25,43,39,179,144,87,67,193,163,17,26,865,235,83,101,91,66,72,50,87,62,327,161,199,107,85,73,27,34
1400000US25025160601,25025160601,"Census Tract 1606.01, Suffolk County, Massachusetts",3077,273,127,90,0,12,0,12,23,24,26,42,50,48,35,42,9,15,39,42,34,45,100,65,74,62,91,60,40,45,57,36,701,173,140,75,173,81,430,156,89,48,492,156,259,141,28,35,60,45
1400000US25025160602,25025160602,"Census Tract 1606.02, Suffolk County, Massachusetts",3099,254,146,90,0,12,0,12,0,12,23,27,52,49,0,12,37,39,133,106,47,56,102,81,69,51,52,59,50,44,17,19,1009,193,153,73,106,67,277,102,197,90,374,192,210,92,45,38,0,12
1400000US25025170100,25025170100,"Census Tract 1701, Suffolk County, Massachusetts",5541,476,78,68,0,17,0,17,20,32,1,9,0,17,10,16,147,128,58,90,105,101,0,17,143,112,133,86,175,88,30,35,2203,369,345,163,234,98,802,267,255,99,504,144,238,136,33,38,27,37
1400000US25025170200,25025170200,"Census Tract 1702, Suffolk County, Massachusetts",3368,346,118,105,0,12,0,12,0,12,68,69,18,27,14,21,14,17,123,92,29,26,58,47,24,27,77,50,34,28,36,29,1135,242,221,162,233,80,405,144,131,62,505,169,94,52,13,15,18,21
1400000US25025170300,25025170300,"Census Tract 1703, Suffolk County, Massachusetts",7048,548,390,265,0,17,0,17,0,17,27,45,45,47,0,17,93,87,15,24,75,85,31,37,65,50,27,32,103,77,170,84,2187,450,290,154,274,119,826,246,501,177,1261,340,541,226,60,53,67,51
1400000US25025170400,25025170400,"Census Tract 1704, Suffolk County, Massachusetts",4083,278,82,77,0,17,0,17,0,17,0,17,30,49,15,22,68,70,18,29,24,34,114,73,96,146,42,44,100,58,162,112,1772,290,77,65,156,96,408,177,304,131,411,197,154,95,34,38,16,26
1400000US25025170501,25025170501,"Census Tract 1705.01, Suffolk County, Massachusetts",2585,204,31,30,0,12,0,12,0,12,30,41,0,12,0,12,0,12,19,22,0,12,0,12,96,66,85,62,21,23,81,63,683,194,143,56,123,55,430,140,165,93,396,114,199,92,16,19,67,57
1400000US25025170502,25025170502,"Census Tract 1705.02, Suffolk County, Massachusetts",2259,225,9,14,0,12,0,12,0,12,0,12,29,43,8,12,33,48,0,12,0,12,23,20,0,12,18,20,49,36,79,49,572,127,178,86,145,57,347,130,186,73,361,117,117,59,87,53,18,21
1400000US25025170601,25025170601,"Census Tract 1706.01, Suffolk County, Massachusetts",4438,442,89,72,0,17,0,17,0,17,9,20,46,62,17,27,51,57,30,33,0,17,69,80,57,35,97,65,93,66,204,253,1587,354,232,85,217,89,539,149,270,84,675,160,136,57,7,12,13,15
1400000US25025170701,25025170701,"Census Tract 1707.01, Suffolk County, Massachusetts",1707,173,28,25,0,12,0,12,0,12,19,25,0,12,0,12,0,12,25,29,2,4,77,63,25,28,13,15,24,19,126,140,493,101,62,40,17,13,221,79,94,52,321,85,115,56,14,13,31,30
1400000US25025170702,25025170702,"Census Tract 1707.02, Suffolk County, Massachusetts",4470,513,368,226,0,17,17,31,0,17,111,127,102,118,21,33,114,113,75,117,43,67,112,103,100,122,83,79,25,33,79,86,1390,310,128,76,415,192,489,255,198,131,413,191,166,156,0,17,21,30
1400000US25025170800,25025170800,"Census Tract 1708, Suffolk County, Massachusetts",3684,341,285,149,0,17,0,17,0,17,7,33,14,22,0,17,0,17,95,93,42,56,105,88,9,23,62,45,51,62,35,35,1270,327,145,88,153,101,767,199,159,112,373,142,112,90,0,17,0,17
1400000US25025180101,25025180101,"Census Tract 1801.01, Suffolk County, Massachusetts",3747,334,42,38,0,12,0,12,0,12,0,12,11,19,0,12,0,12,0,12,17,27,0,12,72,106,13,22,50,58,49,40,1020,225,43,36,293,114,532,142,469,171,750,181,312,140,56,50,18,22
1400000US25025180200,25025180200,"Census Tract 1802, Suffolk County, Massachusetts",2870,184,10,17,0,12,0,12,0,12,0,12,0,12,16,19,0,12,8,12,7,10,0,12,26,29,43,42,29,26,56,35,1002,175,69,52,235,78,407,114,261,84,530,127,123,63,30,27,18,19
1400000US25025180301,25025180301,"Census Tract 1803.01, Suffolk County, Massachusetts",2355,215,9,15,0,12,0,12,0,12,0,12,0,12,0,12,0,12,0,12,7,10,8,13,5,11,0,12,28,32,0,12,551,129,5,9,48,28,177,81,207,78,812,166,386,122,103,56,9,15
1400000US25025180400,25025180400,"Census Tract 1804, Suffolk County, Massachusetts",1309,127,15,17,0,12,0,12,0,12,0,12,0,12,0,12,0,12,14,17,0,12,0,12,18,20,0,12,9,13,0,12,284,79,34,33,83,44,250,69,67,40,347,76,142,61,37,27,9,10
1400000US25025180500,25025180500,"Census Tract 1805, Suffolk County, Massachusetts",3222,218,18,22,0,12,0,12,0,12,0,12,0,12,0,12,0,12,0,12,0,12,0,12,28,31,35,26,13,15,48,73,866,221,107,56,252,133,498,132,345,119,670,161,290,141,40,36,12,20
1400000US25025980101,25025980101,"Census Tract 9801.01, Suffolk County, Massachusetts",246,124,0,12,0,12,0,12,0,12,12,28,0,12,5,12,0,12,5,12,0,12,9,17,12,15,0,12,30,27,16,31,49,52,42,56,10,16,43,37,2,4,7,16,4,10,0,12,0,12
1400000US25025980300,25025980300,"Census Tract 9803, Suffolk County, Massachusetts",316,197,0,12,0,12,0,12,0,12,0,12,0,12,18,36,17,22,6,13,6,14,4,10,17,29,34,39,15,24,13,28,61,64,34,41,5,12,67,50,5,12,14,21,0,12,0,12,0,12
1400000US25025980700,25025980700,"Census Tract 9807, Suffolk County, Massachusetts",9,8,0,12,0,12,0,12,0,12,0,12,0,12,0,12,0,12,0,12,0,12,0,12,0,12,0,12,0,12,0,12,0,12,0,12,0,12,0,12,3,5,3,4,0,12,0,12,3,5
1400000US25025981000,25025981000,"Census Tract 9810, Suffolk County, Massachusetts",0,12,0,12,0,12,0,12,0,12,0,12,0,12,0,12,0,12,0,12,0,12,0,12,0,12,0,12,0,12,0,12,0,12,0,12,0,12,0,12,0,12,0,12,0,12,0,12,0,12
1400000US25025981100,25025981100,"Census Tract 9811, Suffolk County, Massachusetts",406,125,0,12,0,12,0,12,0,12,0,12,0,12,0,12,12,22,0,12,0,12,5,9,10,13,16,17,26,33,18,18,70,54,52,42,21,24,107,55,12,19,48,29,9,9,0,12,0,12
1400000US25025981201,25025981201,"Census Tract 9812.01, Suffolk County, Massachusetts",0,12,0,12,0,12,0,12,0,12,0,12,0,12,0,12,0,12,0,12,0,12,0,12,0,12,0,12,0,12,0,12,0,12,0,12,0,12,0,12,0,12,0,12,0,12,0,12,0,12
1400000US25025981202,25025981202,"Census Tract 9812.02, Suffolk County, Massachusetts",38,40,0,12,0,12,0,12,0,12,0,12,0,12,0,12,0,12,0,12,0,12,0,12,0,12,0,12,0,12,0,12,0,12,0,12,0,12,17,22,7,17,14,21,0,12,0,12,0,12
1400000US25025981300,25025981300,"Census Tract 9813, Suffolk County, Massachusetts",369,79,0,12,0,12,0,12,0,12,0,12,0,12,0,12,0,12,0,12,0,12,0,12,0,12,0,12,0,12,0,12,61,49,0,12,10,16,43,36,11,11,140,47,58,26,33,18,13,13
1400000US25025981501,25025981501,"Census Tract 9815.01, Suffolk County, Massachusetts",0,12,0,12,0,12,0,12,0,12,0,12,0,12,0,12,0,12,0,12,0,12,0,12,0,12,0,12,0,12,0,12,0,12,0,12,0,12,0,12,0,12,0,12,0,12,0,12,0,12
1400000US25025981502,25025981502,"Census Tract 9815.02, Suffolk County, Massachusetts",0,12,0,12,0,12,0,12,0,12,0,12,0,12,0,12,0,12,0,12,0,12,0,12,0,12,0,12,0,12,0,12,0,12,0,12,0,12,0,12,0,12,0,12,0,12,0,12,0,12
1400000US25025981600,25025981600,"Census Tract 9816, Suffolk County, Massachusetts",0,12,0,12,0,12,0,12,0,12,0,12,0,12,0,12,0,12,0,12,0,12,0,12,0,12,0,12,0,12,0,12,0,12,0,12,0,12,0,12,0,12,0,12,0,12,0,12,0,12
1400000US25025981700,25025981700,"Census Tract 9817, Suffolk County, Massachusetts",0,12,0,12,0,12,0,12,0,12,0,12,0,12,0,12,0,12,0,12,0,12,0,12,0,12,0,12,0,12,0,12,0,12,0,12,0,12,0,12,0,12,0,12,0,12,0,12,0,12
1400000US25025981800,25025981800,"Census Tract 9818, Suffolk County, Massachusetts",33,16,0,12,0,12,0,12,0,12,0,12,0,12,0,12,0,12,0,12,0,12,0,12,0,12,0,12,0,12,0,12,10,11,0,12,0,12,4,5,4,6,3,5,6,8,6,10,0,12
1400000US25025990101,25025990101,"Census Tract 9901.01, Suffolk County, Massachusetts",0,12,0,12,0,12,0,12,0,12,0,12,0,12,0,12,0,12,0,12,0,12,0,12,0,12,0,12,0,12,0,12,0,12,0,12,0,12,0,12,0,12,0,12,0,12,0,12,0,12
