GEO.id,GEO.id2,GEO.display-label,HD01_VD01,HD02_VD01,HD01_VD02,HD02_VD02,HD01_VD03,HD02_VD03,HD01_VD04,HD02_VD04,HD01_VD05,HD02_VD05,HD01_VD06,HD02_VD06,HD01_VD07,HD02_VD07,HD01_VD08,HD02_VD08,HD01_VD09,HD02_VD09,HD01_VD10,HD02_VD10,HD01_VD11,HD02_VD11,HD01_VD12,HD02_VD12,HD01_VD13,HD02_VD13,HD01_VD14,HD02_VD14,HD01_VD15,HD02_VD15,HD01_VD16,HD02_VD16,HD01_VD17,HD02_VD17,HD01_VD18,HD02_VD18,HD01_VD19,HD02_VD19,HD01_VD20,HD02_VD20,HD01_VD21,HD02_VD21,HD01_VD22,HD02_VD22,HD01_VD23,HD02_VD23,HD01_VD24,HD02_VD24,HD01_VD25,HD02_VD25
Id,Id2,Geography,Estimate; Total:,Margin of Error; Total:,Estimate; Total: - No schooling completed,Margin of Error; Total: - No schooling completed,Estimate; Total: - Nursery school,Margin of Error; Total: - Nursery school,Estimate; Total: - Kindergarten,Margin of Error; Total: - Kindergarten,Estimate; Total: - 1st grade,Margin of Error; Total: - 1st grade,Estimate; Total: - 2nd grade,Margin of Error; Total: - 2nd grade,Estimate; Total: - 3rd grade,Margin of Error; Total: - 3rd grade,Estimate; Total: - 4th grade,Margin of Error; Total: - 4th grade,Estimate; Total: - 5th grade,Margin of Error; Total: - 5th grade,Estimate; Total: - 6th grade,Margin of Error; Total: - 6th grade,Estimate; Total: - 7th grade,Margin of Error; Total: - 7th grade,Estimate; Total: - 8th grade,Margin of Error; Total: - 8th grade,Estimate; Total: - 9th grade,Margin of Error; Total: - 9th grade,Estimate; Total: - 10th grade,Margin of Error; Total: - 10th grade,Estimate; Total: - 11th grade,Margin of Error; Total: - 11th grade,"Estimate; Total: - 12th grade, no diploma","Margin of Error; Total: - 12th grade, no diploma",Estimate; Total: - Regular high school diploma,Margin of Error; Total: - Regular high school diploma,Estimate; Total: - GED or alternative credential,Margin of Error; Total: - GED or alternative credential,"Estimate; Total: - Some college, less than 1 year","Margin of Error; Total: - Some college, less than 1 year","Estimate; Total: - Some college, 1 or more years, no degree","Margin of Error; Total: - Some college, 1 or more years, no degree",Estimate; Total: - Associate's degree,Margin of Error; Total: - Associate's degree,Estimate; Total: - Bachelor's degree,Margin of Error; Total: - Bachelor's degree,Estimate; Total: - Master's degree,Margin of Error; Total: - Master's degree,Estimate; Total: - Professional school degree,Margin of Error; Total: - Professional school degree,Estimate; Total: - Doctorate degree,Margin of Error; Total: - Doctorate degree
1400000US27053000101,27053000101,"Census Tract 1.01, Hennepin County, Minnesota",2086,195,49,51,0,9,8,14,0,9,0,9,0,9,0,9,0,9,11,18,23,34,23,33,12,16,61,50,18,23,57,58,509,154,100,72,210,60,278,96,211,82,352,112,114,67,29,30,21,30
1400000US27053000102,27053000102,"Census Tract 1.02, Hennepin County, Minnesota",3303,258,106,75,0,12,0,12,0,12,0,12,13,21,3,8,0,12,83,105,3,8,30,29,16,20,54,41,111,68,68,52,961,207,200,69,229,94,515,113,263,106,391,109,233,134,19,22,5,8
1400000US27053000300,27053000300,"Census Tract 3, Hennepin County, Minnesota",2403,129,46,59,0,9,0,9,0,9,0,9,0,9,0,9,0,9,0,9,0,9,9,14,39,33,0,9,52,50,28,26,466,147,63,43,140,61,466,161,172,66,584,112,245,92,85,41,8,13
1400000US27053000601,27053000601,"Census Tract 6.01, Hennepin County, Minnesota",3716,337,94,75,0,9,0,9,10,22,0,9,0,9,0,9,0,9,24,27,55,81,15,23,0,9,27,27,29,32,70,48,344,127,120,98,268,112,609,254,478,147,936,170,387,130,207,104,43,44
1400000US27053000603,27053000603,"Census Tract 6.03, Hennepin County, Minnesota",2100,119,0,9,0,9,0,9,0,9,0,9,0,9,0,9,0,9,0,9,0,9,0,9,0,9,15,17,0,9,41,32,418,91,20,23,87,61,283,87,186,67,668,125,246,90,85,54,51,36
1400000US27053001100,27053001100,"Census Tract 11, Hennepin County, Minnesota",1508,160,0,9,0,9,0,9,0,9,2,4,0,9,0,9,0,9,39,47,19,31,22,16,39,35,21,33,20,16,13,19,191,66,66,40,85,34,256,60,222,84,366,76,90,43,38,25,19,20
1400000US27053001700,27053001700,"Census Tract 17, Hennepin County, Minnesota",1532,156,27,24,0,9,0,9,0,9,0,9,0,9,0,9,7,11,5,8,0,9,0,9,12,12,39,21,26,26,50,30,297,88,24,18,110,50,344,112,89,44,350,107,72,37,60,36,20,18
1400000US27053002200,27053002200,"Census Tract 22, Hennepin County, Minnesota",610,86,24,19,0,9,0,9,0,9,0,9,0,9,0,9,0,9,25,34,0,9,0,9,5,8,40,30,21,20,23,20,145,54,62,48,51,29,120,46,62,34,22,17,10,11,0,9,0,9
1400000US27053002400,27053002400,"Census Tract 24, Hennepin County, Minnesota",1549,166,38,41,0,9,0,9,0,9,0,9,0,9,19,28,0,9,0,9,8,12,7,11,14,17,7,12,32,25,0,9,418,147,9,13,97,55,241,74,166,87,339,91,98,58,48,33,8,12
1400000US27053002700,27053002700,"Census Tract 27, Hennepin County, Minnesota",1576,166,116,60,0,9,5,7,0,9,0,9,7,11,0,9,0,9,10,16,0,9,12,20,28,46,13,21,67,43,9,10,315,92,44,28,124,72,288,88,145,54,206,56,180,82,0,9,7,9
1400000US27053003200,27053003200,"Census Tract 32, Hennepin County, Minnesota",935,126,20,25,0,9,0,9,3,5,0,9,0,9,8,12,0,9,4,6,0,9,0,9,39,36,12,11,4,6,12,13,157,61,65,40,45,27,167,61,94,51,237,69,36,22,22,19,10,10
1400000US27053003300,27053003300,"Census Tract 33, Hennepin County, Minnesota",1246,165,103,55,0,9,0,9,0,9,0,9,0,9,0,9,0,9,0,9,11,16,5,8,15,17,39,24,74,40,64,47,295,102,58,42,74,46,207,67,140,46,123,61,27,24,5,7,6,11
1400000US27053003800,27053003800,"Census Tract 38, Hennepin County, Minnesota",1788,411,12,20,0,12,0,12,0,12,0,12,0,12,0,12,0,12,0,12,0,12,0,12,0,12,0,12,15,24,0,12,263,176,139,104,113,91,233,133,24,30,644,170,249,115,44,42,52,52
1400000US27053005901,27053005901,"Census Tract 59.01, Hennepin County, Minnesota",2408,260,145,64,0,9,0,9,32,42,0,9,12,16,0,9,0,9,6,14,24,29,59,52,51,41,58,45,161,86,38,32,504,139,123,81,58,46,507,131,169,88,286,84,120,65,33,27,22,25
1400000US27053005902,27053005902,"Census Tract 59.02, Hennepin County, Minnesota",1966,276,98,84,0,9,0,9,0,9,39,44,41,64,62,69,21,32,37,31,7,14,16,24,27,27,26,32,99,64,62,51,571,127,95,60,89,55,225,78,98,64,282,115,39,33,26,31,6,10
1400000US27053006800,27053006800,"Census Tract 68, Hennepin County, Minnesota",2952,380,91,65,0,9,0,9,0,9,0,9,0,9,0,9,0,9,106,122,0,9,15,25,16,25,47,65,0,9,84,85,361,138,52,67,139,96,567,193,208,85,940,259,174,91,92,63,60,49
1400000US27053007700,27053007700,"Census Tract 77, Hennepin County, Minnesota",2350,269,141,75,0,9,0,9,0,9,19,30,0,9,0,9,47,40,7,12,0,9,50,57,39,53,12,21,15,16,49,62,189,76,94,47,51,37,249,124,147,78,827,166,322,101,50,31,42,26
1400000US27053007801,27053007801,"Census Tract 78.01, Hennepin County, Minnesota",969,92,60,36,0,9,10,12,0,9,0,9,17,29,10,15,40,29,76,45,22,27,32,30,24,22,7,10,63,39,11,13,149,60,38,26,65,37,153,57,39,41,140,52,0,9,3,5,10,16
1400000US27053008100,27053008100,"Census Tract 81, Hennepin County, Minnesota",2678,152,24,28,0,9,0,9,0,9,0,9,0,9,0,9,0,9,0,9,0,9,0,9,0,9,11,24,0,9,7,12,214,99,47,25,128,58,312,120,186,91,1185,169,338,94,74,40,152,67
1400000US27053008200,27053008200,"Census Tract 82, Hennepin County, Minnesota",3053,367,222,107,0,9,0,9,0,9,0,9,62,63,0,9,0,9,207,195,0,9,90,99,41,56,43,41,51,74,72,59,465,168,24,25,112,73,433,157,215,119,740,214,203,120,34,40,39,44
1400000US27053008300,27053008300,"Census Tract 83, Hennepin County, Minnesota",1047,150,70,58,0,9,0,9,0,9,18,29,22,31,0,9,53,45,98,73,38,41,4,6,17,21,34,37,59,52,37,26,211,100,32,26,17,19,87,41,28,20,154,51,39,23,24,15,5,10
1400000US27053008400,27053008400,"Census Tract 84, Hennepin County, Minnesota",1687,152,57,43,0,9,0,9,0,9,11,17,0,9,0,9,20,30,99,72,6,10,127,75,10,15,55,36,43,31,16,15,357,133,80,41,67,39,170,55,113,44,318,78,123,44,4,6,11,13
1400000US27053008500,27053008500,"Census Tract 85, Hennepin County, Minnesota",2857,250,133,72,0,9,0,9,0,9,0,9,101,67,15,25,34,43,123,93,11,16,55,57,117,90,45,46,84,46,62,34,369,110,62,44,91,47,476,141,125,61,553,135,287,103,69,48,45,39
1400000US27053009500,27053009500,"Census Tract 95, Hennepin County, Minnesota",2040,320,23,35,0,9,0,9,0,9,22,37,0,9,0,9,0,9,48,59,38,46,31,38,39,30,0,9,28,45,83,83,339,141,18,21,119,61,432,135,110,71,550,171,98,52,52,32,10,13
1400000US27053009600,27053009600,"Census Tract 96, Hennepin County, Minnesota",2509,249,26,29,0,9,0,9,0,9,0,9,0,9,0,9,28,45,58,64,9,13,26,28,86,107,0,9,11,17,62,62,413,125,62,39,114,72,326,139,142,77,744,110,296,102,54,38,52,40
1400000US27053010600,27053010600,"Census Tract 106, Hennepin County, Minnesota",2040,118,0,9,0,9,0,9,0,9,0,9,8,13,0,9,0,9,0,9,0,9,0,9,10,15,0,9,0,9,9,14,139,75,0,9,18,20,139,61,91,51,826,145,420,97,300,96,80,50
1400000US27053010700,27053010700,"Census Tract 107, Hennepin County, Minnesota",1719,130,1,3,0,9,0,9,0,9,0,9,0,9,0,9,0,9,0,9,1,2,0,9,0,9,10,11,0,9,0,9,104,49,7,10,39,22,187,57,118,79,604,82,304,66,279,69,65,30
1400000US27053011000,27053011000,"Census Tract 110, Hennepin County, Minnesota",2601,177,7,13,0,9,0,9,0,9,0,9,0,9,0,9,0,9,0,9,0,9,28,36,8,12,11,18,27,24,0,9,265,96,13,20,133,67,299,89,270,84,978,133,420,107,87,45,55,35
1400000US27053011703,27053011703,"Census Tract 117.03, Hennepin County, Minnesota",2994,189,0,9,0,9,0,9,0,9,0,9,0,9,0,9,0,9,0,9,0,9,0,9,0,9,0,9,0,9,31,38,308,113,9,14,133,56,321,137,180,71,1246,150,560,134,160,61,46,33
1400000US27053011704,27053011704,"Census Tract 117.04, Hennepin County, Minnesota",2273,113,0,9,0,9,0,9,0,9,0,9,0,9,0,9,0,9,24,36,8,14,0,9,0,9,0,9,0,9,1,2,241,82,0,9,107,48,339,80,134,54,868,121,345,86,152,52,54,32
1400000US27053011800,27053011800,"Census Tract 118, Hennepin County, Minnesota",3636,329,0,9,0,9,0,9,0,9,0,9,0,9,0,9,0,9,69,98,0,9,14,24,213,237,0,9,51,48,19,32,366,112,82,90,124,70,430,120,305,92,1156,201,708,219,73,52,26,31
1400000US27053011998,27053011998,"Census Tract 119.98, Hennepin County, Minnesota",3268,205,0,9,0,9,0,9,0,9,0,9,0,9,0,9,0,9,0,9,0,9,8,12,9,15,45,60,0,9,76,49,581,121,80,41,136,61,413,107,287,92,1026,212,423,98,112,61,72,48
1400000US27053012001,27053012001,"Census Tract 120.01, Hennepin County, Minnesota",4291,260,89,64,0,12,0,12,0,12,0,12,0,12,0,12,0,12,0,12,0,12,0,12,0,12,22,31,16,26,128,81,413,119,100,71,253,121,426,137,440,167,1388,243,813,168,153,76,50,48
1400000US27053012003,27053012003,"Census Tract 120.03, Hennepin County, Minnesota",3567,343,4,8,0,12,0,12,0,12,0,12,0,12,0,12,0,12,56,10,53,81,49,10,97,111,110,182,65,55,80,36,517,195,24,26,247,115,471,188,364,160,776,190,373,135,163,76,118,74
1400000US27053012101,27053012101,"Census Tract 121.01, Hennepin County, Minnesota",1998,119,14,25,0,9,0,9,12,20,0,9,0,9,40,41,22,33,17,20,29,39,9,18,18,28,24,35,33,52,0,9,336,113,98,71,197,88,361,117,61,36,555,110,130,58,22,22,20,18
1400000US27053012102,27053012102,"Census Tract 121.02, Hennepin County, Minnesota",2271,160,23,26,0,9,0,9,0,9,0,9,0,9,0,9,0,9,0,9,0,9,0,9,0,9,9,13,28,23,24,26,436,107,58,36,134,65,515,166,204,74,597,149,193,75,29,30,21,28
1400000US27053020101,27053020101,"Census Tract 201.01, Hennepin County, Minnesota",2249,107,4,9,0,9,0,9,0,9,0,9,0,9,0,9,0,9,0,9,6,10,10,16,0,9,0,9,24,21,16,17,315,79,80,44,134,63,331,95,216,67,683,111,249,73,120,58,61,47
1400000US27053020102,27053020102,"Census Tract 201.02, Hennepin County, Minnesota",1578,141,0,9,0,9,0,9,0,9,0,9,0,9,0,9,0,9,0,9,0,9,0,9,0,9,22,19,10,16,9,14,348,102,6,12,109,49,288,89,103,55,507,99,87,50,78,47,11,19
1400000US27053020200,27053020200,"Census Tract 202, Hennepin County, Minnesota",5269,417,222,140,0,12,0,12,64,97,7,18,0,12,0,12,8,18,14,23,88,84,148,97,114,88,158,119,146,95,139,97,1049,270,261,133,469,274,599,169,556,180,854,205,287,135,86,80,0,12
1400000US27053020301,27053020301,"Census Tract 203.01, Hennepin County, Minnesota",1674,116,30,31,0,9,0,9,0,9,0,9,0,9,0,9,0,9,10,15,5,8,30,35,35,37,34,34,31,41,65,38,406,101,59,27,114,34,350,73,204,74,229,62,54,24,18,27,0,9
1400000US27053020302,27053020302,"Census Tract 203.02, Hennepin County, Minnesota",1527,133,22,18,0,9,0,9,0,9,18,28,0,9,10,15,0,9,54,66,12,20,8,11,36,38,64,42,81,72,33,22,331,81,178,67,47,25,183,59,97,49,220,62,96,45,24,19,13,13
1400000US27053020303,27053020303,"Census Tract 203.03, Hennepin County, Minnesota",2286,227,222,126,0,9,0,9,0,9,0,9,0,9,0,9,0,9,92,118,0,9,0,9,36,28,72,84,25,26,30,31,656,130,148,76,148,58,393,98,129,59,266,96,69,45,0,9,0,9
1400000US27053020304,27053020304,"Census Tract 203.04, Hennepin County, Minnesota",2062,197,129,77,0,9,0,9,0,9,7,13,0,9,0,9,0,9,0,9,0,9,68,80,22,25,78,64,15,19,77,43,427,126,140,86,106,48,320,95,176,74,398,92,77,59,22,23,0,9
1400000US27053020400,27053020400,"Census Tract 204, Hennepin County, Minnesota",3022,268,202,94,0,9,0,9,0,9,0,9,0,9,0,9,0,9,0,9,0,9,7,11,36,34,9,13,122,118,54,55,784,227,100,44,285,101,535,167,296,87,372,94,175,73,35,25,10,14
1400000US27053020500,27053020500,"Census Tract 205, Hennepin County, Minnesota",2394,200,99,114,0,9,0,9,0,9,0,9,0,9,8,12,0,9,34,45,14,22,29,27,13,18,37,40,62,45,57,47,754,155,152,90,147,63,337,102,247,95,268,101,105,56,0,9,31,27
1400000US27053020600,27053020600,"Census Tract 206, Hennepin County, Minnesota",1427,119,55,44,0,9,0,9,0,9,0,9,0,9,0,9,0,9,12,12,0,9,1,2,5,8,73,47,10,11,19,16,516,87,66,39,135,53,234,92,99,46,147,61,40,22,2,4,13,21
1400000US27053020700,27053020700,"Census Tract 207, Hennepin County, Minnesota",3090,230,57,40,0,9,0,9,0,9,0,9,0,9,0,9,0,9,0,9,8,13,0,9,20,23,42,39,72,64,56,37,988,226,105,52,163,59,439,140,341,129,592,131,124,70,42,31,41,41
1400000US27053020801,27053020801,"Census Tract 208.01, Hennepin County, Minnesota",1396,82,7,10,0,9,0,9,0,9,0,9,0,9,0,9,0,9,0,9,1,2,42,26,12,12,17,16,25,20,27,18,327,80,82,38,124,59,207,56,205,57,256,72,55,25,4,6,5,8
1400000US27053020804,27053020804,"Census Tract 208.04, Hennepin County, Minnesota",2033,173,41,40,0,9,0,9,0,9,0,9,0,9,0,9,0,9,132,156,0,9,0,9,17,18,7,12,42,36,63,46,574,146,115,63,161,64,339,113,87,42,312,110,98,49,36,44,9,15
1400000US27053020902,27053020902,"Census Tract 209.02, Hennepin County, Minnesota",1563,94,10,12,0,9,0,9,0,9,0,9,0,9,0,9,0,9,0,9,0,9,0,9,0,9,12,12,7,11,5,8,340,74,54,29,79,34,250,63,147,37,446,100,181,49,16,15,16,15
1400000US27053020903,27053020903,"Census Tract 209.03, Hennepin County, Minnesota",2562,212,15,18,0,9,0,9,0,9,0,9,0,9,0,9,9,14,0,9,0,9,12,17,22,23,9,12,97,54,56,49,577,145,71,55,219,74,405,110,256,85,608,125,174,95,7,12,25,21
1400000US27053021001,27053021001,"Census Tract 210.01, Hennepin County, Minnesota",4060,212,0,12,0,12,0,12,0,12,0,12,0,12,16,23,0,12,9,16,4,10,37,57,4,10,22,34,92,75,81,73,641,170,109,73,327,111,950,227,367,142,1130,244,248,112,11,18,12,19
1400000US27053021002,27053021002,"Census Tract 210.02, Hennepin County, Minnesota",1481,95,1,3,0,9,0,9,0,9,0,9,0,9,6,9,0,9,4,6,0,9,5,8,0,9,18,15,6,10,28,21,413,84,53,29,105,41,237,59,148,43,367,56,68,37,17,13,5,8
1400000US27053021100,27053021100,"Census Tract 211, Hennepin County, Minnesota",1379,123,14,20,0,9,0,9,0,9,14,22,0,9,0,9,0,9,0,9,23,26,0,9,5,7,43,40,4,7,17,13,293,71,39,21,98,39,288,76,133,42,281,60,99,39,14,12,14,12
1400000US27053021200,27053021200,"Census Tract 212, Hennepin County, Minnesota",3217,200,32,30,0,9,0,9,0,9,0,9,0,9,0,9,0,9,0,9,0,9,25,32,15,22,73,68,13,14,100,59,464,132,141,74,189,83,429,97,287,91,944,130,364,80,99,48,42,32
1400000US27053021300,27053021300,"Census Tract 213, Hennepin County, Minnesota",3391,223,63,85,0,9,0,9,4,8,0,9,0,9,0,9,0,9,0,9,0,9,28,33,139,146,27,31,49,57,51,50,773,197,172,102,347,146,376,162,319,119,785,164,202,104,31,35,25,40
1400000US27053021400,27053021400,"Census Tract 214, Hennepin County, Minnesota",2248,133,4,7,0,9,0,9,0,9,0,9,0,9,0,9,0,9,0,9,0,9,4,9,2,4,38,47,10,17,0,9,379,123,100,54,162,82,302,105,228,80,735,138,194,96,17,26,73,61
1400000US27053021501,27053021501,"Census Tract 215.01, Hennepin County, Minnesota",2907,225,43,31,0,9,0,9,0,9,0,9,0,9,0,9,0,9,0,9,0,9,37,51,0,9,34,27,49,33,61,41,738,156,136,75,279,93,356,98,321,114,696,127,140,48,9,15,8,13
1400000US27053021502,27053021502,"Census Tract 215.02, Hennepin County, Minnesota",2597,283,139,93,0,9,0,9,0,9,0,9,0,9,0,9,0,9,31,40,46,46,119,82,14,19,39,25,121,112,44,32,755,237,8,16,287,118,261,118,219,76,354,104,132,75,12,19,16,19
1400000US27053021503,27053021503,"Census Tract 215.03, Hennepin County, Minnesota",3520,232,96,105,0,12,0,12,0,12,0,12,0,12,0,12,0,12,0,12,41,60,13,22,11,18,0,12,30,33,97,130,759,199,96,76,280,138,693,196,367,113,832,155,180,100,0,12,25,28
1400000US27053021504,27053021504,"Census Tract 215.04, Hennepin County, Minnesota",2446,124,40,51,0,9,0,9,0,9,0,9,0,9,0,9,0,9,9,14,0,9,27,31,7,10,46,56,57,48,33,29,409,78,72,38,171,76,383,105,244,71,570,101,312,110,66,69,0,9
1400000US27053021505,27053021505,"Census Tract 215.05, Hennepin County, Minnesota",3147,211,0,9,0,9,0,9,0,9,0,9,0,9,0,9,0,9,8,17,0,9,0,9,0,9,60,49,129,66,11,19,530,130,102,56,233,166,361,120,207,88,1134,231,270,92,95,59,7,12
1400000US27053021601,27053021601,"Census Tract 216.01, Hennepin County, Minnesota",3205,153,0,9,0,9,15,21,0,9,0,9,0,9,0,9,0,9,2,4,0,9,8,17,0,9,0,9,20,31,45,35,459,120,50,39,238,109,488,104,233,87,1075,166,329,82,180,65,63,59
1400000US27053021602,27053021602,"Census Tract 216.02, Hennepin County, Minnesota",4433,290,60,94,0,12,0,12,0,12,0,12,0,12,0,12,0,12,24,37,0,12,12,13,32,35,13,14,44,46,16,26,738,182,122,93,253,125,600,154,481,131,1278,210,526,161,145,83,89,70
1400000US27053021700,27053021700,"Census Tract 217, Hennepin County, Minnesota",3958,229,19,22,0,12,0,12,0,12,0,12,0,12,0,12,0,12,0,12,0,12,0,12,60,77,17,37,5,11,3,6,574,195,36,38,95,59,521,144,439,146,1365,224,516,144,203,101,105,63
1400000US27053021800,27053021800,"Census Tract 218, Hennepin County, Minnesota",1639,109,0,9,0,9,0,9,0,9,0,9,0,9,0,9,0,9,0,9,0,9,0,9,0,9,9,15,0,9,0,9,51,34,0,9,114,58,177,84,100,67,540,143,336,76,165,67,147,69
1400000US27053021900,27053021900,"Census Tract 219, Hennepin County, Minnesota",2510,202,38,34,0,9,0,9,0,9,0,9,0,9,0,9,0,9,0,9,0,9,0,9,8,14,8,12,49,57,0,9,424,166,35,32,98,51,215,64,181,87,786,142,323,93,278,95,67,51
1400000US27053022000,27053022000,"Census Tract 220, Hennepin County, Minnesota",1314,94,5,9,0,9,0,9,0,9,0,9,0,9,0,9,0,9,15,24,0,9,0,9,0,9,0,9,15,22,19,26,118,61,0,9,72,30,126,62,93,44,682,99,137,38,22,17,10,15
1400000US27053022101,27053022101,"Census Tract 221.01, Hennepin County, Minnesota",2013,144,23,24,0,9,0,9,0,9,0,9,0,9,0,9,5,10,0,9,0,9,5,10,10,15,17,17,5,13,40,31,204,63,84,57,44,30,292,118,87,52,903,193,257,89,30,29,7,11
1400000US27053022102,27053022102,"Census Tract 221.02, Hennepin County, Minnesota",1973,138,29,30,0,9,0,9,0,9,0,9,0,9,0,9,0,9,7,14,0,9,0,9,4,7,6,11,2,6,10,15,260,88,23,24,125,51,256,81,215,82,758,128,234,86,41,32,3,6
1400000US27053022200,27053022200,"Census Tract 222, Hennepin County, Minnesota",3355,232,1,2,0,9,0,9,0,9,0,9,0,9,0,9,0,9,0,9,0,9,0,9,0,9,16,25,18,28,8,13,240,94,53,48,215,87,451,123,435,149,1272,227,546,153,75,70,25,29
1400000US27053022301,27053022301,"Census Tract 223.01, Hennepin County, Minnesota",1807,166,0,9,0,9,0,9,0,9,0,9,0,9,0,9,0,9,5,10,0,9,8,12,3,6,0,9,8,14,91,58,360,107,11,18,126,51,222,73,204,89,546,90,178,60,36,25,9,13
1400000US27053022302,27053022302,"Census Tract 223.02, Hennepin County, Minnesota",2123,213,25,29,0,9,0,9,0,9,0,9,0,9,0,9,0,9,0,9,0,9,36,41,33,44,17,18,19,22,10,15,494,147,75,67,193,88,386,121,161,75,453,122,183,91,24,23,14,15
1400000US27053022400,27053022400,"Census Tract 224, Hennepin County, Minnesota",2595,199,7,10,0,9,0,9,0,9,0,9,0,9,0,9,38,58,37,56,0,9,23,20,0,9,8,14,22,27,22,24,392,119,76,61,159,72,426,102,218,76,801,139,274,98,60,45,32,30
1400000US27053022700,27053022700,"Census Tract 227, Hennepin County, Minnesota",3100,197,84,90,0,9,0,9,0,9,0,9,0,9,32,45,27,39,0,9,0,9,0,9,0,9,26,31,19,32,74,56,325,99,22,23,139,68,478,177,217,88,1138,175,397,126,56,39,66,39
1400000US27053022801,27053022801,"Census Tract 228.01, Hennepin County, Minnesota",1459,104,0,9,0,9,0,9,0,9,0,9,0,9,0,9,5,7,0,9,5,8,5,8,0,9,0,9,6,8,4,6,113,34,10,11,46,23,125,40,86,35,482,89,334,57,155,48,83,37
1400000US27053022802,27053022802,"Census Tract 228.02, Hennepin County, Minnesota",2432,190,28,44,0,9,0,9,0,9,0,9,0,9,0,9,12,20,0,9,0,9,0,9,23,26,0,9,0,9,0,9,316,107,60,48,94,38,310,123,129,58,903,141,377,128,129,64,51,47
1400000US27053022901,27053022901,"Census Tract 229.01, Hennepin County, Minnesota",3935,263,16,26,0,12,0,12,4,9,5,13,0,12,0,12,51,78,2,5,0,12,4,7,0,12,6,9,0,12,0,12,254,129,37,41,56,51,453,162,212,105,1806,321,514,166,321,106,194,110
1400000US27053022902,27053022902,"Census Tract 229.02, Hennepin County, Minnesota",1215,86,3,5,0,9,0,9,0,9,0,9,0,9,0,9,0,9,0,9,0,9,6,9,0,9,5,7,0,9,11,12,73,35,11,11,42,25,127,41,60,35,569,80,212,56,81,29,15,14
1400000US27053023000,27053023000,"Census Tract 230, Hennepin County, Minnesota",3308,255,39,63,0,9,0,9,0,9,0,9,0,9,15,25,0,9,0,9,0,9,56,77,35,58,0,9,17,27,47,54,392,181,40,33,164,110,394,154,442,162,1080,225,412,112,74,61,101,68
1400000US27053023100,27053023100,"Census Tract 231, Hennepin County, Minnesota",1219,67,0,9,0,9,0,9,0,9,0,9,0,9,0,9,0,9,0,9,0,9,0,9,0,9,0,9,0,9,0,9,102,43,10,12,20,20,128,40,44,26,498,73,252,59,142,48,23,19
1400000US27053023200,27053023200,"Census Tract 232, Hennepin County, Minnesota",4382,278,63,56,0,12,0,12,0,12,0,12,0,12,0,12,0,12,0,12,8,17,8,16,104,147,0,12,73,73,39,25,781,233,41,40,189,93,418,134,390,140,1657,290,493,207,85,55,33,31
1400000US27053023300,27053023300,"Census Tract 233, Hennepin County, Minnesota",3760,271,102,103,0,12,0,12,0,12,0,12,34,57,0,12,1,2,19,30,0,12,112,156,101,115,16,25,23,27,114,88,685,182,84,48,178,103,611,182,446,197,934,250,259,104,21,24,20,23
1400000US27053023400,27053023400,"Census Tract 234, Hennepin County, Minnesota",3935,261,0,12,0,12,0,12,0,12,0,12,5,11,0,12,0,12,0,12,5,13,27,34,0,12,99,73,58,68,23,28,828,191,154,94,171,88,811,184,307,146,1104,204,245,96,56,45,42,41
1400000US27053023501,27053023501,"Census Tract 235.01, Hennepin County, Minnesota",2673,135,3,6,0,9,0,9,0,9,0,9,0,9,0,9,0,9,0,9,6,10,8,12,0,9,0,9,13,16,0,9,348,104,27,33,137,62,316,81,228,101,1124,163,295,87,141,57,27,24
1400000US27053023502,27053023502,"Census Tract 235.02, Hennepin County, Minnesota",3936,227,0,12,0,12,0,12,0,12,0,12,0,12,0,12,0,12,0,12,0,12,0,12,0,12,0,12,1,3,1,3,334,131,39,38,118,60,278,104,181,83,1571,198,870,168,453,111,90,69
1400000US27053023600,27053023600,"Census Tract 236, Hennepin County, Minnesota",2440,138,0,9,0,9,0,9,0,9,0,9,0,9,0,9,0,9,0,9,0,9,0,9,0,9,0,9,0,9,0,9,161,93,3,7,9,14,190,97,57,37,911,135,571,108,445,98,93,49
1400000US27053023700,27053023700,"Census Tract 237, Hennepin County, Minnesota",3119,165,2,4,0,9,0,9,0,9,0,9,0,9,0,9,0,9,0,9,0,9,8,12,0,9,46,70,0,9,0,9,230,78,14,16,155,67,402,94,78,38,1329,156,571,111,168,55,116,67
1400000US27053023801,27053023801,"Census Tract 238.01, Hennepin County, Minnesota",3311,146,0,12,0,12,0,12,0,12,10,16,0,12,0,12,0,12,9,14,0,12,0,12,0,12,1,4,10,14,0,12,170,72,12,13,104,49,412,102,143,62,1494,138,614,118,199,75,133,67
1400000US27053023802,27053023802,"Census Tract 238.02, Hennepin County, Minnesota",1912,91,5,7,0,9,0,9,0,9,0,9,0,9,0,9,0,9,0,9,10,14,0,9,0,9,0,9,0,9,0,9,202,100,18,20,45,29,179,51,87,42,833,114,417,94,100,43,16,18
1400000US27053023901,27053023901,"Census Tract 239.01, Hennepin County, Minnesota",2346,120,0,9,0,9,0,9,0,9,0,9,0,9,0,9,0,9,0,9,0,9,0,9,0,9,0,9,0,9,29,27,119,76,27,30,84,52,229,76,74,38,1025,137,403,97,268,94,88,41
1400000US27053023902,27053023902,"Census Tract 239.02, Hennepin County, Minnesota",1361,76,12,13,0,9,0,9,0,9,0,9,0,9,0,9,0,9,0,9,0,9,0,9,4,7,10,13,0,9,5,8,108,49,0,9,27,18,109,41,55,29,619,79,208,51,160,42,44,32
1400000US27053023903,27053023903,"Census Tract 239.03, Hennepin County, Minnesota",2476,132,9,14,0,9,0,9,0,9,0,9,0,9,0,9,0,9,0,9,2,4,5,8,0,9,11,15,0,9,1,4,152,63,8,13,99,47,269,101,102,47,1018,143,462,110,259,78,79,62
1400000US27053024003,27053024003,"Census Tract 240.03, Hennepin County, Minnesota",3516,280,24,33,0,9,0,9,0,9,0,9,100,103,55,81,26,33,14,23,0,9,1,2,0,9,51,63,32,32,27,31,304,109,71,64,171,93,221,86,173,94,1286,267,593,192,307,163,60,41
1400000US27053024004,27053024004,"Census Tract 240.04, Hennepin County, Minnesota",3686,191,10,17,0,9,0,9,0,9,0,9,0,9,57,88,0,9,0,9,0,9,61,81,0,9,0,9,26,44,108,114,599,182,78,59,246,99,453,149,271,102,1219,258,377,131,166,113,15,25
1400000US27053024005,27053024005,"Census Tract 240.05, Hennepin County, Minnesota",1711,204,8,14,0,9,0,9,0,9,0,9,0,9,0,9,0,9,0,9,0,9,0,9,0,9,0,9,3,7,10,16,276,105,50,39,120,45,208,82,187,82,652,135,149,72,30,27,18,25
1400000US27053024006,27053024006,"Census Tract 240.06, Hennepin County, Minnesota",1322,84,0,9,0,9,0,9,0,9,0,9,0,9,0,9,0,9,0,9,0,9,0,9,0,9,0,9,0,9,0,9,87,31,14,14,27,21,168,48,50,34,566,79,215,70,140,46,55,32
1400000US27053024100,27053024100,"Census Tract 241, Hennepin County, Minnesota",2595,159,37,37,0,9,0,9,0,9,0,9,0,9,0,9,0,9,0,9,15,23,7,12,0,9,0,9,18,20,38,32,433,141,58,35,117,58,538,121,226,81,815,142,261,96,27,22,5,8
1400000US27053024200,27053024200,"Census Tract 242, Hennepin County, Minnesota",2363,115,3,6,0,9,0,9,0,9,0,9,0,9,0,9,0,9,0,9,11,16,0,9,0,9,0,9,15,17,23,23,342,97,30,34,163,61,291,88,331,106,818,128,238,84,75,43,23,22
1400000US27053024300,27053024300,"Census Tract 243, Hennepin County, Minnesota",3068,249,138,91,0,9,38,55,0,9,0,9,0,9,0,9,0,9,22,31,23,32,18,28,121,102,6,10,14,17,44,51,705,195,41,56,68,38,332,96,280,104,763,172,411,94,32,38,12,18
1400000US27053024400,27053024400,"Census Tract 244, Hennepin County, Minnesota",3083,239,52,83,0,9,0,9,0,9,0,9,0,9,0,9,0,9,11,35,0,9,0,9,12,40,86,117,87,82,56,47,554,161,131,130,162,76,433,136,388,169,594,179,441,218,67,62,9,15
1400000US27053024500,27053024500,"Census Tract 245, Hennepin County, Minnesota",1817,138,32,31,0,9,0,9,0,9,0,9,0,9,15,22,0,9,0,9,4,6,0,9,37,36,17,16,31,21,19,22,356,101,21,15,75,44,280,74,186,74,530,111,166,53,26,19,22,17
1400000US27053024600,27053024600,"Census Tract 246, Hennepin County, Minnesota",2948,209,69,46,0,9,0,9,0,9,0,9,0,9,0,9,0,9,27,42,27,29,26,24,31,30,69,47,11,17,53,42,645,183,104,60,118,42,503,142,291,108,576,119,340,134,48,33,10,17
1400000US27053024700,27053024700,"Census Tract 247, Hennepin County, Minnesota",2424,200,29,40,0,9,0,9,0,9,11,17,0,9,0,9,7,10,0,9,11,17,7,11,27,34,61,42,40,37,23,22,470,131,54,45,177,67,475,143,223,60,592,113,146,51,61,31,10,17
1400000US27053024801,27053024801,"Census Tract 248.01, Hennepin County, Minnesota",1663,162,12,13,0,9,0,9,6,9,0,9,6,10,29,29,0,9,52,35,0,9,17,23,39,48,20,22,18,17,32,20,399,95,40,23,106,39,246,62,213,63,334,96,73,35,0,9,21,15
1400000US27053024802,27053024802,"Census Tract 248.02, Hennepin County, Minnesota",1939,230,113,82,0,9,0,9,0,9,0,9,0,9,0,9,57,45,72,71,0,9,51,43,66,69,9,13,15,16,53,39,515,171,19,23,43,33,170,82,211,103,429,131,76,45,28,26,12,21
1400000US27053024901,27053024901,"Census Tract 249.01, Hennepin County, Minnesota",639,75,9,9,0,9,0,9,0,9,0,9,0,9,0,9,12,17,25,30,0,9,0,9,0,9,16,20,4,7,9,8,112,44,2,2,52,26,151,50,99,33,111,38,33,25,4,6,0,9
1400000US27053024902,27053024902,"Census Tract 249.02, Hennepin County, Minnesota",1676,116,26,22,0,9,0,9,0,9,0,9,20,25,21,30,0,9,155,60,9,11,40,38,0,9,28,25,0,9,49,41,287,71,19,19,124,46,263,72,106,45,400,89,88,44,21,17,20,17
1400000US27053024903,27053024903,"Census Tract 249.03, Hennepin County, Minnesota",1393,107,16,15,0,9,0,9,0,9,0,9,0,9,0,9,0,9,15,23,18,23,5,8,19,20,6,8,18,19,46,35,341,73,60,37,135,50,311,78,94,32,196,55,100,39,5,8,8,15
1400000US27053025100,27053025100,"Census Tract 251, Hennepin County, Minnesota",2007,235,9,14,0,9,0,9,0,9,5,10,0,9,0,9,0,9,26,40,0,9,0,9,0,9,5,11,19,23,91,57,440,203,43,28,171,76,315,115,181,63,498,121,144,53,36,28,24,28
1400000US27053025201,27053025201,"Census Tract 252.01, Hennepin County, Minnesota",3509,248,72,58,0,12,0,12,0,12,0,12,34,47,0,12,0,12,38,39,25,34,17,29,49,46,36,30,156,71,119,65,1133,250,74,45,278,91,570,167,284,100,481,137,64,43,27,27,52,50
1400000US27053025205,27053025205,"Census Tract 252.05, Hennepin County, Minnesota",3904,248,94,105,0,12,0,12,4,10,0,12,6,14,0,12,0,12,30,41,7,12,41,39,17,27,56,32,114,107,128,68,1167,246,133,77,314,94,523,160,443,126,683,145,127,45,17,18,0,12
1400000US27053025301,27053025301,"Census Tract 253.01, Hennepin County, Minnesota",2155,137,9,14,0,9,0,9,9,20,0,9,0,9,0,9,0,9,0,9,0,9,21,24,0,9,0,9,15,23,11,18,469,104,38,36,147,54,392,102,249,79,579,112,157,58,41,27,18,22
1400000US27053025302,27053025302,"Census Tract 253.02, Hennepin County, Minnesota",3050,156,93,61,0,9,0,9,0,9,0,9,0,9,14,21,0,9,0,9,12,18,0,9,24,26,60,47,41,34,22,22,686,144,117,73,247,100,615,152,356,97,619,148,136,53,0,9,8,12
1400000US27053025401,27053025401,"Census Tract 254.01, Hennepin County, Minnesota",2647,143,23,28,0,9,0,9,0,9,0,9,0,9,0,9,0,9,12,18,15,22,45,44,47,44,28,31,79,38,79,40,654,127,63,39,281,116,434,113,343,97,393,108,102,54,14,21,35,31
1400000US27053025403,27053025403,"Census Tract 254.03, Hennepin County, Minnesota",2674,214,47,48,0,9,0,9,0,9,0,9,0,9,0,9,0,9,0,9,0,9,97,105,8,14,12,14,24,32,58,45,537,115,90,51,210,91,395,97,275,95,726,160,125,49,50,40,20,19
1400000US27053025601,27053025601,"Census Tract 256.01, Hennepin County, Minnesota",1775,115,1,3,0,9,0,9,0,9,0,9,0,9,28,31,0,9,7,11,17,19,11,18,0,9,14,17,28,28,56,43,299,70,45,31,131,50,322,91,244,86,446,104,95,45,31,22,0,9
1400000US27053025603,27053025603,"Census Tract 256.03, Hennepin County, Minnesota",2968,161,14,14,0,9,0,9,0,9,0,9,0,9,0,9,0,9,0,9,0,9,8,12,7,12,44,35,20,23,14,16,638,181,54,46,169,72,310,98,297,81,1022,155,249,78,42,29,80,49
1400000US27053025605,27053025605,"Census Tract 256.05, Hennepin County, Minnesota",2771,219,11,19,0,9,0,9,0,9,0,9,0,9,0,9,8,14,9,15,0,9,0,9,0,9,8,14,11,17,0,9,523,136,134,88,99,49,482,120,346,102,835,161,248,84,26,27,31,28
1400000US27053025701,27053025701,"Census Tract 257.01, Hennepin County, Minnesota",4809,293,3,6,0,12,0,12,0,12,0,12,0,12,0,12,20,33,21,34,0,12,0,12,0,12,0,12,17,28,44,53,649,233,41,36,337,115,836,215,309,114,1591,253,752,189,135,84,54,46
1400000US27053025702,27053025702,"Census Tract 257.02, Hennepin County, Minnesota",3530,306,70,56,0,9,0,9,0,9,0,9,0,9,0,9,0,9,60,97,0,9,49,58,6,10,82,77,21,25,13,21,760,220,88,62,330,121,465,164,239,122,893,177,331,123,115,75,8,14
1400000US27053025801,27053025801,"Census Tract 258.01, Hennepin County, Minnesota",2296,148,8,14,0,9,0,9,0,9,0,9,0,9,0,9,0,9,0,9,6,9,21,22,7,10,15,18,7,10,35,32,444,159,31,27,108,59,358,95,210,66,568,110,367,112,86,44,25,24
1400000US27053025802,27053025802,"Census Tract 258.02, Hennepin County, Minnesota",1698,76,1,2,0,9,0,9,0,9,0,9,0,9,0,9,0,9,0,9,0,9,4,8,0,9,3,6,5,7,13,12,314,60,34,21,106,37,269,65,187,55,529,72,158,45,43,25,32,22
1400000US27053025803,27053025803,"Census Tract 258.03, Hennepin County, Minnesota",2305,136,111,103,0,9,0,9,0,9,0,9,0,9,0,9,0,9,23,25,0,9,15,23,27,27,14,21,20,22,60,47,408,97,54,34,166,71,436,93,246,77,566,125,127,61,0,9,32,30
1400000US27053025805,27053025805,"Census Tract 258.05, Hennepin County, Minnesota",2267,176,0,9,0,9,0,9,0,9,0,9,0,9,0,9,0,9,15,21,0,9,7,12,9,15,18,18,34,24,0,9,410,100,134,74,226,87,283,96,191,81,644,113,260,76,20,26,16,19
1400000US27053025903,27053025903,"Census Tract 259.03, Hennepin County, Minnesota",4945,235,81,67,0,12,0,12,0,12,0,12,0,12,0,12,0,12,0,12,0,12,55,71,11,18,48,46,57,45,70,57,591,207,91,52,199,101,391,155,295,101,1665,248,949,229,374,158,68,50
1400000US27053025905,27053025905,"Census Tract 259.05, Hennepin County, Minnesota",2967,155,0,9,0,9,0,9,0,9,0,9,0,9,0,9,0,9,0,9,0,9,15,16,21,27,26,29,0,9,14,21,267,85,35,38,101,41,411,96,146,61,1108,134,632,133,108,46,83,52
1400000US27053025906,27053025906,"Census Tract 259.06, Hennepin County, Minnesota",4501,217,27,37,0,12,0,12,0,12,0,12,0,12,0,12,0,12,0,12,0,12,9,13,17,27,12,18,18,28,110,94,360,152,63,70,318,139,844,198,433,157,1456,246,591,184,172,98,71,50
1400000US27053025907,27053025907,"Census Tract 259.07, Hennepin County, Minnesota",3584,200,26,50,0,9,0,9,0,9,0,9,15,25,0,9,0,9,41,65,0,9,13,21,0,9,27,31,0,9,14,21,401,150,82,59,181,107,591,147,392,200,1241,194,380,131,149,115,31,35
1400000US27053026005,27053026005,"Census Tract 260.05, Hennepin County, Minnesota",2603,156,29,30,0,9,0,9,0,9,0,9,0,9,0,9,0,9,0,9,0,9,0,9,22,35,17,19,2,4,21,20,246,71,30,26,149,56,307,93,303,112,1106,156,270,84,63,37,38,28
1400000US27053026006,27053026006,"Census Tract 260.06, Hennepin County, Minnesota",2178,100,17,18,0,9,0,9,0,9,0,9,0,9,0,9,0,9,2,4,0,9,0,9,2,4,1,3,1,3,0,9,195,68,21,21,174,79,402,98,191,67,786,136,282,90,28,29,76,45
1400000US27053026007,27053026007,"Census Tract 260.07, Hennepin County, Minnesota",3322,221,0,9,0,9,0,9,0,9,0,9,0,9,0,9,0,9,0,9,0,9,21,21,0,9,0,9,0,9,55,56,337,131,57,70,129,54,530,118,335,95,1182,150,523,115,97,47,56,46
1400000US27053026013,27053026013,"Census Tract 260.13, Hennepin County, Minnesota",3129,167,0,9,0,9,0,9,0,9,0,9,0,9,0,9,0,9,0,9,0,9,0,9,7,11,8,12,1,2,21,20,327,83,14,16,166,67,317,88,297,90,1184,166,582,125,149,77,56,34
1400000US27053026014,27053026014,"Census Tract 260.14, Hennepin County, Minnesota",3578,130,0,12,0,12,0,12,0,12,0,12,0,12,0,12,0,12,0,12,0,12,0,12,0,12,0,12,26,27,17,19,322,86,25,22,121,58,376,97,364,87,1561,140,526,110,138,61,102,57
1400000US27053026015,27053026015,"Census Tract 260.15, Hennepin County, Minnesota",3872,193,45,45,0,12,0,12,0,12,0,12,0,12,0,12,0,12,0,12,0,12,0,12,0,12,8,14,0,12,23,35,417,127,97,88,231,90,539,156,336,136,1395,204,478,137,173,87,130,79
1400000US27053026016,27053026016,"Census Tract 260.16, Hennepin County, Minnesota",4830,314,56,69,0,12,0,12,0,12,0,12,0,12,0,12,0,12,0,12,0,12,8,17,1,4,0,12,0,12,106,119,329,109,38,42,214,126,652,192,469,133,1873,250,870,198,178,79,36,40
1400000US27053026018,27053026018,"Census Tract 260.18, Hennepin County, Minnesota",4738,211,0,12,0,12,0,12,0,12,0,12,0,12,0,12,0,12,0,12,0,12,14,22,0,12,31,35,38,61,13,23,297,118,2,4,177,89,538,153,468,156,1991,248,864,215,159,77,146,94
1400000US27053026019,27053026019,"Census Tract 260.19, Hennepin County, Minnesota",4257,328,0,12,0,12,0,12,0,12,0,12,0,12,0,12,0,12,0,12,0,12,115,93,68,80,88,106,0,12,5,9,647,256,92,99,123,109,514,203,150,95,1572,323,754,280,63,71,66,54
1400000US27053026020,27053026020,"Census Tract 260.20, Hennepin County, Minnesota",3147,217,62,61,0,9,0,9,0,9,0,9,0,9,0,9,73,85,0,9,0,9,6,14,0,9,44,50,60,53,0,9,481,174,0,9,139,90,420,124,151,84,1100,226,389,150,83,57,139,89
1400000US27053026021,27053026021,"Census Tract 260.21, Hennepin County, Minnesota",2884,113,0,9,0,9,0,9,0,9,0,9,0,9,0,9,0,9,0,9,0,9,14,21,25,28,0,9,31,35,7,12,179,84,0,9,85,42,408,124,172,67,1217,129,514,116,169,71,63,39
1400000US27053026022,27053026022,"Census Tract 260.22, Hennepin County, Minnesota",4262,182,27,34,0,12,0,12,0,12,0,12,0,12,0,12,0,12,0,12,0,12,21,27,0,12,0,12,0,12,0,12,370,129,22,34,131,82,384,155,448,156,1694,210,841,193,154,92,170,100
1400000US27053026101,27053026101,"Census Tract 261.01, Hennepin County, Minnesota",2304,118,8,13,7,10,0,9,0,9,0,9,0,9,0,9,0,9,4,9,0,9,0,9,7,11,24,35,10,11,11,18,371,110,43,29,69,40,362,99,135,54,699,136,433,93,112,55,9,15
1400000US27053026103,27053026103,"Census Tract 261.03, Hennepin County, Minnesota",2065,127,7,11,0,9,0,9,0,9,0,9,0,9,2,4,0,9,0,9,0,9,25,22,10,15,0,9,7,13,0,9,272,92,18,19,101,50,383,96,231,89,577,134,287,79,92,52,53,66
1400000US27053026104,27053026104,"Census Tract 261.04, Hennepin County, Minnesota",3368,235,42,37,0,9,0,9,0,9,0,9,0,9,15,25,0,9,0,9,0,9,0,9,0,9,26,25,69,108,30,36,279,125,24,30,140,71,593,173,337,151,1307,248,262,126,168,98,76,63
1400000US27053026201,27053026201,"Census Tract 262.01, Hennepin County, Minnesota",2294,113,0,9,0,9,0,9,0,9,0,9,0,9,0,9,12,21,0,9,0,9,10,15,0,9,0,9,8,12,9,15,316,130,29,27,62,38,268,79,120,60,866,168,397,89,168,67,29,19
1400000US27053026202,27053026202,"Census Tract 262.02, Hennepin County, Minnesota",2039,100,0,9,0,9,0,9,0,9,0,9,0,9,0,9,9,13,0,9,0,9,0,9,0,9,12,19,9,14,23,27,229,82,8,12,162,60,337,85,139,63,674,114,255,75,105,58,77,38
1400000US27053026205,27053026205,"Census Tract 262.05, Hennepin County, Minnesota",2271,95,14,21,0,9,0,9,0,9,0,9,0,9,0,9,0,9,0,9,0,9,0,9,0,9,0,9,16,19,29,26,248,88,34,31,107,51,249,78,277,80,778,109,340,93,131,61,48,32
1400000US27053026206,27053026206,"Census Tract 262.06, Hennepin County, Minnesota",2572,165,0,9,0,9,0,9,0,9,0,9,0,9,0,9,0,9,0,9,0,9,8,12,0,9,0,9,39,36,8,13,369,120,1,2,150,70,331,95,221,82,909,134,366,102,143,63,27,26
1400000US27053026207,27053026207,"Census Tract 262.07, Hennepin County, Minnesota",2884,145,31,29,0,9,0,9,0,9,0,9,0,9,9,15,0,9,9,14,11,19,6,10,9,14,0,9,0,9,19,22,420,111,18,20,75,41,504,157,266,95,1017,159,351,91,60,36,79,40
1400000US27053026208,27053026208,"Census Tract 262.08, Hennepin County, Minnesota",2186,93,1,4,0,9,0,9,0,9,0,9,0,9,0,9,0,9,0,9,0,9,0,9,1,4,0,9,10,15,0,9,302,82,45,35,134,61,314,76,169,65,809,145,330,90,31,25,40,30
1400000US27053026301,27053026301,"Census Tract 263.01, Hennepin County, Minnesota",2580,127,17,19,0,9,0,9,0,9,0,9,0,9,0,9,0,9,0,9,0,9,0,9,2,5,0,9,10,13,0,9,316,88,25,25,97,51,287,75,142,65,996,116,426,107,167,74,95,59
1400000US27053026302,27053026302,"Census Tract 263.02, Hennepin County, Minnesota",2524,118,0,9,0,9,0,9,0,9,0,9,0,9,0,9,0,9,0,9,22,31,0,9,0,9,7,12,0,9,20,21,274,73,55,41,33,24,473,108,178,78,996,124,353,102,68,43,45,46
1400000US27053026402,27053026402,"Census Tract 264.02, Hennepin County, Minnesota",4560,318,0,12,0,12,0,12,0,12,0,12,0,12,0,12,16,28,18,29,0,12,0,12,32,36,0,12,0,12,47,44,647,160,37,44,138,83,739,224,490,150,1469,219,619,185,222,138,86,61
1400000US27053026403,27053026403,"Census Tract 264.03, Hennepin County, Minnesota",2421,161,0,9,0,9,0,9,0,9,0,9,0,9,0,9,0,9,0,9,0,9,18,22,0,9,0,9,10,16,28,27,401,139,21,24,113,57,230,89,219,81,847,134,464,106,61,39,9,14
1400000US27053026404,27053026404,"Census Tract 264.04, Hennepin County, Minnesota",4020,209,2,4,0,12,0,12,0,12,0,12,0,12,0,12,0,12,0,12,0,12,0,12,41,42,0,12,39,40,19,30,323,131,7,14,148,91,568,157,253,108,1493,297,709,222,306,92,112,75
1400000US27053026505,27053026505,"Census Tract 265.05, Hennepin County, Minnesota",2710,133,10,15,0,9,0,9,0,9,0,9,0,9,0,9,0,9,0,9,1,2,0,9,1,2,0,9,0,9,23,25,408,100,50,43,143,64,413,110,275,85,839,142,364,88,86,41,97,47
1400000US27053026507,27053026507,"Census Tract 265.07, Hennepin County, Minnesota",3538,249,0,9,0,9,0,9,0,9,0,9,0,9,0,9,0,9,0,9,0,9,0,9,0,9,17,29,0,9,89,62,480,143,30,34,236,109,495,178,274,123,1296,282,471,188,91,66,59,46
1400000US27053026508,27053026508,"Census Tract 265.08, Hennepin County, Minnesota",3893,215,0,9,0,9,0,9,0,9,0,9,0,9,0,9,0,9,0,9,0,9,0,9,67,73,0,9,0,9,0,9,630,216,0,9,211,108,590,156,308,113,1307,231,417,159,144,103,219,121
1400000US27053026509,27053026509,"Census Tract 265.09, Hennepin County, Minnesota",3362,156,0,9,0,9,0,9,0,9,0,9,0,9,2,16,0,9,0,9,2,9,0,9,5,24,14,21,30,28,0,9,362,126,0,9,205,80,433,94,287,91,1378,177,463,121,109,45,72,39
1400000US27053026510,27053026510,"Census Tract 265.10, Hennepin County, Minnesota",2736,184,0,9,0,9,0,9,0,9,0,9,0,9,0,9,0,9,0,9,0,9,0,9,0,9,17,20,9,13,18,20,398,121,76,54,176,61,438,108,224,87,924,136,357,110,47,44,52,39
1400000US27053026511,27053026511,"Census Tract 265.11, Hennepin County, Minnesota",2452,199,25,16,0,9,0,9,0,9,0,9,0,9,0,9,0,9,9,13,0,9,0,9,7,12,26,26,12,18,29,20,518,162,102,70,209,84,376,108,227,81,654,118,224,76,34,31,0,9
1400000US27053026512,27053026512,"Census Tract 265.12, Hennepin County, Minnesota",4571,287,9,14,0,12,0,12,10,20,0,12,0,12,0,12,0,12,0,12,15,20,0,12,49,45,4,9,59,70,16,22,417,118,118,66,223,93,701,203,333,111,1752,316,616,136,158,74,91,55
1400000US27053026514,27053026514,"Census Tract 265.14, Hennepin County, Minnesota",3463,226,1,2,0,9,0,9,0,9,0,9,0,9,0,9,0,9,0,9,0,9,28,35,109,94,48,56,62,59,8,14,508,152,115,69,253,121,379,137,247,99,1260,218,325,137,58,47,62,47
1400000US27053026605,27053026605,"Census Tract 266.05, Hennepin County, Minnesota",2438,105,0,9,0,9,0,9,0,9,0,9,0,9,0,9,0,9,0,9,0,9,5,8,0,9,0,9,0,9,14,18,210,76,0,9,151,70,256,86,206,74,1014,136,411,100,92,39,79,56
1400000US27053026606,27053026606,"Census Tract 266.06, Hennepin County, Minnesota",3386,148,27,35,0,9,0,9,0,9,0,9,0,9,0,9,0,9,0,9,0,9,0,9,0,9,0,9,48,61,8,13,296,106,67,64,135,81,546,137,297,95,1255,183,426,109,201,75,80,56
1400000US27053026609,27053026609,"Census Tract 266.09, Hennepin County, Minnesota",2148,110,0,9,0,9,0,9,0,9,0,9,0,9,0,9,0,9,0,9,0,9,0,9,0,9,0,9,0,9,31,28,424,127,30,28,136,54,396,96,211,70,718,123,161,70,18,18,23,27
1400000US27053026610,27053026610,"Census Tract 266.10, Hennepin County, Minnesota",3402,167,5,11,0,9,0,9,0,9,0,9,0,9,8,15,0,9,0,9,7,13,3,6,18,19,0,9,87,51,18,23,404,141,89,49,101,60,386,96,200,68,1252,162,600,118,144,56,80,40
1400000US27053026611,27053026611,"Census Tract 266.11, Hennepin County, Minnesota",3384,251,21,28,0,9,0,9,0,9,0,9,0,9,20,31,0,9,0,9,21,33,0,9,22,33,0,9,0,9,0,9,410,166,0,9,194,101,496,128,241,84,1091,205,679,169,141,80,48,47
1400000US27053026612,27053026612,"Census Tract 266.12, Hennepin County, Minnesota",6562,398,18,31,0,12,0,12,0,12,0,12,0,12,0,12,14,22,0,12,23,33,18,30,0,12,51,50,0,12,44,40,395,122,92,70,184,73,538,136,676,184,2723,393,1335,250,268,93,183,102
1400000US27053026613,27053026613,"Census Tract 266.13, Hennepin County, Minnesota",5042,195,0,12,0,12,0,12,0,12,0,12,0,12,0,12,0,12,0,12,0,12,0,12,0,12,19,31,0,12,30,47,391,159,37,44,207,93,493,150,348,193,1939,273,1130,308,419,162,29,33
1400000US27053026702,27053026702,"Census Tract 267.02, Hennepin County, Minnesota",1945,85,0,9,0,9,0,9,0,9,0,9,0,9,0,9,0,9,6,9,0,9,14,15,22,20,26,34,10,10,27,18,560,82,55,28,188,59,382,71,202,66,319,64,111,39,23,18,0,9
1400000US27053026706,27053026706,"Census Tract 267.06, Hennepin County, Minnesota",2687,180,11,14,0,9,0,9,0,9,0,9,0,9,0,9,0,9,0,9,0,9,0,9,10,15,0,9,12,15,21,23,530,145,81,46,204,77,531,150,402,95,662,132,202,76,11,18,10,15
1400000US27053026707,27053026707,"Census Tract 267.07, Hennepin County, Minnesota",3562,179,24,30,0,9,0,9,0,9,0,9,0,9,0,9,0,9,7,12,0,9,6,10,6,10,14,18,23,26,36,31,931,169,151,70,291,78,500,124,522,127,805,133,216,73,9,15,21,27
1400000US27053026708,27053026708,"Census Tract 267.08, Hennepin County, Minnesota",4043,195,10,16,0,12,0,12,0,12,0,12,0,12,0,12,47,50,0,12,0,12,0,12,39,60,0,12,18,29,0,12,828,182,35,39,316,107,532,195,452,132,1251,217,402,134,87,71,26,31
1400000US27053026710,27053026710,"Census Tract 267.10, Hennepin County, Minnesota",6346,336,30,34,0,12,0,12,0,12,0,12,0,12,0,12,0,12,0,12,0,12,0,12,0,12,54,62,200,53,34,37,822,184,114,60,546,183,736,195,628,180,2413,410,587,171,107,90,75,53
1400000US27053026711,27053026711,"Census Tract 267.11, Hennepin County, Minnesota",1966,158,0,9,0,9,0,9,0,9,0,9,0,9,0,9,0,9,0,9,0,9,0,9,1,2,0,9,11,16,6,9,495,113,40,45,168,62,367,95,154,63,603,121,95,51,26,23,0,9
1400000US27053026712,27053026712,"Census Tract 267.12, Hennepin County, Minnesota",2280,169,0,9,0,9,0,9,0,9,0,9,0,9,0,9,0,9,0,9,0,9,0,9,1,2,0,9,10,15,37,26,323,96,22,24,213,83,367,107,247,84,716,133,276,100,13,17,55,37
1400000US27053026713,27053026713,"Census Tract 267.13, Hennepin County, Minnesota",3237,132,0,9,0,9,0,9,0,9,0,9,0,9,0,9,0,9,7,12,4,7,0,9,0,9,23,24,0,9,46,33,484,117,68,35,282,91,385,94,249,64,1327,209,262,76,81,42,19,20
1400000US27053026714,27053026714,"Census Tract 267.14, Hennepin County, Minnesota",6866,309,57,88,0,12,0,12,0,12,0,12,0,12,19,32,0,12,0,12,0,12,30,48,59,82,0,12,50,76,9,16,1123,290,83,75,501,188,758,189,495,170,2366,271,1049,254,185,99,82,54
1400000US27053026715,27053026715,"Census Tract 267.15, Hennepin County, Minnesota",8725,372,33,50,0,14,0,14,0,14,0,14,0,14,0,14,0,14,0,14,0,14,0,14,0,14,26,43,0,14,124,70,891,271,229,166,348,138,805,218,907,278,3045,330,1777,346,300,134,240,137
1400000US27053026716,27053026716,"Census Tract 267.16, Hennepin County, Minnesota",5583,198,7,8,0,12,0,12,0,12,0,12,0,12,0,12,0,12,0,12,0,12,0,12,0,12,0,12,24,37,9,17,533,176,21,29,418,135,698,153,474,142,2099,248,917,176,172,90,211,98
1400000US27053026807,27053026807,"Census Tract 268.07, Hennepin County, Minnesota",3798,253,36,38,0,12,0,12,0,12,0,12,0,12,0,12,0,12,0,12,0,12,49,39,0,12,101,96,63,45,60,76,877,223,351,163,178,91,796,177,369,146,690,143,162,83,53,46,13,21
1400000US27053026809,27053026809,"Census Tract 268.09, Hennepin County, Minnesota",2812,230,97,62,0,12,0,12,22,35,0,12,0,12,0,12,0,12,67,55,55,63,20,32,132,94,39,44,79,66,59,41,836,226,97,61,263,114,512,145,246,88,272,103,8,12,8,12,0,12
1400000US27053026810,27053026810,"Census Tract 268.10, Hennepin County, Minnesota",3516,374,137,112,0,12,0,12,0,12,0,12,0,12,0,12,0,12,0,12,0,12,27,27,67,78,56,65,79,66,248,122,784,237,206,112,294,148,638,242,332,181,501,167,96,73,32,37,19,23
1400000US27053026811,27053026811,"Census Tract 268.11, Hennepin County, Minnesota",3613,233,152,93,0,12,0,12,0,12,0,12,0,12,0,12,0,12,0,12,0,12,0,12,0,12,36,43,62,63,75,57,986,255,54,38,311,119,754,153,326,112,672,116,148,64,18,23,19,21
1400000US27053026812,27053026812,"Census Tract 268.12, Hennepin County, Minnesota",3728,201,129,93,0,12,0,12,0,12,0,12,0,12,10,15,0,12,7,12,0,12,43,44,0,12,21,15,25,28,109,64,648,154,77,50,346,120,446,120,483,133,1027,182,251,86,106,52,0,12
1400000US27053026814,27053026814,"Census Tract 268.14, Hennepin County, Minnesota",4188,553,108,88,0,12,0,12,31,48,0,12,0,12,32,48,72,101,0,12,0,12,0,12,25,33,18,26,37,36,64,63,796,244,92,68,467,189,969,172,371,131,894,196,193,102,0,12,19,32
1400000US27053026815,27053026815,"Census Tract 268.15, Hennepin County, Minnesota",3325,197,80,56,0,12,0,12,0,12,0,12,90,88,0,12,0,12,0,12,0,12,10,16,0,12,31,29,58,42,46,31,726,172,93,54,329,92,588,125,400,97,674,127,182,73,9,13,9,14
1400000US27053026816,27053026816,"Census Tract 268.16, Hennepin County, Minnesota",4123,353,79,83,23,39,0,12,0,12,0,12,0,12,43,57,34,47,0,12,35,50,1,2,0,12,2,4,16,26,55,41,1014,248,195,140,260,117,869,240,402,139,882,236,157,102,22,33,34,42
1400000US27053026818,27053026818,"Census Tract 268.18, Hennepin County, Minnesota",2959,205,149,66,0,9,0,9,0,9,0,9,0,9,24,36,0,9,0,9,12,19,16,18,74,50,40,38,29,29,134,84,742,147,85,49,281,85,447,132,391,121,400,110,121,74,14,23,0,9
1400000US27053026819,27053026819,"Census Tract 268.19, Hennepin County, Minnesota",2710,205,116,65,0,9,0,9,0,9,0,9,0,9,0,9,21,29,45,37,0,9,22,36,43,41,57,51,68,45,15,22,625,158,153,67,290,110,773,141,172,63,238,94,64,45,8,12,0,9
1400000US27053026820,27053026820,"Census Tract 268.20, Hennepin County, Minnesota",7484,376,137,95,0,14,0,14,0,14,0,14,0,14,0,14,51,64,15,24,0,14,59,84,18,30,32,36,0,14,43,50,1407,283,107,79,418,135,989,228,816,189,2339,274,804,216,213,107,36,36
1400000US27053026822,27053026822,"Census Tract 268.22, Hennepin County, Minnesota",3521,210,39,38,0,9,0,9,1,2,1,2,0,9,0,9,0,9,9,14,0,9,29,26,0,9,17,20,0,9,29,26,695,144,91,53,273,90,397,109,451,110,958,176,418,113,48,31,65,42
1400000US27053026823,27053026823,"Census Tract 268.23, Hennepin County, Minnesota",3120,195,146,109,0,9,0,9,0,9,0,9,0,9,0,9,0,9,0,9,0,9,42,44,13,19,0,9,44,41,61,47,549,127,66,48,201,86,489,107,390,113,856,121,247,75,7,11,9,14
1400000US27053026903,27053026903,"Census Tract 269.03, Hennepin County, Minnesota",2951,197,73,73,0,9,0,9,0,9,0,9,0,9,0,9,0,9,0,9,0,9,20,22,52,51,0,9,0,9,61,36,660,118,179,65,229,84,435,106,237,91,753,136,205,78,25,27,22,21
1400000US27053026906,27053026906,"Census Tract 269.06, Hennepin County, Minnesota",5046,202,0,12,0,12,0,12,0,12,0,12,0,12,0,12,0,12,0,12,0,12,19,30,0,12,82,86,16,25,0,12,1113,250,111,85,432,155,923,259,729,194,1074,213,332,129,61,61,154,107
1400000US27053026907,27053026907,"Census Tract 269.07, Hennepin County, Minnesota",3493,161,32,38,0,12,0,12,0,12,0,12,0,12,0,12,0,12,0,12,0,12,0,12,0,12,0,12,39,32,41,39,493,127,35,30,267,92,424,91,424,112,1279,165,290,99,114,69,55,38
1400000US27053026908,27053026908,"Census Tract 269.08, Hennepin County, Minnesota",4006,180,2,5,0,12,0,12,0,12,1,3,0,12,0,12,0,12,0,12,0,12,20,34,0,12,0,12,15,24,105,61,743,166,73,58,436,167,743,150,651,158,1016,186,167,96,34,38,0,12
1400000US27053026909,27053026909,"Census Tract 269.09, Hennepin County, Minnesota",7756,239,0,14,0,14,0,14,0,14,0,14,0,14,0,14,0,14,16,17,0,14,27,28,0,14,0,14,42,44,69,106,1583,278,124,64,404,180,1426,267,989,222,2409,334,458,172,133,94,76,67
1400000US27053026910,27053026910,"Census Tract 269.10, Hennepin County, Minnesota",3333,232,17,21,10,15,0,9,0,9,0,9,0,9,0,9,0,9,9,15,0,9,31,27,0,9,9,14,10,15,38,31,944,187,87,44,311,94,461,108,445,101,699,166,224,76,29,26,9,14
1400000US27053027001,27053027001,"Census Tract 270.01, Hennepin County, Minnesota",2108,112,10,13,0,9,0,9,0,9,0,9,0,9,0,9,0,9,0,9,4,7,17,19,0,9,8,8,12,14,13,11,515,81,25,18,124,46,276,61,237,65,667,80,163,50,24,20,13,12
1400000US27053027002,27053027002,"Census Tract 270.02, Hennepin County, Minnesota",3898,176,12,19,0,12,0,12,0,12,0,12,0,12,0,12,0,12,0,12,0,12,19,16,2,4,12,9,46,33,29,21,853,147,53,25,271,80,619,110,435,90,1152,150,267,79,60,36,68,40
1400000US27053027101,27053027101,"Census Tract 271.01, Hennepin County, Minnesota",3949,151,25,31,0,12,0,12,0,12,0,12,0,12,0,12,0,12,0,12,0,12,2,3,0,12,0,12,15,17,16,21,551,101,28,28,260,88,328,78,374,97,1614,200,457,97,202,74,77,41
1400000US27053027102,27053027102,"Census Tract 271.02, Hennepin County, Minnesota",3776,152,9,14,0,12,0,12,0,12,0,12,0,12,0,12,0,12,0,12,0,12,0,12,42,51,46,34,111,78,74,48,900,215,110,65,249,92,619,144,393,107,854,140,302,118,48,36,19,21
1400000US27053027201,27053027201,"Census Tract 272.01, Hennepin County, Minnesota",4610,168,2,4,0,12,0,12,0,12,13,22,0,12,0,12,0,12,0,12,0,12,15,23,0,12,0,12,0,12,16,25,613,244,59,42,128,80,587,146,253,118,1796,291,625,190,432,178,71,71
1400000US27053027202,27053027202,"Census Tract 272.02, Hennepin County, Minnesota",1258,71,0,9,0,9,0,9,0,9,0,9,0,9,0,9,0,9,15,22,5,7,0,9,0,9,18,17,5,6,6,6,259,54,45,23,114,39,232,48,90,25,326,55,97,28,29,11,17,13
1400000US27053027203,27053027203,"Census Tract 272.03, Hennepin County, Minnesota",2875,187,15,18,0,9,0,9,0,9,0,9,0,9,0,9,0,9,0,9,0,9,5,11,21,26,14,14,32,29,17,16,533,132,35,22,224,72,446,109,126,51,950,138,271,93,142,57,44,36
1400000US27053027300,27053027300,"Census Tract 273, Hennepin County, Minnesota",3249,150,29,25,0,9,0,9,0,9,0,9,0,9,0,9,0,9,0,9,0,9,10,15,41,47,0,9,31,36,33,43,383,100,21,23,227,86,468,125,227,93,1056,160,473,122,170,68,80,39
1400000US27053027400,27053027400,"Census Tract 274, Hennepin County, Minnesota",2802,143,0,9,0,9,0,9,0,9,0,9,0,9,0,9,0,9,0,9,0,9,6,9,0,9,0,9,0,9,4,5,240,81,2,3,117,50,337,113,151,48,1184,129,554,103,161,54,46,27
1400000US27053027501,27053027501,"Census Tract 275.01, Hennepin County, Minnesota",3310,187,0,9,0,9,0,9,0,9,0,9,0,9,0,9,2,3,3,8,0,9,3,7,4,8,3,7,30,18,15,10,441,83,52,23,157,46,504,85,287,79,1195,116,444,77,142,39,28,16
1400000US27053027503,27053027503,"Census Tract 275.03, Hennepin County, Minnesota",2685,138,0,9,0,9,0,9,0,9,0,9,0,9,0,9,0,9,1,2,0,9,0,9,10,16,0,9,12,18,21,34,318,132,23,23,137,59,347,89,211,76,1108,167,282,77,186,82,29,27
1400000US27053027504,27053027504,"Census Tract 275.04, Hennepin County, Minnesota",2295,111,0,9,0,9,0,9,0,9,0,9,0,9,0,9,0,9,0,9,0,9,0,9,0,9,0,9,0,9,28,31,132,60,31,46,131,60,311,104,148,70,965,126,385,83,157,66,7,11
1400000US27053027601,27053027601,"Census Tract 276.01, Hennepin County, Minnesota",2766,132,26,41,0,9,0,9,0,9,0,9,0,9,0,9,0,9,0,9,0,9,0,9,0,9,9,13,19,21,0,9,612,155,161,85,222,81,413,79,263,94,810,148,179,66,52,44,0,9
1400000US27053027602,27053027602,"Census Tract 276.02, Hennepin County, Minnesota",4033,253,0,12,0,12,0,12,0,12,0,12,0,12,0,12,0,12,0,12,0,12,40,65,13,25,30,38,0,12,90,59,772,226,139,96,360,132,702,175,305,110,1193,227,262,128,50,53,77,74
1400000US27053027700,27053027700,"Census Tract 277, Hennepin County, Minnesota",6109,263,75,70,0,12,0,12,0,12,0,12,0,12,0,12,0,12,0,12,0,12,33,32,0,12,33,35,40,42,102,95,1232,246,40,33,365,111,714,145,556,142,1910,265,675,171,159,80,175,134
1400000US27053100200,27053100200,"Census Tract 1002, Hennepin County, Minnesota",2390,193,27,26,0,9,0,9,0,9,16,27,11,16,0,9,29,47,0,9,0,9,31,40,85,71,20,21,92,64,30,28,490,121,142,74,120,65,436,165,269,88,466,112,92,49,7,14,27,33
1400000US27053100400,27053100400,"Census Tract 1004, Hennepin County, Minnesota",1659,146,64,48,0,9,0,9,0,9,0,9,0,9,0,9,6,9,49,54,29,30,41,30,12,18,47,35,35,29,62,35,424,74,93,48,90,41,299,100,135,47,206,54,37,20,19,24,11,12
1400000US27053100500,27053100500,"Census Tract 1005, Hennepin County, Minnesota",1519,91,14,12,0,9,0,9,0,9,0,9,0,9,0,9,0,9,0,9,7,10,31,23,5,8,24,19,40,27,37,39,240,58,108,49,132,50,167,53,93,36,510,99,76,36,18,17,17,16
1400000US27053100700,27053100700,"Census Tract 1007, Hennepin County, Minnesota",1838,186,2,3,0,9,0,9,0,9,0,9,0,9,0,9,0,9,22,34,0,9,20,22,0,9,7,13,32,39,68,60,436,149,128,75,61,41,274,94,105,59,464,150,194,79,18,20,7,11
1400000US27053100800,27053100800,"Census Tract 1008, Hennepin County, Minnesota",2003,268,71,48,0,9,0,9,0,9,0,9,0,9,0,9,0,9,20,31,0,9,58,53,22,24,20,22,66,41,38,30,505,140,126,75,202,87,296,116,165,83,285,113,120,81,9,14,0,9
1400000US27053100900,27053100900,"Census Tract 1009, Hennepin County, Minnesota",2694,337,247,163,0,9,4,7,0,9,0,9,0,9,0,9,0,9,16,17,0,9,75,99,60,56,35,28,110,87,99,61,803,207,199,68,185,99,326,102,205,99,210,87,82,46,30,29,8,14
1400000US27053101200,27053101200,"Census Tract 1012, Hennepin County, Minnesota",3509,236,16,26,0,9,0,9,0,9,0,9,0,9,14,24,0,9,0,9,0,9,14,24,0,9,0,9,23,29,34,38,584,182,63,48,178,100,317,142,300,118,1219,257,566,157,49,37,132,99
1400000US27053101300,27053101300,"Census Tract 1013, Hennepin County, Minnesota",974,127,37,25,0,9,0,9,0,9,0,9,0,9,0,9,8,11,0,9,0,9,13,13,11,16,37,29,45,44,40,32,308,92,66,37,59,36,200,64,57,31,63,30,17,15,13,13,0,9
1400000US27053101600,27053101600,"Census Tract 1016, Hennepin County, Minnesota",1316,154,62,25,0,9,0,9,0,9,7,10,0,9,8,11,27,36,20,24,7,11,39,43,17,21,119,64,29,36,90,40,205,71,71,36,117,59,169,80,79,55,186,70,36,24,21,21,7,10
1400000US27053101800,27053101800,"Census Tract 1018, Hennepin County, Minnesota",2870,324,76,59,0,9,0,9,0,9,0,9,0,9,0,9,0,9,107,139,19,31,148,154,41,57,54,57,62,40,87,73,600,174,117,76,128,80,556,203,250,90,452,113,88,43,68,57,17,20
1400000US27053101900,27053101900,"Census Tract 1019, Hennepin County, Minnesota",2246,173,45,43,0,9,0,9,0,9,0,9,0,9,26,40,0,9,0,9,0,9,7,12,27,26,42,44,2,8,9,14,261,94,98,50,122,69,416,151,203,111,657,125,219,84,70,53,42,38
1400000US27053102000,27053102000,"Census Tract 1020, Hennepin County, Minnesota",1391,129,135,85,0,9,0,9,0,9,36,39,0,9,0,9,0,9,0,9,0,9,15,23,8,13,7,12,38,37,18,17,207,71,50,30,106,58,222,84,150,57,263,71,119,49,11,15,6,10
1400000US27053102100,27053102100,"Census Tract 1021, Hennepin County, Minnesota",1072,107,84,48,0,9,0,9,0,9,0,9,0,9,6,10,0,9,0,9,0,9,15,23,8,14,20,18,36,25,40,28,189,59,103,49,105,50,234,73,67,40,122,41,38,22,5,8,0,9
1400000US27053102300,27053102300,"Census Tract 1023, Hennepin County, Minnesota",952,103,115,37,0,9,0,9,0,9,14,22,0,9,0,9,5,7,0,9,0,9,9,10,10,13,46,35,15,20,11,11,245,73,2,4,55,39,242,110,22,16,120,55,18,16,10,12,13,13
1400000US27053102500,27053102500,"Census Tract 1025, Hennepin County, Minnesota",2139,214,19,32,0,9,0,9,0,9,0,9,0,9,0,9,0,9,76,109,0,9,52,68,36,46,28,36,91,70,46,40,337,109,92,40,118,55,267,81,168,58,630,149,135,58,12,18,32,26
1400000US27053102600,27053102600,"Census Tract 1026, Hennepin County, Minnesota",1249,174,19,18,0,9,0,9,0,9,0,9,0,9,0,9,12,17,0,9,0,9,22,21,3,6,24,19,55,42,17,16,216,67,95,51,43,26,190,66,61,34,337,113,119,50,36,49,0,9
1400000US27053102800,27053102800,"Census Tract 1028, Hennepin County, Minnesota",1474,140,71,41,0,9,0,9,0,9,0,9,0,9,0,9,0,9,20,19,8,13,16,35,30,38,30,29,41,28,16,14,315,82,124,62,122,45,233,81,120,57,226,75,86,37,16,23,0,9
1400000US27053102900,27053102900,"Census Tract 1029, Hennepin County, Minnesota",883,178,40,23,0,9,0,9,0,9,0,9,0,9,0,9,0,9,0,9,0,9,4,6,14,18,18,15,55,31,89,79,187,73,25,17,41,28,108,48,70,31,174,59,49,19,0,9,9,13
1400000US27053103000,27053103000,"Census Tract 1030, Hennepin County, Minnesota",1455,161,0,9,0,9,0,9,5,10,5,11,0,9,0,9,21,22,5,11,0,9,41,42,11,14,7,11,4,10,7,13,188,74,67,38,66,27,186,56,103,43,509,120,146,45,29,30,55,34
1400000US27053103100,27053103100,"Census Tract 1031, Hennepin County, Minnesota",1703,170,7,12,0,9,0,9,0,9,0,9,0,9,0,9,0,9,68,47,0,9,9,14,0,9,40,39,39,29,83,51,295,90,17,18,113,55,327,116,99,52,412,103,146,52,20,24,28,24
1400000US27053103400,27053103400,"Census Tract 1034, Hennepin County, Minnesota",1471,200,75,58,0,9,0,9,0,9,0,9,20,31,0,9,0,9,86,58,11,20,70,42,131,63,28,27,55,47,84,66,332,157,21,20,74,48,174,90,67,63,136,68,63,44,11,19,33,35
1400000US27053103600,27053103600,"Census Tract 1036, Hennepin County, Minnesota",1889,141,10,15,0,9,0,9,0,9,0,9,0,9,0,9,0,9,0,9,8,13,8,13,0,9,0,9,0,9,0,9,73,41,10,14,34,27,277,79,82,47,701,123,433,97,152,49,101,57
1400000US27053103700,27053103700,"Census Tract 1037, Hennepin County, Minnesota",2238,188,25,28,0,9,0,9,0,9,20,29,19,30,0,9,0,9,0,9,0,9,8,12,20,25,6,9,53,60,42,38,159,77,13,16,117,69,248,92,173,65,801,159,401,129,26,20,107,58
1400000US27053103900,27053103900,"Census Tract 1039, Hennepin County, Minnesota",317,93,3,6,0,9,0,9,6,11,2,3,5,8,0,9,0,9,0,9,0,9,0,9,0,9,0,9,6,8,4,7,23,19,1,4,4,7,24,31,13,14,66,43,113,58,19,17,28,25
1400000US27053104000,27053104000,"Census Tract 1040, Hennepin County, Minnesota",3413,556,89,105,0,12,0,12,0,12,0,12,0,12,0,12,0,12,0,12,0,12,32,36,0,12,38,35,0,12,47,52,268,136,22,33,195,115,636,316,148,84,1041,244,481,151,187,108,229,118
1400000US27053104100,27053104100,"Census Tract 1041, Hennepin County, Minnesota",2112,247,102,64,0,9,0,9,31,37,0,9,0,9,25,40,17,21,0,9,29,47,40,59,49,68,27,31,51,50,46,42,358,130,144,76,157,86,304,109,203,81,454,117,56,40,19,24,0,9
1400000US27053104400,27053104400,"Census Tract 1044, Hennepin County, Minnesota",1810,325,9,20,0,9,0,9,0,9,0,9,0,9,0,9,9,15,4,10,0,9,15,20,13,22,33,53,16,20,16,21,254,112,112,68,62,60,277,106,101,66,619,184,206,78,64,52,0,9
1400000US27053104800,27053104800,"Census Tract 1048, Hennepin County, Minnesota",3660,386,430,206,0,12,0,12,0,12,74,86,40,52,0,12,124,121,85,102,57,51,113,93,116,101,59,64,65,75,211,132,463,246,22,32,179,118,501,225,176,96,607,227,249,125,3,6,86,56
1400000US27053104900,27053104900,"Census Tract 1049, Hennepin County, Minnesota",1351,268,47,42,0,14,0,14,0,14,0,14,0,14,55,50,0,14,0,14,66,34,0,14,24,33,24,32,4,10,0,14,222,92,18,25,23,29,208,112,37,32,306,142,142,67,40,41,135,71
1400000US27053105100,27053105100,"Census Tract 1051, Hennepin County, Minnesota",2141,96,8,19,0,9,0,9,0,9,0,9,0,9,0,9,0,9,0,9,20,31,0,9,0,9,0,9,13,19,0,9,175,66,46,39,50,38,118,49,113,47,868,128,560,118,100,55,70,39
1400000US27053105201,27053105201,"Census Tract 1052.01, Hennepin County, Minnesota",2394,281,0,9,0,9,0,9,0,9,0,9,0,9,0,9,0,9,46,74,34,49,0,9,0,9,0,9,0,9,0,9,204,96,0,9,67,59,245,129,130,81,980,249,426,145,206,146,56,48
1400000US27053105204,27053105204,"Census Tract 1052.04, Hennepin County, Minnesota",1781,206,16,14,0,9,0,9,0,9,0,9,0,9,0,9,0,9,0,9,0,9,59,56,0,9,10,15,59,66,56,46,264,125,71,59,76,43,159,57,83,55,542,146,188,76,111,63,87,51
1400000US27053105400,27053105400,"Census Tract 1054, Hennepin County, Minnesota",2381,242,17,21,0,9,0,9,0,9,0,9,0,9,0,9,0,9,0,9,0,9,3,6,19,24,64,59,91,66,25,24,213,105,96,56,50,42,334,136,237,89,800,165,237,71,165,56,30,28
1400000US27053105500,27053105500,"Census Tract 1055, Hennepin County, Minnesota",3194,246,0,9,0,9,0,9,0,9,0,9,0,9,0,9,0,9,0,9,0,9,0,9,0,9,0,9,0,9,0,9,74,51,19,31,67,50,194,101,167,83,1455,218,714,205,334,126,170,84
1400000US27053105600,27053105600,"Census Tract 1056, Hennepin County, Minnesota",2889,339,11,23,0,9,0,9,18,29,0,9,15,25,0,9,0,9,0,9,0,9,14,23,16,26,2,4,18,23,75,78,252,111,90,83,61,51,346,125,160,86,1233,276,426,172,124,70,28,31
1400000US27053105700,27053105700,"Census Tract 1057, Hennepin County, Minnesota",2107,199,66,62,0,9,0,9,0,9,0,9,0,9,0,9,0,9,14,22,0,9,13,25,0,9,6,14,24,28,6,10,153,81,221,100,87,76,413,152,119,71,775,144,133,75,57,36,20,23
1400000US27053106000,27053106000,"Census Tract 1060, Hennepin County, Minnesota",1811,202,233,91,0,9,0,9,17,22,0,9,0,9,41,47,27,42,86,77,25,36,47,55,18,24,13,15,55,42,77,69,462,150,100,55,98,62,181,89,29,32,182,64,89,53,27,33,4,11
1400000US27053106200,27053106200,"Census Tract 1062, Hennepin County, Minnesota",2497,246,121,76,0,9,0,9,6,10,22,34,27,39,0,9,29,48,26,39,0,9,48,58,25,27,50,41,62,60,86,75,303,112,58,41,312,131,452,175,81,52,514,135,204,78,55,42,16,18
1400000US27053106400,27053106400,"Census Tract 1064, Hennepin County, Minnesota",1471,95,168,66,0,9,0,9,0,9,0,9,0,9,40,40,28,31,46,40,0,9,56,53,18,22,28,21,26,31,16,17,155,63,13,13,23,21,116,43,59,33,370,88,210,57,22,18,77,32
1400000US27053106500,27053106500,"Census Tract 1065, Hennepin County, Minnesota",3613,331,0,9,0,9,0,9,0,9,0,9,0,9,0,9,0,9,0,9,0,9,22,22,0,9,23,29,33,37,46,61,340,183,9,19,110,86,171,102,119,49,1194,235,830,199,465,193,251,129
1400000US27053106600,27053106600,"Census Tract 1066, Hennepin County, Minnesota",1964,251,2,4,0,9,0,9,0,9,0,9,0,9,0,9,0,9,0,9,0,9,0,9,0,9,0,9,1,4,1,3,83,57,16,17,65,48,167,74,66,38,912,219,366,95,154,69,131,53
1400000US27053106700,27053106700,"Census Tract 1067, Hennepin County, Minnesota",3846,346,21,33,0,9,0,9,0,9,0,9,0,9,0,9,0,9,0,9,0,9,17,27,10,22,0,9,72,86,0,9,228,98,0,9,98,68,769,243,399,163,1736,335,313,123,54,51,129,81
1400000US27053106900,27053106900,"Census Tract 1069, Hennepin County, Minnesota",1583,198,15,16,0,9,0,9,0,9,0,9,0,9,0,9,19,24,0,9,21,26,18,20,11,17,10,17,10,17,49,43,288,127,77,48,110,51,180,63,80,49,435,118,152,66,76,49,32,36
1400000US27053107000,27053107000,"Census Tract 1070, Hennepin County, Minnesota",2662,273,34,38,0,9,10,17,0,9,41,50,0,9,0,9,0,9,61,97,27,45,0,9,104,96,50,55,83,67,47,67,375,149,20,22,159,87,477,176,189,114,696,167,229,103,34,28,26,24
1400000US27053107400,27053107400,"Census Tract 1074, Hennepin County, Minnesota",1119,114,22,24,0,9,0,9,12,17,0,9,11,17,0,9,20,30,16,25,0,9,14,21,52,36,10,14,51,40,10,12,143,43,32,23,132,64,164,67,69,33,219,63,85,39,25,23,32,23
1400000US27053107500,27053107500,"Census Tract 1075, Hennepin County, Minnesota",1495,93,6,8,0,9,0,9,0,9,0,9,0,9,0,9,0,9,0,9,17,27,0,9,0,9,15,16,22,20,27,19,154,57,17,14,33,25,153,50,56,28,552,79,261,52,116,41,66,29
1400000US27053107600,27053107600,"Census Tract 1076, Hennepin County, Minnesota",2813,160,1,2,0,9,0,9,0,9,0,9,0,9,0,9,0,9,37,54,0,9,37,42,0,9,8,14,19,19,17,18,340,113,53,46,91,42,376,97,106,49,809,155,647,124,117,51,155,53
1400000US27053108000,27053108000,"Census Tract 1080, Hennepin County, Minnesota",2579,258,11,17,0,9,0,9,0,9,0,9,0,9,0,9,0,9,9,14,0,9,0,9,0,9,0,9,22,25,9,14,98,56,0,9,64,44,199,72,172,90,1275,234,353,103,173,69,194,84
1400000US27053108600,27053108600,"Census Tract 1086, Hennepin County, Minnesota",1896,207,60,46,0,9,0,9,0,9,23,35,0,9,0,9,17,25,8,13,5,7,42,36,168,89,29,23,13,20,17,24,326,114,85,61,94,44,219,82,184,101,457,96,129,49,12,14,8,12
1400000US27053108700,27053108700,"Census Tract 1087, Hennepin County, Minnesota",2621,215,14,17,0,9,0,9,21,35,13,20,6,13,0,9,0,9,12,25,5,13,26,24,17,26,78,86,56,39,75,93,477,134,158,81,84,53,433,164,267,99,531,125,226,106,99,64,23,21
1400000US27053108800,27053108800,"Census Tract 1088, Hennepin County, Minnesota",2520,208,33,29,0,9,0,9,0,9,0,9,0,9,0,9,0,9,24,26,0,9,41,41,3,22,29,20,65,41,75,53,583,211,228,90,100,52,295,124,129,69,585,126,228,90,46,47,56,51
1400000US27053108900,27053108900,"Census Tract 1089, Hennepin County, Minnesota",1811,135,0,9,0,9,0,9,0,9,0,9,0,9,0,9,0,9,16,22,0,9,46,40,0,9,6,11,18,21,7,11,264,115,53,37,78,55,145,64,195,95,403,95,404,113,122,63,54,32
1400000US27053109000,27053109000,"Census Tract 1090, Hennepin County, Minnesota",1403,75,3,5,0,9,0,9,0,9,0,9,0,9,0,9,0,9,0,9,0,9,32,34,0,9,18,26,5,7,9,9,135,42,16,14,43,30,198,47,101,37,447,76,270,50,58,25,68,41
1400000US27053109100,27053109100,"Census Tract 1091, Hennepin County, Minnesota",3639,270,17,26,0,9,0,9,0,9,0,9,0,9,0,9,0,9,0,9,0,9,1,2,0,9,74,79,12,18,56,87,133,84,34,36,102,63,322,137,404,196,1528,265,663,180,188,90,105,81
1400000US27053109200,27053109200,"Census Tract 1092, Hennepin County, Minnesota",2799,256,12,19,0,9,0,9,0,9,7,15,14,30,0,9,0,9,14,22,0,9,64,82,9,16,18,23,7,15,0,9,401,155,12,15,147,59,319,83,291,137,948,158,398,107,82,54,56,44
1400000US27053109300,27053109300,"Census Tract 1093, Hennepin County, Minnesota",3266,274,23,35,0,9,0,9,0,9,0,9,7,13,0,9,10,16,87,54,0,9,21,30,52,55,3,7,22,19,26,42,413,182,144,87,135,75,331,94,286,91,996,147,487,110,87,59,136,68
1400000US27053109400,27053109400,"Census Tract 1094, Hennepin County, Minnesota",1271,144,27,18,0,9,0,9,5,7,2,4,5,8,17,26,18,25,155,80,5,8,62,42,34,31,0,9,46,35,76,50,273,99,38,22,65,28,101,39,86,41,171,67,74,35,0,9,11,8
1400000US27053109700,27053109700,"Census Tract 1097, Hennepin County, Minnesota",1584,120,19,17,0,9,4,6,0,9,18,26,0,9,0,9,0,9,61,32,13,22,43,34,21,22,9,9,29,21,18,16,226,63,27,25,114,55,210,59,108,42,358,82,205,70,72,36,29,23
1400000US27053109800,27053109800,"Census Tract 1098, Hennepin County, Minnesota",2877,164,1,2,0,9,0,9,0,9,0,9,0,9,11,20,0,9,0,9,0,9,17,20,0,9,8,11,0,9,0,9,239,78,14,16,101,48,263,87,133,63,1097,146,660,149,248,87,85,46
1400000US27053109900,27053109900,"Census Tract 1099, Hennepin County, Minnesota",2843,148,0,9,0,9,0,9,0,9,0,9,0,9,0,9,0,9,0,9,0,9,8,13,9,13,0,9,9,12,0,9,182,113,24,23,31,28,394,140,170,56,1168,177,599,107,106,48,143,63
1400000US27053110000,27053110000,"Census Tract 1100, Hennepin County, Minnesota",1158,171,68,47,0,9,0,9,0,9,0,9,0,9,0,9,0,9,129,109,0,9,11,18,13,21,13,16,0,9,18,30,322,108,20,35,68,50,200,78,74,34,176,63,46,30,0,9,0,9
1400000US27053110100,27053110100,"Census Tract 1101, Hennepin County, Minnesota",1959,168,9,15,0,9,0,9,0,9,0,9,0,9,0,9,21,33,41,62,0,9,30,23,0,9,14,15,14,15,47,37,326,102,55,60,69,48,362,95,132,69,515,108,256,106,54,33,14,16
1400000US27053110200,27053110200,"Census Tract 1102, Hennepin County, Minnesota",2698,179,27,26,0,9,0,9,0,9,0,9,8,13,0,9,9,13,0,9,0,9,0,9,31,37,19,27,47,34,27,25,472,137,70,38,188,68,315,94,136,58,846,143,368,112,51,33,84,54
1400000US27053110400,27053110400,"Census Tract 1104, Hennepin County, Minnesota",2208,181,26,31,0,9,0,9,0,9,0,9,0,9,0,9,0,9,8,12,0,9,7,13,3,6,29,27,0,9,48,39,533,125,135,55,60,40,338,95,138,87,653,157,177,76,17,19,36,31
1400000US27053110500,27053110500,"Census Tract 1105, Hennepin County, Minnesota",3874,274,0,9,0,9,0,9,0,9,0,9,0,9,0,9,0,9,0,9,4,9,2,4,42,62,36,50,63,85,9,21,407,124,129,87,230,100,361,115,335,126,1336,229,583,161,237,98,100,58
1400000US27053110800,27053110800,"Census Tract 1108, Hennepin County, Minnesota",3185,195,37,42,0,9,0,9,0,9,0,9,0,9,0,9,0,9,19,29,0,9,29,35,24,37,16,19,38,48,15,17,184,89,56,44,62,32,458,150,165,74,1199,216,613,116,194,80,76,38
1400000US27053110900,27053110900,"Census Tract 1109, Hennepin County, Minnesota",2532,160,38,34,0,9,0,9,0,9,0,9,0,9,9,14,20,30,21,32,1,2,6,12,0,9,8,12,26,30,64,42,214,82,76,47,114,64,349,101,227,74,879,132,349,119,77,42,54,36
1400000US27053111100,27053111100,"Census Tract 1111, Hennepin County, Minnesota",2468,148,0,9,0,9,0,9,9,14,0,9,0,9,0,9,0,9,0,9,0,9,0,9,12,21,18,19,17,18,14,16,346,95,71,42,143,66,203,68,179,63,811,143,514,129,90,56,41,39
1400000US27053111200,27053111200,"Census Tract 1112, Hennepin County, Minnesota",2231,121,11,18,0,9,0,9,0,9,0,9,0,9,0,9,0,9,0,9,0,9,0,9,0,9,0,9,0,9,8,12,86,46,16,18,60,36,180,57,158,60,1032,136,447,107,152,60,81,46
1400000US27053111300,27053111300,"Census Tract 1113, Hennepin County, Minnesota",3421,114,31,37,0,9,0,9,0,9,0,9,11,16,0,9,0,9,0,9,0,9,10,21,0,9,0,9,10,12,0,9,114,52,34,33,99,50,267,82,190,58,1448,168,696,129,281,89,230,94
1400000US27053111400,27053111400,"Census Tract 1114, Hennepin County, Minnesota",2705,119,0,9,0,9,0,9,0,9,0,9,0,9,0,9,0,9,2,5,0,9,0,9,0,9,6,11,0,9,0,9,185,104,20,22,85,47,194,69,158,72,971,132,730,147,291,91,63,38
1400000US27053111500,27053111500,"Census Tract 1115, Hennepin County, Minnesota",3754,247,19,26,0,12,0,12,0,12,0,12,0,12,0,12,0,12,0,12,0,12,0,12,0,12,1,5,9,10,66,70,357,118,33,37,62,55,354,116,251,114,1347,234,731,175,374,143,150,75
1400000US27053111600,27053111600,"Census Tract 1116, Hennepin County, Minnesota",2407,102,12,18,0,9,0,9,0,9,0,9,9,15,0,9,0,9,0,9,0,9,0,9,0,9,0,9,0,9,9,14,141,71,27,25,61,44,242,79,104,58,1116,123,450,89,181,73,55,38
1400000US27053122500,27053122500,"Census Tract 1225, Hennepin County, Minnesota",2421,152,19,32,0,9,0,9,0,9,0,9,0,9,0,9,0,9,0,9,0,9,10,16,0,9,16,25,13,20,8,12,331,101,53,36,145,63,226,68,285,125,1007,187,261,84,0,9,47,31
1400000US27053122600,27053122600,"Census Tract 1226, Hennepin County, Minnesota",1683,81,0,9,0,9,0,9,0,9,0,9,0,9,0,9,14,15,0,9,0,9,0,9,0,9,8,12,6,9,12,13,217,68,32,21,62,31,217,48,100,42,705,89,232,55,57,27,21,21
1400000US27053125500,27053125500,"Census Tract 1255, Hennepin County, Minnesota",2722,172,66,46,0,9,0,9,0,9,0,9,51,56,0,9,0,9,14,19,0,9,57,43,42,43,50,41,13,20,20,23,752,151,85,47,182,92,419,112,309,99,548,103,107,48,0,9,7,12
1400000US27053125600,27053125600,"Census Tract 1256, Hennepin County, Minnesota",1604,158,0,9,0,9,0,9,0,9,0,9,0,9,0,9,0,9,0,9,0,9,0,9,2,4,0,9,0,9,8,12,77,55,10,13,29,24,151,72,62,37,583,154,365,84,138,62,179,69
1400000US27053125700,27053125700,"Census Tract 1257, Hennepin County, Minnesota",2152,215,124,69,0,9,0,9,0,9,0,9,0,9,10,14,4,7,13,15,17,26,38,47,4,9,112,72,130,62,114,69,481,96,98,45,135,52,409,107,123,61,248,92,69,43,10,12,13,13
1400000US27053125800,27053125800,"Census Tract 1258, Hennepin County, Minnesota",2911,339,93,86,0,9,0,9,0,9,53,60,28,44,55,62,30,44,246,110,5,8,29,45,55,52,68,59,141,72,106,77,525,135,38,31,118,74,522,144,112,72,498,161,142,67,37,34,10,20
1400000US27053125900,27053125900,"Census Tract 1259, Hennepin County, Minnesota",2551,299,263,155,0,9,0,9,3,23,19,29,0,9,36,50,0,9,216,140,13,24,78,84,10,14,64,67,39,41,98,88,498,153,104,67,118,69,352,112,90,54,393,122,149,91,8,21,0,9
1400000US27053126000,27053126000,"Census Tract 1260, Hennepin County, Minnesota",2892,247,259,120,13,21,4,12,0,12,36,42,0,12,0,12,61,58,157,70,30,35,70,60,84,53,33,34,63,57,149,78,683,145,86,61,145,55,331,105,78,48,371,103,203,75,16,18,20,32
1400000US27053126100,27053126100,"Census Tract 1261, Hennepin County, Minnesota",5542,432,30,40,0,12,0,12,0,12,0,12,0,12,25,25,25,38,0,12,0,12,41,31,101,84,58,45,320,204,65,51,443,139,222,97,175,91,666,161,176,110,1867,330,815,179,331,133,182,117
1400000US27053126200,27053126200,"Census Tract 1262, Hennepin County, Minnesota",3652,303,0,9,0,9,0,9,0,9,0,9,0,9,0,9,0,9,0,9,53,82,0,9,34,58,31,40,36,67,28,30,161,81,47,80,80,75,279,111,182,112,1586,259,617,137,480,195,38,34
1400000US27053980000,27053980000,"Census Tract 9800, Hennepin County, Minnesota",245,77,0,9,0,9,0,9,0,9,0,9,17,27,12,18,0,9,11,17,1,2,24,26,31,30,1,2,23,27,9,9,48,32,14,8,14,9,24,12,5,7,4,6,7,7,0,9,0,9
