GEO.id,GEO.id2,GEO.display-label,HD01_VD01,HD02_VD01,HD01_VD02,HD02_VD02,HD01_VD03,HD02_VD03,HD01_VD04,HD02_VD04,HD01_VD05,HD02_VD05,HD01_VD06,HD02_VD06,HD01_VD07,HD02_VD07,HD01_VD08,HD02_VD08,HD01_VD09,HD02_VD09,HD01_VD10,HD02_VD10,HD01_VD11,HD02_VD11,HD01_VD12,HD02_VD12,HD01_VD13,HD02_VD13,HD01_VD14,HD02_VD14,HD01_VD15,HD02_VD15,HD01_VD16,HD02_VD16,HD01_VD17,HD02_VD17,HD01_VD18,HD02_VD18,HD01_VD19,HD02_VD19,HD01_VD20,HD02_VD20,HD01_VD21,HD02_VD21,HD01_VD22,HD02_VD22,HD01_VD23,HD02_VD23,HD01_VD24,HD02_VD24,HD01_VD25,HD02_VD25
Id,Id2,Geography,Estimate; Total:,Margin of Error; Total:,Estimate; Total: - No schooling completed,Margin of Error; Total: - No schooling completed,Estimate; Total: - Nursery school,Margin of Error; Total: - Nursery school,Estimate; Total: - Kindergarten,Margin of Error; Total: - Kindergarten,Estimate; Total: - 1st grade,Margin of Error; Total: - 1st grade,Estimate; Total: - 2nd grade,Margin of Error; Total: - 2nd grade,Estimate; Total: - 3rd grade,Margin of Error; Total: - 3rd grade,Estimate; Total: - 4th grade,Margin of Error; Total: - 4th grade,Estimate; Total: - 5th grade,Margin of Error; Total: - 5th grade,Estimate; Total: - 6th grade,Margin of Error; Total: - 6th grade,Estimate; Total: - 7th grade,Margin of Error; Total: - 7th grade,Estimate; Total: - 8th grade,Margin of Error; Total: - 8th grade,Estimate; Total: - 9th grade,Margin of Error; Total: - 9th grade,Estimate; Total: - 10th grade,Margin of Error; Total: - 10th grade,Estimate; Total: - 11th grade,Margin of Error; Total: - 11th grade,"Estimate; Total: - 12th grade, no diploma","Margin of Error; Total: - 12th grade, no diploma",Estimate; Total: - Regular high school diploma,Margin of Error; Total: - Regular high school diploma,Estimate; Total: - GED or alternative credential,Margin of Error; Total: - GED or alternative credential,"Estimate; Total: - Some college, less than 1 year","Margin of Error; Total: - Some college, less than 1 year","Estimate; Total: - Some college, 1 or more years, no degree","Margin of Error; Total: - Some college, 1 or more years, no degree",Estimate; Total: - Associate's degree,Margin of Error; Total: - Associate's degree,Estimate; Total: - Bachelor's degree,Margin of Error; Total: - Bachelor's degree,Estimate; Total: - Master's degree,Margin of Error; Total: - Master's degree,Estimate; Total: - Professional school degree,Margin of Error; Total: - Professional school degree,Estimate; Total: - Doctorate degree,Margin of Error; Total: - Doctorate degree
1400000US37119000100,37119000100,"Census Tract 1, Mecklenburg County, North Carolina",3207,428,0,12,0,12,0,12,0,12,0,12,0,12,0,12,0,12,0,12,0,12,2,4,15,24,0,12,0,12,13,21,146,98,30,34,138,118,308,207,208,130,1386,298,557,170,217,92,187,203
1400000US37119000300,37119000300,"Census Tract 3, Mecklenburg County, North Carolina",494,61,4,6,0,12,0,12,0,12,0,12,0,12,0,12,0,12,13,16,0,12,0,12,11,13,24,21,0,12,0,12,57,33,6,9,21,14,24,17,27,21,193,43,69,30,41,19,4,5
1400000US37119000400,37119000400,"Census Tract 4, Mecklenburg County, North Carolina",1882,215,10,15,0,12,0,12,0,12,0,12,0,12,0,12,0,12,0,12,0,12,0,12,16,19,0,12,60,64,7,11,66,52,50,58,54,30,189,113,66,29,888,154,355,121,87,62,34,24
1400000US37119000500,37119000500,"Census Tract 5, Mecklenburg County, North Carolina",3155,280,25,33,0,12,0,12,0,12,11,23,0,12,33,49,0,12,0,12,0,12,18,29,44,58,117,109,41,42,28,36,60,49,189,174,32,42,130,96,114,94,1525,335,601,218,125,96,62,56
1400000US37119000600,37119000600,"Census Tract 6, Mecklenburg County, North Carolina",1934,214,28,25,0,12,0,12,0,12,0,12,0,12,0,12,0,12,0,12,6,10,0,12,30,29,73,51,25,29,0,12,203,88,34,24,54,45,174,81,85,48,740,147,373,122,102,62,7,10
1400000US37119000700,37119000700,"Census Tract 7, Mecklenburg County, North Carolina",571,102,6,10,0,12,0,12,0,12,3,6,0,12,6,9,0,12,0,12,14,21,13,19,5,8,43,42,8,9,18,12,129,57,8,8,12,15,82,45,47,28,130,62,43,28,0,12,4,7
1400000US37119000800,37119000800,"Census Tract 8, Mecklenburg County, North Carolina",1402,147,23,19,0,12,0,12,0,12,6,9,6,8,20,18,0,12,0,12,8,12,0,12,5,7,107,69,103,50,16,18,409,82,97,44,119,43,236,70,100,39,119,48,23,21,5,7,0,12
1400000US37119000900,37119000900,"Census Tract 9, Mecklenburg County, North Carolina",1284,113,37,24,0,12,0,12,0,12,0,12,10,11,0,12,0,12,7,8,0,12,0,12,20,18,63,35,68,42,37,36,368,75,14,14,67,44,231,76,72,35,199,84,73,39,18,16,0,12
1400000US37119001000,37119001000,"Census Tract 10, Mecklenburg County, North Carolina",2015,161,24,23,0,12,0,12,0,12,0,12,0,12,0,12,0,12,6,11,0,12,0,12,9,15,44,52,9,14,6,10,42,30,14,15,34,35,351,142,94,53,835,153,350,88,137,68,60,43
1400000US37119001100,37119001100,"Census Tract 11, Mecklenburg County, North Carolina",1593,129,0,12,0,12,0,12,0,12,0,12,0,12,0,12,0,12,0,12,0,12,9,13,7,8,8,13,31,39,7,11,210,103,25,22,100,49,197,64,76,38,546,102,272,67,83,30,22,25
1400000US37119001200,37119001200,"Census Tract 12, Mecklenburg County, North Carolina",3926,460,192,210,0,17,0,17,37,57,0,17,0,17,0,17,0,17,356,287,0,17,53,61,167,120,146,114,56,53,12,23,395,160,37,52,94,62,678,184,294,148,880,213,341,123,160,97,28,27
1400000US37119001300,37119001300,"Census Tract 13, Mecklenburg County, North Carolina",3006,243,152,77,0,12,0,12,0,12,0,12,0,12,0,12,26,35,8,15,24,30,0,12,176,96,114,60,122,62,22,28,537,107,156,71,184,80,564,162,230,86,538,111,123,62,30,27,0,12
1400000US37119001400,37119001400,"Census Tract 14, Mecklenburg County, North Carolina",2097,262,0,12,0,12,0,12,0,12,0,12,14,23,0,12,0,12,10,17,29,35,28,30,61,43,36,27,41,40,40,37,309,105,20,23,41,28,370,139,66,71,669,161,279,94,84,56,0,12
1400000US37119001504,37119001504,"Census Tract 15.04, Mecklenburg County, North Carolina",3934,448,69,120,0,17,0,17,0,17,18,29,49,79,81,88,0,17,202,158,14,22,46,75,90,99,94,107,174,139,59,59,1077,313,116,93,142,105,745,285,377,195,489,229,73,79,19,32,0,17
1400000US37119001505,37119001505,"Census Tract 15.05, Mecklenburg County, North Carolina",2157,252,58,72,0,12,0,12,0,12,33,47,13,21,10,16,88,92,53,53,17,27,0,12,184,131,102,73,8,14,5,8,240,110,34,30,238,76,404,164,195,95,346,97,106,52,0,12,23,21
1400000US37119001507,37119001507,"Census Tract 15.07, Mecklenburg County, North Carolina",2319,319,36,35,0,12,0,12,0,12,45,55,0,12,26,37,49,75,87,73,21,35,13,21,162,105,126,95,78,68,77,49,558,223,38,39,259,89,435,152,119,68,129,85,61,51,0,12,0,12
1400000US37119001508,37119001508,"Census Tract 15.08, Mecklenburg County, North Carolina",4065,415,165,132,0,17,0,17,49,74,124,184,10,23,0,17,10,20,49,78,70,104,0,17,100,118,95,88,76,61,54,46,644,208,72,47,312,157,499,175,315,147,1014,228,288,105,36,50,83,70
1400000US37119001509,37119001509,"Census Tract 15.09, Mecklenburg County, North Carolina",1964,226,38,26,0,12,0,12,0,12,25,39,17,18,0,12,52,47,43,67,0,12,10,17,25,40,113,60,25,21,61,56,382,121,63,53,69,37,512,134,240,94,207,131,61,43,9,14,12,17
1400000US37119001510,37119001510,"Census Tract 15.10, Mecklenburg County, North Carolina",2087,206,44,52,0,12,0,12,0,12,0,12,12,18,0,12,43,63,60,82,13,20,8,13,96,92,43,38,91,68,29,52,483,151,163,94,89,66,288,114,314,121,254,102,49,38,0,12,8,14
1400000US37119001603,37119001603,"Census Tract 16.03, Mecklenburg County, North Carolina",3362,264,100,81,0,12,0,12,0,12,0,12,0,12,51,82,92,83,161,100,30,43,90,68,163,107,92,59,90,69,69,58,895,239,109,83,159,70,548,209,105,74,419,126,119,47,34,29,36,29
1400000US37119001605,37119001605,"Census Tract 16.05, Mecklenburg County, North Carolina",1417,161,91,60,0,12,0,12,1,3,0,12,0,12,0,12,14,19,47,42,0,12,50,36,53,43,76,70,38,48,19,23,285,120,58,48,52,36,201,85,90,47,284,133,43,26,12,10,3,7
1400000US37119001606,37119001606,"Census Tract 16.06, Mecklenburg County, North Carolina",2666,260,35,50,0,12,0,12,0,12,0,12,119,72,35,44,37,44,180,104,70,64,40,54,127,122,29,37,130,97,28,25,594,195,31,32,150,66,348,117,266,102,292,99,109,64,30,23,16,25
1400000US37119001607,37119001607,"Census Tract 16.07, Mecklenburg County, North Carolina",2073,278,60,72,0,12,0,12,0,12,27,43,56,64,0,12,0,12,39,62,0,12,49,54,157,128,10,16,9,15,15,29,521,172,18,17,166,102,548,208,71,50,218,121,40,47,56,57,13,29
1400000US37119001608,37119001608,"Census Tract 16.08, Mecklenburg County, North Carolina",2498,224,112,91,0,12,0,12,0,12,0,12,12,20,39,42,44,41,156,83,37,37,66,53,192,135,58,54,83,49,50,39,624,162,60,44,159,71,362,115,132,77,277,115,35,46,0,12,0,12
1400000US37119001609,37119001609,"Census Tract 16.09, Mecklenburg County, North Carolina",1974,178,91,102,0,12,0,12,7,12,32,48,0,12,0,12,33,38,57,44,18,26,10,17,89,64,36,25,88,48,13,21,640,178,38,35,107,55,243,84,153,67,261,81,58,47,0,12,0,12
1400000US37119001701,37119001701,"Census Tract 17.01, Mecklenburg County, North Carolina",2975,284,193,109,0,12,0,12,0,12,0,12,0,12,52,43,34,43,163,194,8,13,55,54,157,145,45,47,78,66,153,108,462,130,110,65,128,67,411,143,313,93,472,129,100,50,33,38,8,12
1400000US37119001702,37119001702,"Census Tract 17.02, Mecklenburg County, North Carolina",3448,332,244,143,0,17,0,17,0,17,37,43,90,86,94,79,19,30,178,135,108,82,118,76,181,105,162,89,142,89,32,32,740,198,77,58,233,117,278,137,196,96,327,116,146,74,38,44,8,16
1400000US37119001801,37119001801,"Census Tract 18.01, Mecklenburg County, North Carolina",901,89,8,10,0,12,0,12,0,12,0,12,0,12,0,12,0,12,0,12,0,12,1,2,3,5,1,2,38,38,17,16,142,56,22,24,57,30,177,53,87,62,275,80,48,29,16,21,9,14
1400000US37119001802,37119001802,"Census Tract 18.02, Mecklenburg County, North Carolina",2257,189,18,22,0,12,0,12,0,12,0,12,0,12,1,4,0,12,0,12,0,12,20,22,21,27,38,38,29,36,16,29,470,149,64,44,127,72,366,127,259,108,540,136,187,84,101,54,0,12
1400000US37119001910,37119001910,"Census Tract 19.10, Mecklenburg County, North Carolina",3391,328,153,140,0,17,0,17,31,40,72,82,162,147,0,17,0,17,282,93,40,38,71,54,123,84,53,49,88,54,78,44,864,181,97,54,140,58,435,112,203,77,417,113,77,47,0,17,5,10
1400000US37119001911,37119001911,"Census Tract 19.11, Mecklenburg County, North Carolina",3828,306,61,57,0,17,0,17,0,17,30,48,0,17,0,17,0,17,39,46,22,34,81,87,49,41,216,130,64,54,57,49,805,197,203,95,284,107,734,193,302,99,754,241,104,56,8,13,15,25
1400000US37119001912,37119001912,"Census Tract 19.12, Mecklenburg County, North Carolina",4305,590,141,135,0,17,0,17,0,17,84,120,0,17,59,73,56,62,169,163,168,144,172,153,101,96,240,170,203,133,36,41,1147,332,151,112,257,128,660,228,230,98,372,148,49,40,0,17,10,18
1400000US37119001914,37119001914,"Census Tract 19.14, Mecklenburg County, North Carolina",2462,249,14,17,0,12,0,12,0,12,11,22,23,38,0,12,17,25,128,157,0,12,29,49,51,47,75,94,113,129,64,53,564,205,36,28,104,55,382,129,166,69,512,152,157,82,16,21,0,12
1400000US37119001915,37119001915,"Census Tract 19.15, Mecklenburg County, North Carolina",4097,365,52,59,19,37,0,17,0,17,69,101,0,17,37,58,10,18,140,140,0,17,0,17,54,69,62,74,58,54,128,107,933,334,32,47,196,120,891,267,357,198,790,265,207,117,35,41,27,31
1400000US37119001916,37119001916,"Census Tract 19.16, Mecklenburg County, North Carolina",2422,212,3,5,0,12,0,12,0,12,0,12,0,12,16,28,0,12,22,34,0,12,11,19,0,12,41,40,41,37,92,90,402,97,152,83,142,69,697,201,175,72,536,142,39,44,35,34,18,24
1400000US37119001917,37119001917,"Census Tract 19.17, Mecklenburg County, North Carolina",2633,224,24,29,0,12,0,12,0,12,28,44,33,54,0,12,34,36,62,72,0,12,98,90,40,36,130,109,112,151,56,50,665,194,191,91,302,140,471,119,88,77,234,82,48,49,17,21,0,12
1400000US37119001918,37119001918,"Census Tract 19.18, Mecklenburg County, North Carolina",2226,266,13,20,0,12,0,12,0,12,3,7,12,18,0,12,0,12,26,27,0,12,6,13,49,50,55,59,40,43,58,44,430,165,108,72,184,79,444,124,133,65,539,202,116,61,0,12,10,15
1400000US37119001919,37119001919,"Census Tract 19.19, Mecklenburg County, North Carolina",2545,231,109,97,0,12,0,12,0,12,0,12,30,50,73,81,0,12,30,52,12,18,11,18,132,85,56,47,13,19,61,51,512,169,105,60,236,105,357,134,335,127,304,99,147,82,22,22,0,12
1400000US37119001920,37119001920,"Census Tract 19.20, Mecklenburg County, North Carolina",2588,317,26,40,0,12,0,12,0,12,30,43,12,20,0,12,0,12,72,79,3,8,42,47,69,51,28,41,15,23,26,29,687,201,97,61,167,88,609,166,217,113,391,132,83,58,14,22,0,12
1400000US37119001921,37119001921,"Census Tract 19.21, Mecklenburg County, North Carolina",1443,145,19,26,0,12,0,12,0,12,4,9,5,11,4,11,3,8,17,19,5,8,0,12,0,12,13,13,5,8,40,40,317,103,88,64,107,67,278,97,94,41,369,130,75,54,0,12,0,12
1400000US37119001922,37119001922,"Census Tract 19.22, Mecklenburg County, North Carolina",2994,248,31,38,0,12,0,12,0,12,0,12,0,12,0,12,15,26,20,25,27,33,34,53,54,47,184,121,64,47,20,23,756,212,118,79,310,101,540,136,304,140,347,150,149,103,5,9,16,24
1400000US37119001923,37119001923,"Census Tract 19.23, Mecklenburg County, North Carolina",2390,267,17,20,0,12,0,12,0,12,0,12,0,12,0,12,0,12,26,27,14,19,17,27,106,104,34,37,19,28,11,14,822,203,77,49,141,72,367,136,324,104,337,103,78,58,0,12,0,12
1400000US37119002002,37119002002,"Census Tract 20.02, Mecklenburg County, North Carolina",4633,294,10,15,0,17,0,17,0,17,0,17,0,17,0,17,0,17,18,30,0,17,1,4,0,17,13,30,4,8,33,37,234,107,14,30,199,114,748,246,267,139,1853,268,878,197,311,115,50,48
1400000US37119002003,37119002003,"Census Tract 20.03, Mecklenburg County, North Carolina",4261,325,1,2,0,17,0,17,0,17,0,17,0,17,0,17,0,17,0,17,0,17,20,32,24,34,40,47,96,69,61,63,637,230,169,111,153,137,460,149,377,142,1490,298,477,153,207,105,49,44
1400000US37119002004,37119002004,"Census Tract 20.04, Mecklenburg County, North Carolina",3409,290,1,12,0,12,0,12,0,12,0,12,0,12,7,17,0,12,0,12,55,73,0,12,11,18,0,12,0,12,14,21,295,133,128,100,356,112,317,144,109,63,1305,302,729,223,51,57,31,31
1400000US37119002100,37119002100,"Census Tract 21, Mecklenburg County, North Carolina",2000,180,0,12,0,12,0,12,0,12,0,12,0,12,0,12,0,12,25,35,12,24,12,16,10,15,16,12,18,21,7,13,540,165,61,40,124,63,361,103,122,66,453,119,218,99,11,15,10,11
1400000US37119002200,37119002200,"Census Tract 22, Mecklenburg County, North Carolina",3257,264,14,22,0,12,0,12,0,12,0,12,0,12,0,12,0,12,0,12,0,12,0,12,0,12,16,27,0,12,33,42,281,111,0,12,69,51,429,107,115,66,1382,229,659,156,216,101,43,53
1400000US37119002300,37119002300,"Census Tract 23, Mecklenburg County, North Carolina",1442,162,60,38,0,12,0,12,0,12,12,21,17,20,0,12,0,12,21,24,0,12,4,7,73,51,35,30,211,74,44,26,362,96,79,49,71,37,206,59,129,65,88,53,30,25,0,12,0,12
1400000US37119002400,37119002400,"Census Tract 24, Mecklenburg County, North Carolina",2334,283,11,17,0,12,0,12,0,12,0,12,0,12,0,12,0,12,0,12,14,31,7,15,7,15,8,16,17,27,0,12,288,127,76,86,97,55,283,124,98,62,952,160,321,89,134,64,21,24
1400000US37119002500,37119002500,"Census Tract 25, Mecklenburg County, North Carolina",1397,111,3,5,0,12,0,12,0,12,0,12,0,12,0,12,0,12,0,12,0,12,4,6,0,12,12,12,0,12,7,10,91,47,13,13,34,19,197,70,60,30,604,89,264,78,80,36,28,21
1400000US37119002600,37119002600,"Census Tract 26, Mecklenburg County, North Carolina",669,98,0,12,0,12,0,12,0,12,0,12,0,12,0,12,0,12,10,14,5,8,0,12,3,9,20,16,9,13,13,12,67,51,0,12,27,20,103,44,48,28,205,53,101,42,24,18,34,19
1400000US37119002701,37119002701,"Census Tract 27.01, Mecklenburg County, North Carolina",1697,120,0,12,0,12,0,12,0,12,18,26,0,12,0,12,0,12,0,12,0,12,8,18,8,18,0,12,0,12,13,21,99,50,8,18,26,29,120,51,47,45,827,95,364,98,113,53,46,43
1400000US37119002702,37119002702,"Census Tract 27.02, Mecklenburg County, North Carolina",3585,263,15,26,0,17,0,17,0,17,0,17,0,17,0,17,0,17,0,17,0,17,0,17,0,17,0,17,0,17,10,16,127,91,0,17,64,50,247,123,124,77,1643,242,723,171,571,150,61,49
1400000US37119002800,37119002800,"Census Tract 28, Mecklenburg County, North Carolina",2507,157,7,16,0,12,0,12,0,12,0,12,0,12,0,12,0,12,0,12,6,12,0,12,4,8,0,12,10,15,6,13,30,22,8,17,33,27,187,75,42,30,1214,132,644,109,269,76,47,38
1400000US37119002903,37119002903,"Census Tract 29.03, Mecklenburg County, North Carolina",2653,175,0,12,0,12,0,12,0,12,0,12,0,12,8,12,0,12,0,12,0,12,0,12,8,13,0,12,8,13,14,21,24,23,16,20,44,43,278,120,157,87,1197,177,461,126,307,90,131,65
1400000US37119002904,37119002904,"Census Tract 29.04, Mecklenburg County, North Carolina",4755,344,0,17,0,17,0,17,0,17,0,17,0,17,0,17,0,17,0,17,0,17,10,19,5,11,0,17,72,95,32,41,240,127,72,73,48,42,490,169,332,141,2077,272,1009,212,262,118,106,97
1400000US37119002905,37119002905,"Census Tract 29.05, Mecklenburg County, North Carolina",2159,143,0,12,0,12,0,12,0,12,0,12,0,12,0,12,0,12,0,12,0,12,0,12,0,12,0,12,0,12,2,4,52,36,13,20,36,28,208,83,84,72,1035,147,558,112,136,53,35,28
1400000US37119002906,37119002906,"Census Tract 29.06, Mecklenburg County, North Carolina",3224,229,0,12,0,12,0,12,0,12,0,12,0,12,0,12,0,12,0,12,0,12,0,12,6,12,28,44,11,19,32,37,124,55,17,18,83,54,235,108,150,61,1688,226,460,123,294,144,96,59
1400000US37119003006,37119003006,"Census Tract 30.06, Mecklenburg County, North Carolina",3136,192,13,19,0,12,0,12,0,12,0,12,0,12,0,12,0,12,0,12,0,12,0,12,0,12,0,12,11,18,8,13,170,63,28,31,241,93,300,104,195,85,1364,179,591,128,186,63,29,19
1400000US37119003007,37119003007,"Census Tract 30.07, Mecklenburg County, North Carolina",4745,226,48,51,0,17,0,17,0,17,0,17,0,17,0,17,0,17,0,17,0,17,0,17,11,17,0,17,0,17,45,44,396,139,0,17,112,69,462,155,313,141,1941,239,959,189,353,114,105,75
1400000US37119003008,37119003008,"Census Tract 30.08, Mecklenburg County, North Carolina",4174,293,0,17,0,17,0,17,0,17,0,17,0,17,0,17,0,17,0,17,0,17,12,19,73,82,80,103,22,28,75,57,598,182,54,52,240,126,691,199,396,128,1311,236,479,166,143,73,0,17
1400000US37119003011,37119003011,"Census Tract 30.11, Mecklenburg County, North Carolina",4408,314,0,17,0,17,0,17,0,17,0,17,0,17,0,17,0,17,0,17,0,17,0,17,0,17,17,27,5,7,0,17,453,143,16,23,86,66,578,131,210,97,2112,333,575,196,214,122,142,97
1400000US37119003012,37119003012,"Census Tract 30.12, Mecklenburg County, North Carolina",3352,320,33,38,0,12,0,12,0,12,0,12,75,87,37,58,0,12,123,130,24,37,10,16,0,12,28,45,5,11,6,10,169,83,35,32,158,79,362,105,220,115,1357,194,505,149,161,54,44,37
1400000US37119003013,37119003013,"Census Tract 30.13, Mecklenburg County, North Carolina",3705,221,34,53,0,17,0,17,0,17,0,17,0,17,0,17,0,17,0,17,0,17,19,31,22,35,0,17,14,23,37,45,351,177,54,51,109,68,537,158,94,66,1540,234,659,162,152,81,83,72
1400000US37119003015,37119003015,"Census Tract 30.15, Mecklenburg County, North Carolina",3328,185,15,21,0,12,0,12,0,12,0,12,0,12,0,12,0,12,8,13,0,12,0,12,0,12,2,4,8,12,21,25,334,121,47,35,96,44,474,133,139,53,1399,174,557,108,126,55,102,56
1400000US37119003016,37119003016,"Census Tract 30.16, Mecklenburg County, North Carolina",2971,151,23,26,0,12,0,12,0,12,0,12,0,12,0,12,0,12,10,15,0,12,0,12,0,12,0,12,9,14,24,35,103,77,14,22,160,85,356,116,282,101,1204,168,609,144,142,67,35,30
1400000US37119003017,37119003017,"Census Tract 30.17, Mecklenburg County, North Carolina",2432,135,33,33,0,12,0,12,0,12,0,12,0,12,0,12,0,12,0,12,0,12,0,12,0,12,0,12,0,12,17,20,153,62,32,28,117,57,351,128,148,76,1030,192,361,135,145,75,45,31
1400000US37119003018,37119003018,"Census Tract 30.18, Mecklenburg County, North Carolina",1950,144,7,12,0,12,0,12,0,12,0,12,0,12,0,12,0,12,0,12,0,12,0,12,1,3,0,12,1,2,0,12,301,199,1,2,80,44,277,115,70,39,760,152,356,131,73,56,23,27
1400000US37119003102,37119003102,"Census Tract 31.02, Mecklenburg County, North Carolina",3349,331,29,51,0,12,0,12,0,12,0,12,37,59,15,23,93,83,231,156,8,13,44,62,14,21,54,61,17,31,16,27,519,221,58,43,219,113,606,216,114,131,932,314,314,147,8,18,21,32
1400000US37119003103,37119003103,"Census Tract 31.03, Mecklenburg County, North Carolina",3939,316,18,20,0,12,0,12,0,12,0,12,0,12,0,12,0,12,15,24,0,12,0,12,29,49,22,42,54,45,81,87,451,170,43,39,181,79,473,123,278,108,1635,286,496,155,136,75,27,32
1400000US37119003105,37119003105,"Census Tract 31.05, Mecklenburg County, North Carolina",2914,168,0,12,0,12,0,12,0,12,0,12,0,12,0,12,0,12,48,54,0,12,0,12,0,12,12,19,7,12,10,15,314,97,10,15,119,66,332,105,207,69,1242,170,471,94,109,58,33,23
1400000US37119003106,37119003106,"Census Tract 31.06, Mecklenburg County, North Carolina",2158,231,0,12,0,12,0,12,0,12,0,12,0,12,0,12,0,12,86,92,0,12,59,59,25,33,23,37,19,30,44,50,472,191,8,12,78,45,370,108,106,49,619,137,184,66,38,31,27,21
1400000US37119003108,37119003108,"Census Tract 31.08, Mecklenburg County, North Carolina",1915,176,20,22,0,12,0,12,0,12,0,12,6,9,0,12,49,35,101,83,22,37,7,11,29,32,26,26,21,26,15,16,519,142,38,28,90,50,304,98,88,46,467,122,98,75,15,22,0,12
1400000US37119003109,37119003109,"Census Tract 31.09, Mecklenburg County, North Carolina",2586,298,29,33,0,12,0,12,0,12,18,27,25,41,0,12,0,12,275,154,0,12,0,12,110,87,54,64,75,64,96,103,480,141,14,20,191,96,381,139,118,62,475,134,228,86,17,28,0,12
1400000US37119003201,37119003201,"Census Tract 32.01, Mecklenburg County, North Carolina",1700,209,42,48,0,12,0,12,0,12,0,12,0,12,0,12,86,109,78,55,0,12,0,12,76,54,41,45,0,12,16,20,309,95,27,24,33,27,276,98,119,67,421,159,132,60,36,34,8,13
1400000US37119003203,37119003203,"Census Tract 32.03, Mecklenburg County, North Carolina",2137,248,41,38,0,12,0,12,0,12,0,12,0,12,0,12,0,12,0,12,0,12,0,12,15,23,48,75,16,31,0,12,357,119,0,12,52,44,493,174,230,129,538,142,217,90,130,89,0,12
1400000US37119003204,37119003204,"Census Tract 32.04, Mecklenburg County, North Carolina",2845,271,81,105,0,12,0,12,0,12,9,14,0,12,0,12,0,12,9,14,0,12,47,71,36,42,25,36,9,14,4,7,276,108,18,21,100,56,468,113,160,71,966,166,582,147,42,29,13,19
1400000US37119003300,37119003300,"Census Tract 33, Mecklenburg County, North Carolina",2244,186,7,11,0,12,0,12,0,12,0,12,0,12,0,12,0,12,11,17,0,12,0,12,0,12,16,25,0,12,0,12,186,122,90,65,121,69,248,60,207,95,880,137,352,94,105,54,21,23
1400000US37119003400,37119003400,"Census Tract 34, Mecklenburg County, North Carolina",3425,248,10,16,0,12,0,12,0,12,0,12,0,12,0,12,0,12,0,12,0,12,21,31,0,12,0,12,5,9,19,23,85,52,25,36,54,42,110,72,158,111,1567,270,784,220,391,137,196,145
1400000US37119003500,37119003500,"Census Tract 35, Mecklenburg County, North Carolina",2022,275,7,14,0,12,0,12,0,12,7,14,0,12,0,12,0,12,0,12,9,20,0,12,9,20,6,13,0,12,10,20,139,102,11,18,61,37,51,40,101,53,922,154,403,99,230,63,56,49
1400000US37119003600,37119003600,"Census Tract 36, Mecklenburg County, North Carolina",2407,264,32,43,0,12,0,12,0,12,22,37,0,12,10,16,37,36,0,12,7,10,26,34,93,62,123,67,217,106,29,35,534,133,111,70,125,69,339,116,149,83,385,98,133,55,27,33,8,13
1400000US37119003700,37119003700,"Census Tract 37, Mecklenburg County, North Carolina",1933,192,42,40,0,12,0,12,0,12,0,12,0,12,0,12,0,12,0,12,5,8,21,33,56,75,103,65,93,65,32,33,355,108,48,36,59,45,238,103,26,30,524,131,229,98,78,72,24,27
1400000US37119003802,37119003802,"Census Tract 38.02, Mecklenburg County, North Carolina",2451,295,50,41,0,12,0,12,0,12,8,13,22,27,0,12,6,11,33,32,37,29,39,46,169,136,98,46,118,52,46,33,693,152,31,24,98,69,564,145,200,107,186,104,53,52,0,12,0,12
1400000US37119003805,37119003805,"Census Tract 38.05, Mecklenburg County, North Carolina",1504,177,0,12,0,12,0,12,0,12,0,12,0,12,0,12,0,12,0,12,0,12,9,14,0,12,8,15,23,27,10,13,55,35,5,8,26,23,104,72,62,39,836,194,335,89,23,18,8,9
1400000US37119003806,37119003806,"Census Tract 38.06, Mecklenburg County, North Carolina",6754,719,155,119,0,19,0,19,19,35,37,42,34,55,33,44,11,18,223,156,35,46,232,225,240,141,125,83,141,80,261,163,1442,292,140,96,401,176,1208,324,280,124,1222,350,459,183,37,47,19,22
1400000US37119003807,37119003807,"Census Tract 38.07, Mecklenburg County, North Carolina",2879,290,168,94,0,12,0,12,0,12,0,12,63,53,37,59,52,57,188,119,0,12,117,59,75,77,77,52,113,81,86,57,637,229,161,93,182,78,536,140,150,76,160,67,77,80,0,12,0,12
1400000US37119003808,37119003808,"Census Tract 38.08, Mecklenburg County, North Carolina",3499,359,43,37,0,17,0,17,66,71,35,38,73,71,0,17,57,52,605,213,66,43,146,89,270,142,59,41,30,30,48,50,776,208,48,42,122,63,553,220,145,64,284,101,73,48,0,17,0,17
1400000US37119003902,37119003902,"Census Tract 39.02, Mecklenburg County, North Carolina",2894,282,189,118,0,12,0,12,0,12,0,12,0,12,4,10,0,12,9,14,9,13,0,12,155,93,177,101,200,87,125,88,888,183,32,32,301,131,427,137,167,74,176,78,19,28,16,16,0,12
1400000US37119003903,37119003903,"Census Tract 39.03, Mecklenburg County, North Carolina",747,108,16,19,4,6,0,12,0,12,0,12,21,24,0,12,0,12,0,12,29,31,12,21,94,43,108,53,55,42,29,29,97,41,44,37,57,40,111,55,22,21,48,32,0,12,0,12,0,12
1400000US37119004000,37119004000,"Census Tract 40, Mecklenburg County, North Carolina",2959,276,62,46,0,12,0,12,0,12,0,12,0,12,1,2,0,12,36,31,0,12,74,58,205,121,128,64,342,146,170,88,839,196,81,56,312,97,341,114,114,68,247,89,7,12,0,12,0,12
1400000US37119004100,37119004100,"Census Tract 41, Mecklenburg County, North Carolina",2674,239,11,15,0,12,0,12,0,12,0,12,0,12,0,12,0,12,32,39,14,24,23,27,45,40,74,48,116,60,38,41,413,130,100,75,88,63,335,155,175,86,870,197,261,91,62,38,17,19
1400000US37119004200,37119004200,"Census Tract 42, Mecklenburg County, North Carolina",2193,237,51,44,0,12,0,12,0,12,0,12,0,12,0,12,0,12,21,27,35,43,64,42,122,89,189,87,144,73,102,53,468,134,80,64,198,99,408,131,156,75,78,58,66,50,11,18,0,12
1400000US37119004302,37119004302,"Census Tract 43.02, Mecklenburg County, North Carolina",2843,272,103,70,0,12,0,12,0,12,16,26,0,12,0,12,0,12,27,30,19,30,83,55,93,69,113,74,139,67,42,34,782,175,218,96,198,77,524,158,183,112,235,134,27,22,28,44,13,19
1400000US37119004303,37119004303,"Census Tract 43.03, Mecklenburg County, North Carolina",1776,151,8,10,0,12,0,12,0,12,13,21,0,12,11,20,0,12,31,30,66,56,10,13,27,21,31,27,17,26,30,31,535,109,69,42,117,55,368,100,205,77,191,78,43,23,0,12,4,6
1400000US37119004304,37119004304,"Census Tract 43.04, Mecklenburg County, North Carolina",2155,220,72,53,0,12,0,12,0,12,0,12,7,13,0,12,0,12,31,47,0,12,10,17,99,91,84,75,48,49,43,39,573,135,98,59,138,71,422,136,262,131,199,124,69,54,0,12,0,12
1400000US37119004305,37119004305,"Census Tract 43.05, Mecklenburg County, North Carolina",3393,436,216,232,0,17,0,17,0,17,8,17,89,96,0,17,149,132,166,149,0,17,75,54,58,73,41,51,32,50,41,54,1100,294,84,84,210,125,526,230,115,80,359,217,97,83,21,29,6,13
1400000US37119004400,37119004400,"Census Tract 44, Mecklenburg County, North Carolina",3213,298,21,23,0,17,0,17,0,17,0,17,0,17,0,17,10,16,32,52,23,26,41,33,178,119,89,52,227,165,12,18,887,217,142,85,189,85,603,157,302,108,354,124,71,58,0,17,32,50
1400000US37119004500,37119004500,"Census Tract 45, Mecklenburg County, North Carolina",1826,212,57,38,0,12,16,22,0,12,0,12,29,28,16,21,0,12,48,50,9,18,14,22,28,35,108,60,101,71,73,63,694,191,80,51,129,71,256,93,46,36,83,74,39,39,0,12,0,12
1400000US37119004600,37119004600,"Census Tract 46, Mecklenburg County, North Carolina",2107,235,4,11,0,12,0,12,0,12,0,12,0,12,0,12,0,12,0,12,0,12,23,23,56,48,190,103,240,97,84,40,625,150,69,52,131,68,344,131,63,45,152,87,104,68,10,18,12,19
1400000US37119004700,37119004700,"Census Tract 47, Mecklenburg County, North Carolina",805,118,24,25,0,12,0,12,0,12,0,12,0,12,9,13,0,12,7,10,0,12,7,8,50,36,53,48,120,79,6,10,197,74,38,27,79,44,122,56,71,39,17,14,5,9,0,12,0,12
1400000US37119004800,37119004800,"Census Tract 48, Mecklenburg County, North Carolina",2437,244,26,25,0,12,0,12,0,12,0,12,9,15,0,12,0,12,9,14,7,12,54,57,80,54,81,58,42,37,25,27,729,197,142,69,104,63,386,112,208,97,319,93,153,83,36,43,27,43
1400000US37119004900,37119004900,"Census Tract 49, Mecklenburg County, North Carolina",418,93,13,13,0,12,0,12,0,12,0,12,0,12,0,12,0,12,0,12,5,7,4,6,15,13,14,16,31,19,35,21,113,48,28,18,27,16,39,23,50,50,44,30,0,12,0,12,0,12
1400000US37119005000,37119005000,"Census Tract 50, Mecklenburg County, North Carolina",951,138,5,9,0,12,0,12,0,12,0,12,4,9,13,14,0,12,0,12,0,12,25,30,0,12,37,34,71,47,0,12,300,89,65,40,55,34,196,74,33,25,127,60,20,22,0,12,0,12
1400000US37119005100,37119005100,"Census Tract 51, Mecklenburg County, North Carolina",1781,228,49,38,0,12,0,12,0,12,0,12,0,12,5,8,8,12,6,10,0,12,35,33,108,54,40,32,155,84,35,47,534,132,117,71,94,46,284,106,95,49,144,72,63,64,0,12,9,13
1400000US37119005200,37119005200,"Census Tract 52, Mecklenburg County, North Carolina",1568,309,48,29,0,12,0,12,0,12,9,15,0,12,9,14,0,12,1,3,11,15,28,21,32,37,110,53,153,55,49,30,416,167,75,64,80,69,277,69,77,41,180,54,13,11,0,12,0,12
1400000US37119005301,37119005301,"Census Tract 53.01, Mecklenburg County, North Carolina",2288,275,115,78,0,12,0,12,0,12,33,36,0,12,0,12,71,61,71,61,44,63,79,78,72,46,58,47,112,70,19,25,560,133,79,69,85,65,539,143,172,100,150,75,21,23,0,12,8,13
1400000US37119005305,37119005305,"Census Tract 53.05, Mecklenburg County, North Carolina",3380,341,107,63,0,12,0,12,0,12,17,17,0,12,0,12,0,12,111,65,8,13,48,57,157,115,83,48,116,73,110,64,979,223,127,127,311,115,634,173,249,126,259,126,64,44,0,12,0,12
1400000US37119005306,37119005306,"Census Tract 53.06, Mecklenburg County, North Carolina",1376,149,29,30,0,12,0,12,0,12,0,12,4,6,11,18,10,16,62,45,17,21,105,75,71,53,20,15,69,43,5,8,353,118,43,26,96,46,198,69,111,63,109,49,25,13,33,52,5,9
1400000US37119005307,37119005307,"Census Tract 53.07, Mecklenburg County, North Carolina",1931,246,68,60,0,12,0,12,0,12,49,53,0,12,101,72,0,12,82,86,15,15,55,46,44,35,25,28,39,30,43,31,523,146,63,48,231,94,336,121,110,66,81,41,45,40,21,31,0,12
1400000US37119005308,37119005308,"Census Tract 53.08, Mecklenburg County, North Carolina",1534,217,58,44,0,12,0,12,0,12,14,21,27,24,0,12,14,22,234,115,99,55,68,54,52,35,61,55,31,28,53,49,481,141,31,29,82,48,160,69,30,27,39,35,0,12,0,12,0,12
1400000US37119005401,37119005401,"Census Tract 54.01, Mecklenburg County, North Carolina",4410,372,60,53,0,17,0,17,0,17,41,63,0,17,0,17,0,17,0,17,0,17,67,65,148,90,108,99,191,126,68,67,1286,301,113,65,370,146,982,220,254,129,614,245,108,82,0,17,0,17
1400000US37119005403,37119005403,"Census Tract 54.03, Mecklenburg County, North Carolina",2721,243,44,40,0,12,0,12,0,12,24,34,9,16,17,26,42,49,0,12,89,78,46,42,5,9,85,75,96,48,62,56,854,222,73,51,127,81,489,134,267,123,239,96,103,62,32,35,18,22
1400000US37119005404,37119005404,"Census Tract 54.04, Mecklenburg County, North Carolina",3156,302,51,47,0,12,0,12,0,12,0,12,0,12,12,20,7,12,86,69,26,32,31,49,106,76,101,59,80,58,10,17,883,197,67,40,280,141,806,166,128,69,324,159,100,82,28,24,30,29
1400000US37119005508,37119005508,"Census Tract 55.08, Mecklenburg County, North Carolina",2962,220,7,11,0,12,0,12,0,12,0,12,0,12,0,12,0,12,0,12,0,12,0,12,36,57,18,28,35,54,6,11,589,170,17,19,98,53,474,195,279,124,951,208,379,109,39,48,34,37
1400000US37119005509,37119005509,"Census Tract 55.09, Mecklenburg County, North Carolina",3561,359,109,80,0,17,0,17,0,17,0,17,26,43,0,17,0,17,0,17,0,17,0,17,0,17,147,187,0,17,27,46,434,169,28,33,218,106,578,179,410,138,1116,228,407,139,16,27,45,51
1400000US37119005510,37119005510,"Census Tract 55.10, Mecklenburg County, North Carolina",3249,269,59,73,0,17,0,17,0,17,41,44,7,17,51,58,7,13,19,30,72,72,55,46,144,88,0,17,81,58,32,31,896,254,129,72,228,119,470,150,340,147,470,131,139,83,9,15,0,17
1400000US37119005511,37119005511,"Census Tract 55.11, Mecklenburg County, North Carolina",3003,332,22,36,0,12,0,12,0,12,0,12,0,12,7,12,4,9,15,23,0,12,25,29,25,32,0,12,11,18,5,11,362,126,54,56,288,152,694,279,268,123,825,208,370,118,12,19,16,19
1400000US37119005512,37119005512,"Census Tract 55.12, Mecklenburg County, North Carolina",3087,304,45,52,0,12,0,12,0,12,0,12,0,12,8,15,0,12,19,27,0,12,21,28,50,41,69,61,46,47,0,12,1030,240,90,58,186,86,390,118,380,188,576,159,162,91,15,21,0,12
1400000US37119005513,37119005513,"Census Tract 55.13, Mecklenburg County, North Carolina",2804,294,15,25,0,12,0,12,0,12,0,12,0,12,0,12,62,88,0,12,0,12,0,12,0,12,0,12,21,23,0,12,349,134,72,47,97,63,370,124,285,108,1095,238,315,114,64,55,59,43
1400000US37119005514,37119005514,"Census Tract 55.14, Mecklenburg County, North Carolina",4923,383,0,17,0,17,0,17,0,17,0,17,0,17,0,17,0,17,0,17,0,17,0,17,0,17,15,24,28,33,0,17,589,179,45,49,340,151,1073,341,502,158,1532,356,621,168,58,44,120,103
1400000US37119005515,37119005515,"Census Tract 55.15, Mecklenburg County, North Carolina",1715,170,0,12,0,12,0,12,0,12,0,12,0,12,0,12,0,12,0,12,0,12,0,12,13,21,0,12,0,12,18,29,268,132,33,31,86,71,256,93,196,89,531,135,297,113,17,20,0,12
1400000US37119005516,37119005516,"Census Tract 55.16, Mecklenburg County, North Carolina",1209,95,0,12,0,12,0,12,0,12,0,12,0,12,0,12,14,18,0,12,0,12,13,20,0,12,0,12,4,8,0,12,188,81,26,30,41,29,193,72,177,54,370,93,124,62,17,15,42,52
1400000US37119005517,37119005517,"Census Tract 55.17, Mecklenburg County, North Carolina",2958,177,17,26,0,12,0,12,0,12,0,12,0,12,0,12,0,12,0,12,7,11,0,12,0,12,5,9,6,10,21,35,207,72,18,20,126,68,563,210,366,133,1098,201,463,118,42,35,19,22
1400000US37119005518,37119005518,"Census Tract 55.18, Mecklenburg County, North Carolina",3597,345,0,17,0,17,0,17,0,17,0,17,0,17,0,17,0,17,0,17,19,31,0,17,19,33,23,26,41,41,51,42,908,266,100,74,247,102,544,200,231,98,868,198,409,122,92,73,45,37
1400000US37119005519,37119005519,"Census Tract 55.19, Mecklenburg County, North Carolina",3162,259,38,65,0,17,0,17,0,17,0,17,0,17,0,17,0,17,0,17,0,17,9,20,27,42,9,17,9,17,25,31,433,105,58,59,89,63,564,209,292,122,1166,203,377,136,44,36,22,24
1400000US37119005520,37119005520,"Census Tract 55.20, Mecklenburg County, North Carolina",2873,310,40,52,0,12,0,12,0,12,14,23,0,12,29,42,0,12,0,12,0,12,14,22,14,22,0,12,0,12,54,47,346,162,64,52,130,61,597,251,219,107,769,192,404,199,128,83,51,44
1400000US37119005521,37119005521,"Census Tract 55.21, Mecklenburg County, North Carolina",4151,350,121,140,0,17,0,17,0,17,0,17,0,17,0,17,0,17,0,17,0,17,0,17,0,17,27,44,42,65,34,38,796,307,104,137,196,115,591,173,206,110,1382,339,595,229,37,44,20,33
1400000US37119005522,37119005522,"Census Tract 55.22, Mecklenburg County, North Carolina",2767,349,11,35,0,12,0,12,0,12,0,12,0,12,0,12,0,12,0,12,0,12,0,12,0,12,0,12,0,12,0,12,558,281,26,51,196,143,375,215,220,118,782,270,546,183,44,59,9,16
1400000US37119005523,37119005523,"Census Tract 55.23, Mecklenburg County, North Carolina",3230,357,6,12,16,26,0,12,0,12,0,12,0,12,0,12,0,12,0,12,13,28,28,60,0,12,0,12,7,15,32,42,453,130,45,64,9,22,483,217,257,147,951,291,790,296,15,25,125,127
1400000US37119005524,37119005524,"Census Tract 55.24, Mecklenburg County, North Carolina",6028,605,32,51,0,17,0,17,0,17,6,13,37,56,0,17,6,12,32,52,34,50,56,76,35,62,6,13,6,13,119,109,1277,405,151,111,142,100,1233,323,352,168,1865,406,535,271,30,49,74,73
1400000US37119005604,37119005604,"Census Tract 56.04, Mecklenburg County, North Carolina",730,154,8,12,0,17,0,17,0,17,0,17,0,17,0,17,0,17,0,17,0,17,14,22,8,13,0,17,13,21,0,17,109,94,19,31,4,7,134,57,118,94,180,77,86,47,26,33,11,12
1400000US37119005605,37119005605,"Census Tract 56.05, Mecklenburg County, North Carolina",3122,330,12,20,0,17,0,17,0,17,0,17,16,26,0,17,0,17,0,17,0,17,66,55,56,91,21,23,66,79,27,40,352,214,78,67,253,133,571,271,304,146,1069,292,185,80,31,47,15,22
1400000US37119005609,37119005609,"Census Tract 56.09, Mecklenburg County, North Carolina",1102,322,13,20,0,12,0,12,0,12,0,12,6,11,0,12,0,12,31,37,0,12,0,12,14,25,33,45,9,16,0,12,210,136,64,39,23,40,226,113,45,62,398,209,27,32,0,12,3,8
1400000US37119005610,37119005610,"Census Tract 56.10, Mecklenburg County, North Carolina",1786,250,25,30,0,12,0,12,0,12,0,12,30,46,0,12,0,12,27,40,41,46,0,12,20,35,29,31,23,37,45,38,320,120,23,21,77,44,296,92,202,102,474,150,95,67,43,46,16,21
1400000US37119005611,37119005611,"Census Tract 56.11, Mecklenburg County, North Carolina",1681,150,3,5,0,12,0,12,0,12,0,12,0,12,0,12,0,12,0,12,2,7,11,18,40,28,16,18,29,32,45,36,172,62,30,24,116,70,353,86,178,70,476,147,179,72,31,39,0,12
1400000US37119005612,37119005612,"Census Tract 56.12, Mecklenburg County, North Carolina",2963,240,35,30,0,12,0,12,0,12,8,16,6,11,0,12,0,12,0,12,9,24,15,21,57,57,42,42,19,22,7,11,330,110,97,89,164,84,664,228,248,140,1037,245,208,86,17,25,0,12
1400000US37119005613,37119005613,"Census Tract 56.13, Mecklenburg County, North Carolina",1221,138,0,12,0,12,0,12,0,12,0,12,0,12,0,12,0,12,21,27,40,28,8,12,0,12,28,39,63,49,8,13,265,102,48,58,96,53,164,80,159,74,188,65,61,40,36,41,36,39
1400000US37119005614,37119005614,"Census Tract 56.14, Mecklenburg County, North Carolina",4136,343,0,17,0,17,0,17,0,17,0,17,0,17,0,17,0,17,0,17,0,17,15,26,48,69,0,17,15,24,0,17,383,170,20,32,123,82,596,184,642,195,1215,285,850,224,130,98,99,75
1400000US37119005615,37119005615,"Census Tract 56.15, Mecklenburg County, North Carolina",778,87,45,34,0,12,0,12,0,12,0,12,0,12,0,12,0,12,25,31,0,12,0,12,0,12,3,7,0,12,2,6,122,54,19,19,54,38,151,56,96,42,158,59,81,52,20,21,2,5
1400000US37119005616,37119005616,"Census Tract 56.16, Mecklenburg County, North Carolina",1234,227,0,12,0,12,0,12,12,18,0,12,42,38,0,12,41,36,85,65,7,10,27,37,19,24,16,21,14,15,16,17,277,97,46,40,95,46,157,87,69,44,177,87,123,57,7,11,4,8
1400000US37119005617,37119005617,"Census Tract 56.17, Mecklenburg County, North Carolina",1360,144,37,40,0,12,0,12,0,12,0,12,0,12,16,27,0,12,0,12,0,12,0,12,35,39,0,12,35,34,70,45,366,108,44,31,136,63,172,69,108,51,248,90,56,43,5,8,32,37
1400000US37119005618,37119005618,"Census Tract 56.18, Mecklenburg County, North Carolina",2324,151,0,12,0,12,0,12,0,12,0,12,0,12,0,12,0,12,23,33,0,12,0,12,7,12,68,71,0,12,26,33,426,171,51,47,187,87,332,135,154,90,714,166,281,108,25,27,30,24
1400000US37119005619,37119005619,"Census Tract 56.19, Mecklenburg County, North Carolina",2766,386,8,12,0,12,0,12,0,12,0,12,0,12,0,12,0,12,13,22,38,49,0,12,7,11,0,12,10,15,55,52,342,139,108,77,161,73,526,186,429,159,679,210,364,172,26,27,0,12
1400000US37119005620,37119005620,"Census Tract 56.20, Mecklenburg County, North Carolina",4534,464,112,127,26,42,0,17,32,49,2,5,0,17,0,17,0,17,152,163,0,17,0,17,34,40,80,76,0,17,109,90,825,246,186,126,207,109,969,326,422,178,1016,281,330,142,0,17,32,38
1400000US37119005621,37119005621,"Census Tract 56.21, Mecklenburg County, North Carolina",2819,202,0,12,0,12,0,12,0,12,0,12,0,12,17,24,0,12,0,12,1,2,8,16,0,12,24,26,9,13,22,23,395,135,56,44,155,92,446,129,373,120,890,192,322,127,39,41,62,48
1400000US37119005706,37119005706,"Census Tract 57.06, Mecklenburg County, North Carolina",4610,277,81,71,0,17,0,17,0,17,48,73,0,17,0,17,8,14,48,75,35,55,76,63,13,21,86,62,106,83,75,68,891,182,166,83,301,118,1095,274,266,118,988,222,270,123,57,48,0,17
1400000US37119005709,37119005709,"Census Tract 57.09, Mecklenburg County, North Carolina",2909,221,33,31,0,12,0,12,0,12,0,12,0,12,0,12,0,12,23,27,10,14,32,34,10,15,9,15,20,22,49,54,503,139,101,64,110,57,460,112,246,93,901,146,287,97,86,60,29,25
1400000US37119005710,37119005710,"Census Tract 57.10, Mecklenburg County, North Carolina",2757,209,0,12,0,12,0,12,0,12,0,12,0,12,0,12,0,12,19,29,0,12,65,46,23,25,51,46,50,35,50,42,648,152,113,74,161,66,547,139,335,112,539,153,109,50,7,11,40,49
1400000US37119005711,37119005711,"Census Tract 57.11, Mecklenburg County, North Carolina",5038,449,29,47,0,17,0,17,0,17,8,19,0,17,0,17,0,17,24,38,25,37,104,88,14,22,33,37,49,45,119,74,1025,246,102,136,304,147,974,319,341,128,1248,223,381,138,187,110,71,57
1400000US37119005712,37119005712,"Census Tract 57.12, Mecklenburg County, North Carolina",2872,194,6,10,0,12,0,12,0,12,0,12,32,48,0,12,32,51,0,12,0,12,0,12,51,50,8,15,36,35,33,32,524,118,80,65,255,100,570,196,308,110,644,130,265,85,0,12,28,26
1400000US37119005713,37119005713,"Census Tract 57.13, Mecklenburg County, North Carolina",2657,188,12,20,0,12,0,12,0,12,0,12,0,12,0,12,0,12,0,12,0,12,40,41,14,14,22,23,15,22,45,43,628,117,80,50,143,66,400,120,232,84,733,134,206,76,48,40,39,37
1400000US37119005714,37119005714,"Census Tract 57.14, Mecklenburg County, North Carolina",3589,327,0,17,0,17,0,17,0,17,0,17,0,17,15,24,0,17,0,17,0,17,12,20,30,36,60,37,7,11,0,17,609,166,173,162,218,76,628,150,270,109,1152,204,313,111,41,33,61,33
1400000US37119005715,37119005715,"Census Tract 57.15, Mecklenburg County, North Carolina",1921,173,17,15,0,12,0,12,0,12,0,12,0,12,0,12,0,12,0,12,0,12,8,12,5,8,21,19,55,49,34,27,591,121,105,49,150,61,284,88,196,100,328,74,89,42,22,17,16,17
1400000US37119005716,37119005716,"Census Tract 57.16, Mecklenburg County, North Carolina",2995,413,13,22,0,12,0,12,0,12,0,12,0,12,0,12,0,12,110,100,13,25,43,47,33,41,28,39,58,52,77,62,882,331,177,104,65,46,465,141,242,89,622,159,144,56,15,17,8,13
1400000US37119005717,37119005717,"Census Tract 57.17, Mecklenburg County, North Carolina",4060,358,27,47,0,17,0,17,0,17,0,17,14,23,0,17,0,17,0,17,19,29,7,16,13,22,0,17,92,90,197,169,1163,386,53,46,242,132,582,212,443,180,975,263,191,103,18,34,24,38
1400000US37119005811,37119005811,"Census Tract 58.11, Mecklenburg County, North Carolina",3127,247,9,14,0,12,0,12,0,12,0,12,0,12,0,12,0,12,0,12,0,12,0,12,9,15,12,17,18,27,15,18,433,126,52,38,270,92,574,149,279,112,911,183,407,122,95,54,43,30
1400000US37119005812,37119005812,"Census Tract 58.12, Mecklenburg County, North Carolina",4590,365,12,19,0,17,0,17,0,17,0,17,0,17,0,17,13,19,0,17,0,17,30,45,51,65,85,100,39,47,75,82,873,259,102,68,249,213,656,203,312,122,1406,238,476,175,122,94,89,88
1400000US37119005815,37119005815,"Census Tract 58.15, Mecklenburg County, North Carolina",2656,155,0,12,0,12,0,12,0,12,0,12,0,12,0,12,0,12,0,12,24,35,10,16,0,12,0,12,0,12,24,23,295,117,37,45,108,68,567,168,111,55,1008,168,372,105,54,39,46,31
1400000US37119005816,37119005816,"Census Tract 58.16, Mecklenburg County, North Carolina",2883,175,0,12,0,12,0,12,0,12,0,12,0,12,0,12,0,12,0,12,0,12,0,12,0,12,0,12,0,12,72,50,212,76,16,28,108,48,459,117,160,68,1273,166,392,104,155,70,36,33
1400000US37119005817,37119005817,"Census Tract 58.17, Mecklenburg County, North Carolina",2995,171,0,12,0,12,0,12,0,12,0,12,0,12,0,12,0,12,49,64,0,12,0,12,26,40,38,57,0,12,15,23,198,81,81,54,94,53,391,102,149,49,1245,165,524,155,158,62,27,23
1400000US37119005823,37119005823,"Census Tract 58.23, Mecklenburg County, North Carolina",5322,360,24,41,0,17,0,17,0,17,0,17,0,17,0,17,0,17,12,19,22,36,11,23,0,17,16,26,27,42,16,25,878,269,46,51,223,123,568,229,335,196,2167,282,756,221,201,115,20,33
1400000US37119005824,37119005824,"Census Tract 58.24, Mecklenburg County, North Carolina",1987,205,103,68,0,12,0,12,0,12,0,12,26,33,14,25,18,28,145,92,21,22,61,47,39,42,55,53,33,42,43,29,565,160,42,41,84,46,252,91,123,70,253,97,85,59,25,31,0,12
1400000US37119005825,37119005825,"Census Tract 58.25, Mecklenburg County, North Carolina",3499,231,48,50,0,17,0,17,0,17,0,17,0,17,0,17,0,17,0,17,7,15,50,76,36,38,120,115,20,27,48,55,694,200,84,60,132,71,725,239,252,143,1080,305,170,120,33,38,0,17
1400000US37119005826,37119005826,"Census Tract 58.26, Mecklenburg County, North Carolina",2098,227,25,29,0,12,0,12,0,12,0,12,0,12,0,12,0,12,9,16,0,12,0,12,0,12,0,12,37,38,29,30,369,187,82,68,164,76,284,80,287,97,674,159,132,73,0,12,6,12
1400000US37119005827,37119005827,"Census Tract 58.27, Mecklenburg County, North Carolina",1985,236,20,35,0,12,0,12,0,12,0,12,0,12,0,12,0,12,0,12,0,12,0,12,129,140,12,18,31,49,0,12,386,157,101,120,66,47,578,201,67,60,482,271,86,56,27,39,0,12
1400000US37119005828,37119005828,"Census Tract 58.28, Mecklenburg County, North Carolina",2789,145,25,39,0,12,0,12,0,12,0,12,8,14,0,12,0,12,8,13,0,12,0,12,0,12,12,18,18,19,17,18,278,116,16,27,66,51,250,108,244,128,1200,181,446,125,154,78,47,33
1400000US37119005829,37119005829,"Census Tract 58.29, Mecklenburg County, North Carolina",1664,219,11,24,0,12,0,12,0,12,11,24,0,12,0,12,0,12,0,12,0,12,43,50,0,12,22,24,0,12,9,16,369,168,7,13,120,78,442,186,76,62,448,186,85,64,21,26,0,12
1400000US37119005830,37119005830,"Census Tract 58.30, Mecklenburg County, North Carolina",2546,226,16,28,0,12,0,12,0,12,0,12,0,12,0,12,0,12,29,36,0,12,0,12,34,47,23,33,7,11,32,27,454,136,63,49,209,68,499,152,256,103,619,135,218,96,87,71,0,12
1400000US37119005831,37119005831,"Census Tract 58.31, Mecklenburg County, North Carolina",3561,278,0,17,0,17,0,17,0,17,0,17,0,17,0,17,0,17,0,17,0,17,12,20,18,28,0,17,8,14,35,42,381,155,137,93,195,102,492,188,369,130,1477,286,385,147,37,37,15,25
1400000US37119005832,37119005832,"Census Tract 58.32, Mecklenburg County, North Carolina",1811,98,0,12,0,12,0,12,0,12,0,12,0,12,0,12,0,12,0,12,0,12,0,12,0,12,0,12,0,12,0,12,178,97,4,6,48,25,80,51,53,31,750,117,460,88,199,75,39,20
1400000US37119005833,37119005833,"Census Tract 58.33, Mecklenburg County, North Carolina",3779,183,49,43,0,17,0,17,0,17,0,17,0,17,0,17,0,17,0,17,8,18,37,45,0,17,0,17,25,39,31,33,404,130,10,14,181,75,364,118,288,99,1569,173,544,139,178,87,91,56
1400000US37119005834,37119005834,"Census Tract 58.34, Mecklenburg County, North Carolina",2784,238,21,27,0,12,0,12,0,12,0,12,11,16,0,12,0,12,65,57,0,12,24,26,12,18,14,22,24,30,41,35,393,137,132,65,67,41,385,116,197,83,959,168,335,94,87,72,17,17
1400000US37119005835,37119005835,"Census Tract 58.35, Mecklenburg County, North Carolina",1949,107,0,12,0,12,0,12,0,12,0,12,0,12,0,12,0,12,0,12,6,9,10,11,8,9,21,19,0,12,30,26,270,79,21,27,123,54,304,79,134,50,732,129,221,69,43,37,26,23
1400000US37119005836,37119005836,"Census Tract 58.36, Mecklenburg County, North Carolina",2977,319,0,12,0,12,0,12,0,12,0,12,5,18,76,98,24,36,211,255,19,32,16,26,42,61,22,34,11,18,32,35,367,155,191,179,172,108,333,115,303,114,840,208,290,130,9,13,14,17
1400000US37119005837,37119005837,"Census Tract 58.37, Mecklenburg County, North Carolina",4799,341,0,17,0,17,0,17,0,17,0,17,0,17,0,17,0,17,0,17,0,17,16,38,41,55,30,48,0,17,0,17,235,161,28,33,101,98,531,231,366,133,2318,388,831,263,195,135,107,73
1400000US37119005838,37119005838,"Census Tract 58.38, Mecklenburg County, North Carolina",5224,299,0,17,0,17,0,17,0,17,0,17,0,17,0,17,30,45,0,17,0,17,0,17,0,17,0,17,24,36,15,24,595,227,64,56,236,147,585,246,244,114,2187,393,1038,228,155,128,51,46
1400000US37119005839,37119005839,"Census Tract 58.39, Mecklenburg County, North Carolina",1780,197,0,12,0,12,0,12,0,12,0,12,0,12,0,12,0,12,0,12,39,44,0,12,0,12,0,12,0,12,15,17,208,93,33,28,53,38,237,81,121,65,706,121,268,143,64,59,36,40
1400000US37119005840,37119005840,"Census Tract 58.40, Mecklenburg County, North Carolina",1625,147,20,15,0,12,0,12,0,12,0,12,0,12,0,12,0,12,0,12,0,12,0,12,7,11,6,9,0,12,8,12,210,155,12,14,52,32,123,59,185,117,699,140,272,126,23,22,8,11
1400000US37119005841,37119005841,"Census Tract 58.41, Mecklenburg County, North Carolina",4175,290,15,24,0,17,0,17,0,17,0,17,0,17,0,17,0,17,16,25,0,17,0,17,19,30,20,34,9,15,7,12,339,159,65,61,108,66,277,126,223,124,2014,288,740,177,237,136,86,64
1400000US37119005842,37119005842,"Census Tract 58.42, Mecklenburg County, North Carolina",4361,346,77,73,0,17,0,17,0,17,0,17,0,17,0,17,0,17,0,17,0,17,14,24,0,17,0,17,14,22,26,28,495,138,0,17,275,127,536,217,283,180,1812,335,725,190,91,80,13,21
1400000US37119005843,37119005843,"Census Tract 58.43, Mecklenburg County, North Carolina",2015,234,14,28,0,12,0,12,0,12,0,12,0,12,0,12,0,12,7,12,0,12,0,12,0,12,0,12,10,16,29,32,137,73,9,14,152,84,315,132,85,65,846,146,338,139,27,20,46,63
1400000US37119005844,37119005844,"Census Tract 58.44, Mecklenburg County, North Carolina",4914,367,52,60,0,17,0,17,0,17,0,17,0,17,0,17,0,17,0,17,0,17,18,29,0,17,0,17,0,17,28,33,357,191,0,17,241,134,591,193,179,111,2265,328,1042,386,30,47,111,81
1400000US37119005845,37119005845,"Census Tract 58.45, Mecklenburg County, North Carolina",2732,131,61,60,0,12,0,12,0,12,0,12,0,12,0,12,0,12,0,12,19,30,0,12,0,12,0,12,0,12,35,42,253,95,0,12,107,65,239,91,165,85,1290,167,479,110,69,40,15,22
1400000US37119005846,37119005846,"Census Tract 58.46, Mecklenburg County, North Carolina",2506,102,28,39,0,12,0,12,0,12,0,12,0,12,0,12,0,12,0,12,0,12,0,12,0,12,3,7,0,12,0,12,115,57,20,30,92,52,279,106,58,42,1312,145,458,122,82,43,59,45
1400000US37119005847,37119005847,"Census Tract 58.47, Mecklenburg County, North Carolina",2995,139,18,27,0,12,0,12,0,12,0,12,0,12,10,15,0,12,0,12,0,12,8,13,8,14,17,20,7,12,9,15,235,90,12,20,148,62,278,94,301,111,1269,170,478,117,113,64,84,53
1400000US37119005848,37119005848,"Census Tract 58.48, Mecklenburg County, North Carolina",3362,130,19,23,0,17,0,17,0,17,0,17,0,17,0,17,0,17,12,19,0,17,8,12,33,47,12,19,11,17,18,20,155,60,18,18,69,44,359,94,198,81,1673,206,523,133,173,59,81,56
1400000US37119005906,37119005906,"Census Tract 59.06, Mecklenburg County, North Carolina",2717,233,26,29,0,12,0,12,0,12,0,12,0,12,13,21,9,16,120,117,27,43,21,22,112,87,116,79,53,40,21,27,774,163,117,76,150,63,422,114,263,103,284,97,108,51,42,30,39,28
1400000US37119005907,37119005907,"Census Tract 59.07, Mecklenburg County, North Carolina",3286,234,41,34,0,17,0,17,0,17,0,17,0,17,0,17,0,17,18,27,0,17,13,20,45,54,72,62,20,30,91,71,407,136,58,52,124,75,549,178,218,105,1007,176,457,112,107,66,59,52
1400000US37119005908,37119005908,"Census Tract 59.08, Mecklenburg County, North Carolina",1252,111,0,12,0,12,0,12,0,12,0,12,0,12,0,12,0,12,8,12,0,12,7,12,0,12,14,21,0,12,16,20,130,64,8,12,52,25,180,82,89,49,503,83,178,58,38,26,29,24
1400000US37119005909,37119005909,"Census Tract 59.09, Mecklenburg County, North Carolina",5015,406,14,24,0,17,0,17,0,17,0,17,0,17,0,17,0,17,16,26,18,30,12,23,0,17,161,111,214,140,71,57,1530,502,66,56,229,128,848,222,375,142,1091,295,334,140,36,37,0,17
1400000US37119005910,37119005910,"Census Tract 59.10, Mecklenburg County, North Carolina",3451,255,17,27,0,17,0,17,0,17,0,17,0,17,0,17,0,17,13,22,0,17,52,51,35,35,31,40,102,96,35,34,654,222,74,59,247,123,808,183,230,112,841,190,272,155,40,35,0,17
1400000US37119005911,37119005911,"Census Tract 59.11, Mecklenburg County, North Carolina",3446,227,38,47,0,17,0,17,0,17,0,17,0,17,0,17,0,17,0,17,0,17,0,17,32,30,97,65,10,15,152,136,350,130,25,24,195,76,532,134,216,84,1222,242,393,176,131,97,53,59
1400000US37119005912,37119005912,"Census Tract 59.12, Mecklenburg County, North Carolina",3383,255,15,20,0,12,0,12,0,12,0,12,64,66,0,12,0,12,38,54,16,19,137,174,20,33,59,57,0,12,39,32,595,144,48,34,213,114,689,207,288,113,884,207,239,112,20,21,19,22
1400000US37119005913,37119005913,"Census Tract 59.13, Mecklenburg County, North Carolina",4521,349,131,103,0,17,0,17,0,17,3,8,16,31,0,17,42,43,97,100,0,17,51,67,66,66,95,62,120,81,99,73,1118,304,210,119,372,207,680,257,495,230,720,227,206,95,0,17,0,17
1400000US37119005914,37119005914,"Census Tract 59.14, Mecklenburg County, North Carolina",3879,329,1,3,0,17,0,17,0,17,0,17,0,17,0,17,26,44,34,46,48,56,0,17,28,48,0,17,4,6,19,30,444,125,63,56,454,167,920,271,474,179,894,249,447,171,0,17,23,31
1400000US37119005915,37119005915,"Census Tract 59.15, Mecklenburg County, North Carolina",1591,173,0,12,0,12,0,12,0,12,0,12,0,12,0,12,0,12,0,12,0,12,0,12,0,12,7,13,0,12,0,12,153,74,17,28,32,33,161,78,176,58,736,152,196,67,106,47,7,11
1400000US37119005916,37119005916,"Census Tract 59.16, Mecklenburg County, North Carolina",1455,162,28,26,0,12,0,12,0,12,0,12,0,12,0,12,27,35,30,30,5,7,7,10,0,12,28,28,85,53,9,13,390,122,84,43,93,47,284,119,121,59,177,70,48,27,33,44,6,9
1400000US37119005917,37119005917,"Census Tract 59.17, Mecklenburg County, North Carolina",3990,252,29,28,0,17,0,17,0,17,0,17,0,17,0,17,0,17,0,17,0,17,24,38,0,17,0,17,0,17,88,81,782,225,160,94,248,146,768,259,202,82,1176,229,482,163,0,17,31,39
1400000US37119005918,37119005918,"Census Tract 59.18, Mecklenburg County, North Carolina",2498,179,0,12,0,12,0,12,0,12,0,12,0,12,0,12,0,12,0,12,0,12,9,18,46,52,6,11,24,32,35,31,378,168,68,58,115,67,451,137,196,98,920,208,177,79,58,42,15,23
1400000US37119006005,37119006005,"Census Tract 60.05, Mecklenburg County, North Carolina",1811,173,19,31,0,12,0,12,0,12,0,12,0,12,0,12,0,12,0,12,61,53,28,31,38,47,32,41,44,39,39,41,617,136,38,36,120,86,322,109,150,89,234,105,69,52,0,12,0,12
1400000US37119006006,37119006006,"Census Tract 60.06, Mecklenburg County, North Carolina",4144,517,167,134,0,17,0,17,0,17,0,17,0,17,0,17,0,17,77,90,50,49,158,135,162,150,396,311,156,127,45,42,969,244,157,91,198,82,676,255,360,140,465,157,60,43,48,45,0,17
1400000US37119006007,37119006007,"Census Tract 60.07, Mecklenburg County, North Carolina",4621,319,45,55,0,17,0,17,0,17,0,17,0,17,0,17,0,17,45,68,105,86,26,42,0,17,35,41,57,68,0,17,766,266,158,99,281,139,722,288,357,154,1531,325,407,126,53,52,33,51
1400000US37119006008,37119006008,"Census Tract 60.08, Mecklenburg County, North Carolina",2686,161,12,18,0,12,0,12,0,12,0,12,0,12,0,12,0,12,0,12,49,61,0,12,4,7,21,22,92,69,90,63,634,156,65,46,169,89,393,111,321,113,691,161,115,56,19,21,11,17
1400000US37119006009,37119006009,"Census Tract 60.09, Mecklenburg County, North Carolina",1950,214,16,26,0,12,0,12,0,12,0,12,0,12,0,12,0,12,0,12,0,12,0,12,87,74,58,52,42,45,11,16,356,120,52,38,140,89,295,110,289,109,461,166,143,72,0,12,0,12
1400000US37119006010,37119006010,"Census Tract 60.10, Mecklenburg County, North Carolina",4054,482,0,17,0,17,0,17,0,17,70,63,0,17,0,17,44,69,30,47,0,17,38,60,111,100,0,17,97,58,122,116,826,262,159,130,347,164,891,281,387,170,705,210,197,104,0,17,30,31
1400000US37119006103,37119006103,"Census Tract 61.03, Mecklenburg County, North Carolina",2529,228,20,25,0,12,0,12,0,12,0,12,0,12,0,12,12,19,11,18,0,12,0,12,0,12,37,48,42,35,35,32,354,109,130,93,111,64,447,164,271,117,670,150,279,104,85,71,25,30
1400000US37119006104,37119006104,"Census Tract 61.04, Mecklenburg County, North Carolina",5885,461,61,61,0,17,0,17,0,17,0,17,0,17,0,17,0,17,0,17,0,17,0,17,56,49,134,87,222,206,15,24,1700,379,187,108,532,167,922,247,311,142,1430,331,299,150,0,17,16,25
1400000US37119006105,37119006105,"Census Tract 61.05, Mecklenburg County, North Carolina",1940,144,0,12,0,12,0,12,0,12,0,12,0,12,0,12,25,38,7,11,20,32,4,7,45,41,6,9,35,30,15,16,419,136,69,40,195,90,264,82,221,92,474,152,136,55,0,12,5,8
1400000US37119006106,37119006106,"Census Tract 61.06, Mecklenburg County, North Carolina",2592,234,8,13,0,12,0,12,0,12,0,12,0,12,0,12,0,12,0,12,0,12,0,12,0,12,50,61,0,12,14,22,328,131,8,14,131,73,562,165,295,75,764,158,425,174,0,12,7,11
1400000US37119006107,37119006107,"Census Tract 61.07, Mecklenburg County, North Carolina",3277,275,44,46,0,12,0,12,0,12,0,12,0,12,0,12,0,12,10,22,0,12,44,47,12,22,0,12,19,23,20,29,469,179,54,51,158,97,455,169,431,175,969,221,472,196,62,71,58,55
1400000US37119006108,37119006108,"Census Tract 61.08, Mecklenburg County, North Carolina",3018,286,70,73,0,12,0,12,0,12,0,12,14,24,14,22,0,12,50,56,0,12,25,36,0,12,63,59,20,32,126,67,436,157,150,135,122,77,492,225,372,152,642,257,381,179,0,12,41,58
1400000US37119006109,37119006109,"Census Tract 61.09, Mecklenburg County, North Carolina",2994,333,11,24,0,12,0,12,0,12,0,12,0,12,15,21,0,12,36,35,46,36,49,36,78,46,164,55,185,75,61,42,619,181,284,137,229,132,409,95,89,64,439,143,269,117,2,9,9,15
1400000US37119006203,37119006203,"Census Tract 62.03, Mecklenburg County, North Carolina",3742,274,0,12,0,12,0,12,0,12,0,12,0,12,0,12,0,12,0,12,0,12,0,12,0,12,17,28,0,12,26,29,420,153,47,51,203,102,653,217,332,133,1215,210,509,143,187,109,133,112
1400000US37119006204,37119006204,"Census Tract 62.04, Mecklenburg County, North Carolina",5612,360,24,39,0,17,0,17,0,17,0,17,0,17,0,17,0,17,0,17,0,17,21,34,43,72,0,17,51,58,0,17,621,216,28,33,272,122,574,210,347,139,2114,370,1070,219,282,104,165,114
1400000US37119006208,37119006208,"Census Tract 62.08, Mecklenburg County, North Carolina",1797,201,0,12,0,12,0,12,0,12,0,12,0,12,0,12,0,12,0,12,22,31,0,12,0,12,0,12,8,13,7,11,244,96,45,41,86,52,211,90,155,71,672,198,298,129,37,36,12,18
1400000US37119006209,37119006209,"Census Tract 62.09, Mecklenburg County, North Carolina",3006,219,11,17,0,12,0,12,0,12,0,12,0,12,0,12,13,20,11,18,54,84,0,12,18,29,0,12,0,12,0,12,531,221,102,85,204,123,498,195,186,109,974,194,256,121,90,69,58,76
1400000US37119006210,37119006210,"Census Tract 62.10, Mecklenburg County, North Carolina",2955,192,14,21,0,12,0,12,0,12,0,12,0,12,0,12,6,9,9,14,0,12,0,12,8,13,19,29,10,15,46,38,367,103,50,51,148,66,371,145,196,95,1072,180,402,129,198,105,39,26
1400000US37119006211,37119006211,"Census Tract 62.11, Mecklenburg County, North Carolina",3751,212,2,4,0,17,0,17,0,17,1,4,0,17,0,17,0,17,0,17,0,17,0,17,0,17,12,20,17,26,0,17,209,115,120,88,153,88,242,112,181,93,2028,255,511,179,182,114,93,72
1400000US37119006212,37119006212,"Census Tract 62.12, Mecklenburg County, North Carolina",2399,188,0,12,0,12,0,12,0,12,0,12,0,12,0,12,0,12,4,10,4,9,5,10,12,28,5,10,4,9,0,12,371,228,0,12,177,73,459,152,172,78,882,207,269,131,35,38,0,12
1400000US37119006213,37119006213,"Census Tract 62.13, Mecklenburg County, North Carolina",3996,232,0,17,0,17,0,17,0,17,0,17,0,17,0,17,0,17,0,17,0,17,8,13,0,17,23,37,0,17,18,30,456,172,26,31,325,119,540,175,283,94,1550,191,609,166,79,55,79,106
1400000US37119006214,37119006214,"Census Tract 62.14, Mecklenburg County, North Carolina",2758,184,0,12,0,12,0,12,0,12,0,12,0,12,0,12,0,12,0,12,0,12,0,12,14,22,0,12,0,12,0,12,373,147,13,19,62,50,433,124,275,102,1139,183,366,98,51,48,32,28
1400000US37119006215,37119006215,"Census Tract 62.15, Mecklenburg County, North Carolina",3071,225,12,19,0,12,0,12,0,12,0,12,0,12,0,12,49,60,127,130,0,12,46,52,34,33,122,73,17,19,29,29,734,223,63,37,139,73,211,84,220,108,922,191,186,83,85,86,75,64
1400000US37119006302,37119006302,"Census Tract 63.02, Mecklenburg County, North Carolina",4855,453,0,17,0,17,0,17,0,17,0,17,30,50,0,17,20,30,124,188,2,4,1,4,201,132,0,17,28,37,1,4,837,264,70,57,378,111,781,225,320,110,1526,270,362,129,144,109,30,35
1400000US37119006303,37119006303,"Census Tract 63.03, Mecklenburg County, North Carolina",3358,201,0,17,0,17,0,17,0,17,0,17,0,17,0,17,0,17,0,17,0,17,0,17,0,17,55,62,65,62,36,44,240,132,44,42,247,111,470,145,229,117,1434,243,420,150,0,17,118,92
1400000US37119006304,37119006304,"Census Tract 63.04, Mecklenburg County, North Carolina",4103,314,56,90,0,17,0,17,0,17,0,17,0,17,0,17,0,17,66,64,20,32,36,63,75,78,0,17,0,17,50,49,306,148,114,98,205,113,602,210,436,221,1421,237,565,198,110,83,41,46
1400000US37119006403,37119006403,"Census Tract 64.03, Mecklenburg County, North Carolina",2876,248,2,4,0,17,0,17,0,17,0,17,0,17,0,17,24,39,0,17,1,2,0,17,31,47,0,17,9,14,45,57,421,160,0,17,165,188,528,166,85,42,811,177,447,111,101,55,206,105
1400000US37119006404,37119006404,"Census Tract 64.04, Mecklenburg County, North Carolina",3381,240,55,73,0,17,0,17,0,17,0,17,0,17,0,17,0,17,0,17,0,17,0,17,0,17,11,17,8,12,16,21,276,154,26,29,71,40,164,94,262,95,1307,185,812,150,231,85,142,92
1400000US37119006405,37119006405,"Census Tract 64.05, Mecklenburg County, North Carolina",2464,179,2,4,0,12,0,12,0,12,1,4,0,12,10,15,0,12,0,12,0,12,0,12,0,12,41,49,0,12,9,14,516,192,56,55,39,31,248,111,112,73,959,177,315,131,107,65,49,45
1400000US37119006406,37119006406,"Census Tract 64.06, Mecklenburg County, North Carolina",4147,284,0,17,0,17,0,17,0,17,0,17,0,17,15,22,0,17,138,122,0,17,18,28,103,117,25,29,20,32,51,42,662,246,138,80,233,114,651,280,589,221,1057,223,384,152,0,17,63,63
1400000US37119006407,37119006407,"Census Tract 64.07, Mecklenburg County, North Carolina",2426,180,12,19,0,12,0,12,0,12,0,12,0,12,0,12,0,12,10,16,0,12,0,12,13,21,81,96,0,12,18,20,268,101,53,30,183,80,280,105,174,67,987,143,299,83,27,25,21,25
1400000US37119980100,37119980100,"Census Tract 9801, Mecklenburg County, North Carolina",0,12,0,12,0,12,0,12,0,12,0,12,0,12,0,12,0,12,0,12,0,12,0,12,0,12,0,12,0,12,0,12,0,12,0,12,0,12,0,12,0,12,0,12,0,12,0,12,0,12
1400000US37119980200,37119980200,"Census Tract 9802, Mecklenburg County, North Carolina",0,12,0,12,0,12,0,12,0,12,0,12,0,12,0,12,0,12,0,12,0,12,0,12,0,12,0,12,0,12,0,12,0,12,0,12,0,12,0,12,0,12,0,12,0,12,0,12,0,12
1400000US37119980300,37119980300,"Census Tract 9803, Mecklenburg County, North Carolina",0,12,0,12,0,12,0,12,0,12,0,12,0,12,0,12,0,12,0,12,0,12,0,12,0,12,0,12,0,12,0,12,0,12,0,12,0,12,0,12,0,12,0,12,0,12,0,12,0,12
