GEO.id,GEO.id2,GEO.display-label,HD01_VD01,HD02_VD01,HD01_VD02,HD02_VD02,HD01_VD03,HD02_VD03,HD01_VD04,HD02_VD04,HD01_VD05,HD02_VD05,HD01_VD06,HD02_VD06,HD01_VD07,HD02_VD07,HD01_VD08,HD02_VD08,HD01_VD09,HD02_VD09,HD01_VD10,HD02_VD10,HD01_VD11,HD02_VD11,HD01_VD12,HD02_VD12,HD01_VD13,HD02_VD13,HD01_VD14,HD02_VD14,HD01_VD15,HD02_VD15,HD01_VD16,HD02_VD16,HD01_VD17,HD02_VD17,HD01_VD18,HD02_VD18,HD01_VD19,HD02_VD19,HD01_VD20,HD02_VD20,HD01_VD21,HD02_VD21,HD01_VD22,HD02_VD22,HD01_VD23,HD02_VD23,HD01_VD24,HD02_VD24,HD01_VD25,HD02_VD25
Id,Id2,Geography,Estimate; Total:,Margin of Error; Total:,Estimate; Total: - No schooling completed,Margin of Error; Total: - No schooling completed,Estimate; Total: - Nursery school,Margin of Error; Total: - Nursery school,Estimate; Total: - Kindergarten,Margin of Error; Total: - Kindergarten,Estimate; Total: - 1st grade,Margin of Error; Total: - 1st grade,Estimate; Total: - 2nd grade,Margin of Error; Total: - 2nd grade,Estimate; Total: - 3rd grade,Margin of Error; Total: - 3rd grade,Estimate; Total: - 4th grade,Margin of Error; Total: - 4th grade,Estimate; Total: - 5th grade,Margin of Error; Total: - 5th grade,Estimate; Total: - 6th grade,Margin of Error; Total: - 6th grade,Estimate; Total: - 7th grade,Margin of Error; Total: - 7th grade,Estimate; Total: - 8th grade,Margin of Error; Total: - 8th grade,Estimate; Total: - 9th grade,Margin of Error; Total: - 9th grade,Estimate; Total: - 10th grade,Margin of Error; Total: - 10th grade,Estimate; Total: - 11th grade,Margin of Error; Total: - 11th grade,"Estimate; Total: - 12th grade, no diploma","Margin of Error; Total: - 12th grade, no diploma",Estimate; Total: - Regular high school diploma,Margin of Error; Total: - Regular high school diploma,Estimate; Total: - GED or alternative credential,Margin of Error; Total: - GED or alternative credential,"Estimate; Total: - Some college, less than 1 year","Margin of Error; Total: - Some college, less than 1 year","Estimate; Total: - Some college, 1 or more years, no degree","Margin of Error; Total: - Some college, 1 or more years, no degree",Estimate; Total: - Associate's degree,Margin of Error; Total: - Associate's degree,Estimate; Total: - Bachelor's degree,Margin of Error; Total: - Bachelor's degree,Estimate; Total: - Master's degree,Margin of Error; Total: - Master's degree,Estimate; Total: - Professional school degree,Margin of Error; Total: - Professional school degree,Estimate; Total: - Doctorate degree,Margin of Error; Total: - Doctorate degree
1400000US06001400100,06001400100,"Census Tract 4001, Alameda County, California",2420,138,0,12,0,12,0,12,0,12,0,12,9,14,0,12,0,12,0,12,0,12,0,12,12,19,0,12,0,12,19,25,83,41,0,12,19,21,211,82,138,55,756,118,595,121,364,89,214,80
1400000US06001400200,06001400200,"Census Tract 4002, Alameda County, California",1611,102,0,12,0,12,0,12,0,12,0,12,0,12,0,12,7,10,0,12,0,12,0,12,0,12,17,24,0,12,0,12,56,30,7,10,32,24,125,52,31,19,615,110,440,91,199,46,82,29
1400000US06001400300,06001400300,"Census Tract 4003, Alameda County, California",4338,397,86,92,0,17,0,17,0,17,0,17,0,17,0,17,0,17,19,31,40,45,57,85,0,17,0,17,14,23,0,17,464,217,12,19,116,88,304,144,242,110,1507,274,964,242,301,124,212,121
1400000US06001400400,06001400400,"Census Tract 4004, Alameda County, California",3346,246,36,46,0,12,0,12,0,12,0,12,0,12,0,12,0,12,0,12,10,18,37,34,37,48,10,13,0,12,74,56,100,59,71,63,39,30,303,87,102,68,980,169,957,234,277,97,313,91
1400000US06001400500,06001400500,"Census Tract 4005, Alameda County, California",2913,245,6,9,0,12,0,12,0,12,0,12,23,37,0,12,0,12,0,12,0,12,28,26,11,19,18,19,0,12,7,10,333,147,12,19,92,64,396,128,183,78,1130,183,506,106,88,45,80,47
1400000US06001400600,06001400600,"Census Tract 4006, Alameda County, California",1276,123,44,35,0,12,0,12,24,32,0,12,0,12,0,12,0,12,2,5,0,12,5,7,7,10,0,12,0,12,18,20,188,62,26,23,60,34,89,47,107,51,395,106,190,50,44,27,77,34
1400000US06001400700,06001400700,"Census Tract 4007, Alameda County, California",3372,264,67,51,0,12,0,12,0,12,0,12,9,14,0,12,22,24,32,39,0,12,15,18,63,58,29,31,8,13,72,46,697,214,63,51,187,94,576,195,152,101,817,165,419,106,87,49,57,34
1400000US06001400800,06001400800,"Census Tract 4008, Alameda County, California",2785,263,41,33,0,12,0,12,0,12,0,12,0,12,0,12,0,12,14,23,43,53,74,43,0,12,49,47,9,14,42,38,340,97,24,27,115,64,448,129,203,90,774,155,420,131,118,65,71,42
1400000US06001400900,06001400900,"Census Tract 4009, Alameda County, California",1584,173,27,31,0,12,0,12,0,12,0,12,0,12,0,12,0,12,0,12,0,12,7,11,47,28,0,12,28,33,0,12,328,119,14,15,84,45,255,86,135,77,428,120,189,72,31,34,11,13
1400000US06001401000,06001401000,"Census Tract 4010, Alameda County, California",4519,468,65,58,0,17,0,17,0,17,0,17,2,21,0,17,46,65,0,17,66,76,0,17,47,73,38,43,182,138,170,125,762,212,105,91,271,144,958,342,308,163,873,244,551,216,52,43,23,24
1400000US06001401100,06001401100,"Census Tract 4011, Alameda County, California",3274,289,26,35,0,12,0,12,0,12,0,12,0,12,0,12,0,12,0,12,0,12,0,12,18,28,3,7,16,26,42,68,339,134,43,64,159,86,598,179,160,98,1216,230,411,143,167,76,76,48
1400000US06001401200,06001401200,"Census Tract 4012, Alameda County, California",2115,147,0,12,0,12,0,12,0,12,0,12,10,15,0,12,0,12,0,12,0,12,34,52,18,21,12,17,19,27,32,31,132,86,22,35,67,33,324,81,131,67,712,134,434,107,89,44,79,41
1400000US06001401300,06001401300,"Census Tract 4013, Alameda County, California",3480,581,79,46,0,12,0,12,0,12,0,12,12,18,0,12,0,12,45,35,12,20,72,68,58,74,55,42,143,149,148,84,569,153,180,201,193,107,546,143,203,102,728,150,293,107,65,42,79,48
1400000US06001401400,06001401400,"Census Tract 4014, Alameda County, California",2875,291,55,52,0,12,0,12,0,12,24,28,17,29,0,12,35,39,29,46,18,30,9,14,111,111,113,108,127,85,70,61,747,177,42,46,154,79,588,150,202,100,337,120,169,73,18,19,10,13
1400000US06001401500,06001401500,"Census Tract 4015, Alameda County, California",1803,248,36,31,0,12,0,12,0,12,0,12,11,16,0,12,14,21,38,38,0,12,15,17,13,18,46,40,26,20,22,31,284,76,47,32,72,43,426,111,194,73,415,151,103,47,31,26,10,11
1400000US06001401600,06001401600,"Census Tract 4016, Alameda County, California",1363,179,27,50,0,12,0,12,0,12,0,12,52,71,0,12,0,12,0,12,0,12,0,12,20,27,0,12,19,16,56,43,205,108,6,13,117,69,270,83,147,63,225,81,194,75,12,13,13,14
1400000US06001401700,06001401700,"Census Tract 4017, Alameda County, California",2092,237,53,74,0,12,0,12,0,12,0,12,10,16,0,12,8,13,49,41,0,12,30,47,74,87,0,12,32,41,75,58,143,75,46,42,156,74,319,108,138,70,717,157,204,81,38,38,0,12
1400000US06001401800,06001401800,"Census Tract 4018, Alameda County, California",1131,163,0,12,0,12,0,12,0,12,0,12,0,12,14,20,9,15,21,31,0,12,0,12,34,32,4,8,72,48,49,34,183,66,6,10,59,40,219,71,105,60,245,97,78,31,27,31,6,9
1400000US06001402200,06001402200,"Census Tract 4022, Alameda County, California",1616,143,47,26,0,12,0,12,0,12,12,13,8,12,0,12,12,12,76,51,3,9,4,6,28,23,15,17,23,30,80,58,308,82,24,19,136,58,257,70,134,60,298,85,124,66,25,22,2,4
1400000US06001402400,06001402400,"Census Tract 4024, Alameda County, California",2132,205,102,94,0,12,0,12,0,12,0,12,0,12,0,12,34,37,97,52,14,22,60,63,67,47,18,27,36,48,46,41,435,122,18,21,103,56,434,172,143,60,364,142,135,71,19,28,7,10
1400000US06001402500,06001402500,"Census Tract 4025, Alameda County, California",967,101,13,15,0,12,10,14,0,12,0,12,0,12,9,14,0,12,18,23,0,12,0,12,25,30,20,16,49,28,34,27,220,98,31,25,95,38,208,68,61,34,150,65,18,17,6,9,0,12
1400000US06001402600,06001402600,"Census Tract 4026, Alameda County, California",1034,104,113,56,0,12,0,12,0,12,0,12,19,22,5,8,0,12,26,23,10,12,15,17,16,14,10,11,23,22,37,21,269,74,0,12,46,28,145,52,41,29,193,51,35,18,5,8,26,19
1400000US06001402700,06001402700,"Census Tract 4027, Alameda County, California",1123,124,61,47,0,12,0,12,0,12,0,12,0,12,0,12,4,7,27,27,0,12,33,49,16,22,45,41,85,54,44,39,163,58,13,21,78,52,210,77,19,26,230,92,71,43,24,17,0,12
1400000US06001402800,06001402800,"Census Tract 4028, Alameda County, California",2901,213,93,55,0,12,0,12,0,12,0,12,12,26,0,12,0,12,60,44,43,39,57,49,38,49,60,50,115,83,140,66,339,153,20,25,171,83,604,167,169,80,640,169,201,81,100,55,39,28
1400000US06001402900,06001402900,"Census Tract 4029, Alameda County, California",1227,110,57,28,0,12,0,12,0,12,17,20,17,15,11,17,4,7,57,35,6,8,28,24,20,18,9,11,30,22,6,9,225,81,9,10,52,29,160,59,67,32,318,83,100,42,20,19,14,17
1400000US06001403000,06001403000,"Census Tract 4030, Alameda County, California",2337,203,328,150,0,12,10,15,0,12,31,38,58,59,15,17,21,23,160,97,0,12,76,45,122,76,60,63,12,29,96,51,516,128,13,15,36,26,164,93,45,42,446,163,84,57,9,13,35,31
1400000US06001403100,06001403100,"Census Tract 4031, Alameda County, California",1553,188,95,52,0,12,0,12,0,12,27,40,23,28,6,11,35,45,76,44,13,18,4,6,41,34,32,34,58,42,13,12,166,72,69,39,101,56,152,95,44,34,351,76,178,50,39,33,30,23
1400000US06001403300,06001403300,"Census Tract 4033, Alameda County, California",3438,337,362,161,0,12,0,12,0,12,0,12,0,12,46,66,226,218,37,51,0,12,41,44,13,23,39,57,96,110,47,46,374,231,0,12,58,54,355,159,147,98,1058,209,328,151,85,94,126,95
1400000US06001403400,06001403400,"Census Tract 4034, Alameda County, California",3860,386,109,76,0,12,0,12,0,12,27,32,88,100,15,23,20,33,14,22,0,12,0,12,13,22,0,12,38,48,60,49,348,133,116,113,68,47,491,195,277,108,1316,268,557,166,140,119,163,92
1400000US06001403501,06001403501,"Census Tract 4035.01, Alameda County, California",3780,316,206,122,0,12,3,8,0,12,0,12,0,12,0,12,0,12,83,76,0,12,11,17,0,12,60,64,28,38,145,93,320,167,65,60,170,95,627,322,322,201,913,329,393,172,190,93,244,133
1400000US06001403502,06001403502,"Census Tract 4035.02, Alameda County, California",1997,175,2,4,0,12,0,12,0,12,0,12,0,12,0,12,0,12,32,38,0,12,0,12,12,15,0,12,56,57,24,23,163,72,2,4,90,55,412,143,57,40,590,162,384,110,108,61,65,54
1400000US06001403600,06001403600,"Census Tract 4036, Alameda County, California",3785,325,21,22,0,12,0,12,0,12,0,12,0,12,0,12,11,19,0,12,0,12,0,12,21,33,11,20,56,62,13,17,334,95,72,80,224,120,546,200,233,133,1343,270,679,171,59,52,162,102
1400000US06001403701,06001403701,"Census Tract 4037.01, Alameda County, California",2488,237,14,19,0,12,0,12,0,12,0,12,0,12,0,12,2,6,4,9,3,6,0,12,15,21,0,12,60,46,2,6,180,100,44,55,84,45,326,106,158,70,822,230,554,129,123,57,97,55
1400000US06001403702,06001403702,"Census Tract 4037.02, Alameda County, California",1707,158,0,12,0,12,0,12,0,12,0,12,0,12,0,12,0,12,0,12,0,12,10,17,0,12,0,12,0,12,0,12,57,47,22,32,68,50,275,118,58,47,629,153,443,116,66,54,79,52
1400000US06001403800,06001403800,"Census Tract 4038, Alameda County, California",2861,189,18,22,0,12,0,12,0,12,0,12,6,9,0,12,0,12,20,21,23,25,2,4,0,12,5,9,17,19,11,14,155,85,1,4,91,58,283,92,42,27,1177,183,652,122,275,101,83,45
1400000US06001403900,06001403900,"Census Tract 4039, Alameda County, California",3162,205,24,35,0,12,0,12,0,12,13,21,0,12,0,12,0,12,0,12,0,12,30,46,0,12,13,21,0,12,35,58,320,138,36,44,186,107,315,133,119,78,1010,251,662,203,260,138,139,92
1400000US06001404000,06001404000,"Census Tract 4040, Alameda County, California",2403,242,0,12,0,12,0,12,0,12,0,12,0,12,0,12,0,12,0,12,0,12,0,12,10,15,0,12,0,12,0,12,171,125,30,27,56,36,293,100,177,79,854,143,563,145,141,80,108,55
1400000US06001404101,06001404101,"Census Tract 4041.01, Alameda County, California",2489,196,0,12,0,12,0,12,0,12,0,12,0,12,0,12,0,12,0,12,0,12,0,12,1,2,0,12,7,10,0,12,147,85,7,10,100,44,287,102,136,85,1058,153,443,114,120,56,183,89
1400000US06001404102,06001404102,"Census Tract 4041.02, Alameda County, California",2257,213,4,9,0,12,0,12,0,12,0,12,7,15,0,12,0,12,8,13,0,12,20,18,7,11,0,12,22,18,66,66,250,116,13,16,31,28,302,133,152,102,690,157,537,144,82,51,66,40
1400000US06001404200,06001404200,"Census Tract 4042, Alameda County, California",2390,162,42,51,0,12,0,12,0,12,0,12,0,12,0,12,18,21,0,12,0,12,0,12,0,12,0,12,9,15,0,12,95,59,0,12,55,37,154,61,91,42,769,151,641,115,282,87,234,81
1400000US06001404300,06001404300,"Census Tract 4043, Alameda County, California",2547,160,0,12,0,12,0,12,0,12,0,12,0,12,0,12,0,12,0,12,0,12,8,12,0,12,22,27,0,12,42,48,136,59,19,23,11,13,130,62,103,65,875,147,614,124,390,102,197,73
1400000US06001404400,06001404400,"Census Tract 4044, Alameda County, California",4136,213,15,23,0,17,0,17,0,17,0,17,0,17,0,17,0,17,0,17,0,17,0,17,0,17,0,17,0,17,16,24,143,90,5,12,101,85,368,205,201,104,1523,243,974,212,533,164,257,137
1400000US06001404501,06001404501,"Census Tract 4045.01, Alameda County, California",1297,73,0,12,0,12,0,12,0,12,0,12,0,12,0,12,12,15,10,15,0,12,7,11,0,12,0,12,0,12,6,8,37,23,0,12,27,20,55,26,37,22,488,81,294,64,188,52,136,48
1400000US06001404502,06001404502,"Census Tract 4045.02, Alameda County, California",4244,317,0,17,0,17,0,17,0,17,0,17,0,17,0,17,0,17,34,39,0,17,0,17,22,40,0,17,0,17,0,17,224,118,25,27,145,144,283,119,181,103,1634,288,1007,199,490,159,199,90
1400000US06001404600,06001404600,"Census Tract 4046, Alameda County, California",3482,161,9,15,0,12,0,12,0,12,0,12,0,12,0,12,0,12,10,16,0,12,0,12,0,12,9,14,21,22,21,22,151,65,22,23,87,54,362,109,209,77,1326,174,729,125,333,97,193,74
1400000US06001404700,06001404700,"Census Tract 4047, Alameda County, California",1583,104,0,12,0,12,0,12,0,12,0,12,7,11,0,12,6,8,8,11,0,12,0,12,6,8,0,12,0,12,8,12,74,40,25,28,10,12,178,84,52,26,660,94,322,76,132,43,95,35
1400000US06001404800,06001404800,"Census Tract 4048, Alameda County, California",2049,122,11,13,0,12,0,12,0,12,5,10,0,12,0,12,20,22,0,12,0,12,0,12,19,23,0,12,68,60,3,6,281,105,14,23,70,41,373,97,109,47,655,116,277,80,121,61,23,26
1400000US06001404900,06001404900,"Census Tract 4049, Alameda County, California",3258,169,17,25,10,17,0,12,0,12,0,12,0,12,0,12,0,12,0,12,10,16,11,18,104,150,0,12,46,67,37,33,296,151,53,42,109,58,293,98,133,82,1138,214,647,117,191,57,163,92
1400000US06001405000,06001405000,"Census Tract 4050, Alameda County, California",2760,183,40,47,0,12,0,12,0,12,0,12,8,13,0,12,0,12,16,18,0,12,9,14,33,47,0,12,8,12,0,12,235,159,12,23,81,51,376,113,120,57,919,145,662,120,138,55,103,41
1400000US06001405100,06001405100,"Census Tract 4051, Alameda County, California",3091,270,9,14,0,12,0,12,0,12,0,12,0,12,0,12,0,12,0,12,0,12,21,31,0,12,17,19,0,12,7,11,79,63,18,28,90,104,251,89,117,60,1120,182,751,169,425,114,186,76
1400000US06001405200,06001405200,"Census Tract 4052, Alameda County, California",4032,347,83,84,0,12,21,33,0,12,0,12,38,60,11,18,10,18,53,58,9,14,38,59,61,87,15,22,7,14,21,24,305,120,31,30,236,109,308,170,155,94,1604,264,674,185,236,99,116,74
1400000US06001405301,06001405301,"Census Tract 4053.01, Alameda County, California",2299,167,26,29,0,12,0,12,33,48,0,12,0,12,13,25,14,21,18,28,9,18,8,15,0,12,0,12,0,12,50,66,216,106,0,12,124,85,317,111,140,73,770,152,416,114,63,48,82,54
1400000US06001405302,06001405302,"Census Tract 4053.02, Alameda County, California",2147,183,117,83,0,12,0,12,0,12,31,45,15,24,0,12,0,12,82,59,0,12,49,52,18,24,45,62,38,36,73,70,175,89,0,12,103,68,417,146,159,84,574,131,209,86,35,25,7,11
1400000US06001405401,06001405401,"Census Tract 4054.01, Alameda County, California",2858,296,118,69,0,12,0,12,0,12,25,28,23,37,34,38,159,185,132,73,14,21,130,85,70,54,55,51,49,47,146,76,472,181,51,46,125,67,537,141,229,88,301,104,131,84,20,22,37,38
1400000US06001405402,06001405402,"Census Tract 4054.02, Alameda County, California",1910,298,122,63,0,12,0,12,0,12,0,12,0,12,13,15,10,12,88,59,0,12,72,60,46,58,41,42,20,26,82,44,487,255,61,39,57,48,296,119,115,69,297,88,89,70,0,12,14,12
1400000US06001405500,06001405500,"Census Tract 4055, Alameda County, California",2920,219,278,100,0,12,0,12,0,12,14,23,7,10,53,50,39,35,58,55,10,18,32,29,59,48,49,45,15,23,84,52,355,129,62,39,68,45,497,145,211,129,667,160,292,128,17,19,53,37
1400000US06001405600,06001405600,"Census Tract 4056, Alameda County, California",2325,207,192,115,0,12,0,12,0,12,0,12,11,19,0,12,6,9,26,30,10,15,15,19,52,41,18,29,62,48,29,25,238,127,14,19,72,46,360,121,195,82,589,130,364,109,29,24,43,49
1400000US06001405700,06001405700,"Census Tract 4057, Alameda County, California",2383,241,190,121,0,12,0,12,0,12,26,33,0,12,28,45,28,44,31,47,0,12,104,130,46,49,21,37,71,51,95,62,447,153,36,37,91,60,476,152,307,118,200,92,107,70,38,46,41,36
1400000US06001405800,06001405800,"Census Tract 4058, Alameda County, California",2598,212,296,130,0,12,9,15,0,12,0,12,0,12,24,27,27,31,55,40,67,53,64,54,70,57,74,71,43,43,70,54,585,149,50,42,76,49,398,135,140,55,386,116,140,77,12,17,12,17
1400000US06001405901,06001405901,"Census Tract 4059.01, Alameda County, California",2480,382,468,161,0,12,0,12,0,12,0,12,0,12,29,47,27,31,75,63,25,35,17,26,59,58,100,74,78,71,297,169,350,132,14,22,204,101,455,204,126,105,94,76,62,65,0,12,0,12
1400000US06001405902,06001405902,"Census Tract 4059.02, Alameda County, California",2081,217,349,124,0,12,0,12,0,12,37,42,48,35,19,18,41,33,95,52,44,45,93,53,77,56,3,6,92,43,70,46,467,121,96,66,86,39,122,51,46,25,254,74,35,26,6,9,1,3
1400000US06001406000,06001406000,"Census Tract 4060, Alameda County, California",2589,304,168,99,0,12,0,12,29,39,13,21,75,66,45,55,59,59,125,99,0,12,124,82,43,37,60,69,17,26,73,66,304,99,23,24,119,65,420,142,111,77,529,170,221,107,15,17,16,20
1400000US06001406100,06001406100,"Census Tract 4061, Alameda County, California",3025,486,173,118,0,12,0,12,0,12,41,41,32,29,54,57,12,20,319,183,66,88,53,55,32,33,36,36,76,59,190,145,393,188,29,33,139,78,454,176,158,94,445,126,280,170,21,20,22,22
1400000US06001406201,06001406201,"Census Tract 4062.01, Alameda County, California",2643,276,307,119,0,12,0,12,0,12,7,11,8,12,43,49,24,24,87,72,9,15,54,40,124,61,50,44,58,42,110,79,573,149,14,20,84,56,546,142,98,62,294,99,94,60,0,12,59,94
1400000US06001406202,06001406202,"Census Tract 4062.02, Alameda County, California",3030,322,321,116,0,12,0,12,0,12,15,23,91,52,46,44,47,36,192,90,88,79,52,45,161,90,117,72,81,66,69,59,556,194,76,43,97,55,389,129,108,58,474,182,50,39,0,12,0,12
1400000US06001406300,06001406300,"Census Tract 4063, Alameda County, California",2726,303,290,128,0,12,0,12,0,12,0,12,41,38,36,44,11,19,195,108,58,73,90,73,13,20,44,35,102,61,78,59,394,123,10,15,129,74,291,102,243,117,483,150,193,92,21,26,4,12
1400000US06001406400,06001406400,"Census Tract 4064, Alameda County, California",1713,192,49,34,0,12,0,12,0,12,0,12,4,9,0,12,0,12,44,39,0,12,29,29,10,14,72,41,31,28,35,28,222,77,22,29,109,58,479,99,99,53,266,85,176,63,60,43,6,10
1400000US06001406500,06001406500,"Census Tract 4065, Alameda County, California",4223,417,242,112,0,17,0,17,9,14,6,10,55,55,38,29,64,81,265,118,111,77,161,87,155,93,81,60,90,60,179,78,887,167,47,41,148,88,590,144,160,92,588,173,290,109,32,35,25,30
1400000US06001406601,06001406601,"Census Tract 4066.01, Alameda County, California",3141,262,353,207,0,12,0,12,0,12,3,8,4,13,0,12,0,12,89,62,55,55,72,49,7,11,4,11,89,74,169,112,736,173,16,18,129,65,634,163,199,90,380,108,169,78,15,25,18,21
1400000US06001406602,06001406602,"Census Tract 4066.02, Alameda County, California",1927,243,107,69,0,12,0,12,0,12,19,30,0,12,38,38,0,12,119,100,7,11,54,45,21,22,31,27,39,35,80,53,407,132,13,16,140,56,309,147,100,81,333,93,84,58,20,16,6,12
1400000US06001406700,06001406700,"Census Tract 4067, Alameda County, California",3475,237,86,79,0,17,0,17,0,17,0,17,9,14,0,17,0,17,85,83,49,62,63,69,103,162,19,31,0,17,53,44,388,137,48,51,129,95,425,152,140,84,849,170,769,215,135,83,125,69
1400000US06001406800,06001406800,"Census Tract 4068, Alameda County, California",2631,195,63,58,0,12,0,12,0,12,0,12,0,12,0,12,21,31,64,67,21,31,7,11,20,21,7,12,57,65,51,56,218,97,33,25,102,57,501,148,147,70,658,147,476,136,107,54,78,49
1400000US06001406900,06001406900,"Census Tract 4069, Alameda County, California",2668,174,33,31,0,12,0,12,0,12,7,11,0,12,8,14,13,15,17,24,0,12,14,23,34,37,8,13,0,12,66,59,446,126,24,24,74,47,494,150,193,89,658,189,402,121,115,64,62,42
1400000US06001407000,06001407000,"Census Tract 4070, Alameda County, California",3847,369,344,139,11,18,0,17,0,17,135,117,0,17,0,17,83,90,136,116,89,83,138,93,79,67,51,63,142,108,109,71,753,277,137,107,340,144,532,206,252,184,222,125,198,102,62,48,34,37
1400000US06001407101,06001407101,"Census Tract 4071.01, Alameda County, California",2354,277,97,74,0,12,0,12,0,12,0,12,19,22,0,12,58,66,226,149,42,43,110,84,166,120,92,99,31,29,82,64,575,172,68,65,48,38,189,84,113,87,375,155,20,23,31,29,12,18
1400000US06001407102,06001407102,"Census Tract 4071.02, Alameda County, California",2721,331,246,158,0,12,0,12,0,12,0,12,39,38,8,13,0,12,45,36,124,97,27,41,18,28,87,62,68,49,125,98,483,194,45,34,172,80,457,134,187,92,420,139,75,46,50,41,45,46
1400000US06001407200,06001407200,"Census Tract 4072, Alameda County, California",3997,493,499,232,0,17,0,17,0,17,57,63,18,20,29,35,42,46,354,135,120,80,223,108,198,89,80,60,197,90,163,90,677,160,71,44,177,78,432,125,165,84,328,106,141,203,10,13,16,17
1400000US06001407300,06001407300,"Census Tract 4073, Alameda County, California",1754,216,110,47,0,12,0,12,0,12,20,25,42,33,18,21,48,43,218,112,8,12,66,70,25,28,24,23,21,23,69,53,236,107,7,8,46,43,373,105,68,42,230,81,82,68,0,12,43,59
1400000US06001407400,06001407400,"Census Tract 4074, Alameda County, California",2772,334,411,191,0,12,0,12,22,34,8,14,105,70,50,51,8,15,247,156,88,59,47,48,215,128,73,62,58,44,88,59,492,160,86,68,159,79,248,113,179,76,129,71,41,47,18,30,0,12
1400000US06001407500,06001407500,"Census Tract 4075, Alameda County, California",2264,299,130,89,0,12,0,12,32,40,40,39,14,16,0,12,32,37,311,214,84,80,31,40,80,56,103,61,161,106,26,32,355,135,80,53,88,55,394,157,103,65,129,89,59,43,4,7,8,13
1400000US06001407600,06001407600,"Census Tract 4076, Alameda County, California",3990,426,285,154,0,17,0,17,0,17,39,66,111,68,0,17,32,45,129,96,14,23,30,51,190,122,0,17,172,139,117,99,724,338,123,84,316,158,549,207,414,188,513,177,118,78,99,78,15,24
1400000US06001407700,06001407700,"Census Tract 4077, Alameda County, California",3074,255,21,16,0,12,0,12,0,12,0,12,0,12,0,12,0,12,29,26,0,12,26,28,0,12,33,29,42,27,61,38,487,143,80,49,207,85,610,175,193,81,617,137,549,144,80,46,39,43
1400000US06001407800,06001407800,"Census Tract 4078, Alameda County, California",1438,160,26,35,0,12,0,12,0,12,0,12,0,12,4,9,0,12,5,7,14,22,10,14,0,12,11,18,21,26,59,55,209,93,5,8,79,42,346,98,49,24,334,87,171,62,30,20,65,59
1400000US06001407900,06001407900,"Census Tract 4079, Alameda County, California",2112,202,59,48,0,12,0,12,0,12,0,12,7,12,0,12,13,20,75,86,0,12,24,25,9,15,9,15,11,17,0,12,184,81,59,67,80,80,252,87,221,96,544,115,439,96,100,49,26,26
1400000US06001408000,06001408000,"Census Tract 4080, Alameda County, California",1913,140,27,29,0,12,0,12,0,12,6,9,0,12,0,12,0,12,0,12,12,18,0,12,0,12,16,17,2,4,34,20,181,85,0,12,58,37,140,46,122,50,580,122,445,92,160,51,130,56
1400000US06001408100,06001408100,"Census Tract 4081, Alameda County, California",5029,420,4,13,0,17,0,17,0,17,0,17,0,17,0,17,35,55,14,24,9,15,21,24,0,17,40,42,0,17,133,108,374,154,16,28,200,110,801,236,207,105,1841,268,754,181,338,127,242,102
1400000US06001408200,06001408200,"Census Tract 4082, Alameda County, California",2930,284,49,41,0,12,0,12,0,12,61,74,0,12,0,12,0,12,0,12,9,15,10,12,39,37,58,48,52,42,74,56,344,131,53,47,185,90,634,147,331,133,657,129,236,88,95,56,43,44
1400000US06001408300,06001408300,"Census Tract 4083, Alameda County, California",3278,340,18,18,0,12,16,25,0,12,0,12,0,12,0,12,0,12,85,112,13,31,0,12,37,36,145,101,50,65,28,29,436,172,80,57,204,90,816,249,172,74,583,155,364,114,129,61,102,112
1400000US06001408400,06001408400,"Census Tract 4084, Alameda County, California",1996,234,148,78,0,12,32,43,45,53,16,27,14,17,7,12,51,49,70,48,0,12,8,13,87,86,24,20,31,29,33,30,437,137,10,21,219,83,353,114,90,59,221,85,76,54,10,17,14,17
1400000US06001408500,06001408500,"Census Tract 4085, Alameda County, California",3043,260,78,41,0,17,0,17,0,17,53,53,1,2,17,25,0,17,240,92,31,32,55,47,171,83,36,36,74,55,191,102,681,172,143,75,147,73,539,167,225,102,243,96,79,50,27,36,12,19
1400000US06001408600,06001408600,"Census Tract 4086, Alameda County, California",3599,427,154,75,0,17,7,11,9,14,23,36,0,17,0,17,77,105,469,292,56,61,59,66,223,193,163,81,70,48,248,150,638,214,87,70,183,90,676,162,260,113,126,62,60,51,11,15,0,17
1400000US06001408700,06001408700,"Census Tract 4087, Alameda County, California",4418,316,176,100,0,17,0,17,0,17,0,17,55,61,0,17,25,38,201,109,36,42,69,87,355,188,101,88,227,132,177,181,1154,294,57,46,279,118,617,225,393,141,311,152,59,58,85,88,41,45
1400000US06001408800,06001408800,"Census Tract 4088, Alameda County, California",3565,294,193,96,0,17,0,17,29,35,13,20,21,33,59,56,107,94,278,161,21,27,81,65,284,173,186,82,168,98,229,144,917,206,119,78,147,83,471,138,121,86,87,77,34,40,0,17,0,17
1400000US06001408900,06001408900,"Census Tract 4089, Alameda County, California",1876,173,57,32,0,12,0,12,6,11,20,31,0,12,22,26,12,18,102,46,26,27,36,30,57,33,48,30,96,44,173,93,536,108,47,43,22,16,399,111,79,39,97,52,32,33,0,12,9,15
1400000US06001409000,06001409000,"Census Tract 4090, Alameda County, California",2244,195,43,31,22,21,0,12,18,28,16,19,35,40,24,27,19,18,155,63,0,12,47,38,65,31,37,28,78,45,77,49,821,147,50,35,126,57,329,106,124,49,151,64,7,12,0,12,0,12
1400000US06001409100,06001409100,"Census Tract 4091, Alameda County, California",1284,163,78,60,0,12,0,12,0,12,6,8,18,20,18,30,12,17,84,41,6,8,45,37,60,35,25,21,107,104,54,31,294,79,26,21,91,55,168,59,82,45,100,60,10,16,0,12,0,12
1400000US06001409200,06001409200,"Census Tract 4092, Alameda County, California",1984,234,60,42,10,18,0,12,0,12,8,13,68,52,18,19,21,25,101,64,40,35,68,67,19,19,44,23,61,35,88,37,540,123,72,52,131,60,294,76,122,50,168,73,31,28,0,12,20,21
1400000US06001409300,06001409300,"Census Tract 4093, Alameda County, California",3163,326,137,63,7,11,39,59,0,17,13,19,5,9,43,41,29,31,151,84,24,33,43,43,249,119,147,90,75,73,148,90,843,244,78,62,171,81,571,157,132,58,224,98,21,22,13,15,0,17
1400000US06001409400,06001409400,"Census Tract 4094, Alameda County, California",2467,229,132,69,0,12,0,12,0,12,6,9,6,13,5,10,31,33,195,92,43,42,94,87,106,57,97,65,89,49,180,116,721,191,0,12,105,58,319,94,66,41,134,84,106,69,24,27,8,12
1400000US06001409500,06001409500,"Census Tract 4095, Alameda County, California",2239,216,131,71,0,12,0,12,0,12,16,17,83,64,23,23,40,31,134,60,0,12,60,47,71,57,107,61,159,67,136,59,544,120,58,38,112,52,414,102,49,31,85,37,17,19,0,12,0,12
1400000US06001409600,06001409600,"Census Tract 4096, Alameda County, California",2914,236,43,32,0,17,0,17,0,17,41,39,20,32,12,24,18,29,280,106,93,64,212,130,98,72,87,59,11,20,414,129,661,175,67,53,103,72,423,140,121,75,175,103,22,24,13,18,0,17
1400000US06001409700,06001409700,"Census Tract 4097, Alameda County, California",3146,358,134,98,0,17,0,17,8,14,0,17,61,57,95,79,39,38,209,105,26,38,90,56,100,61,91,51,180,97,98,51,767,192,67,67,176,75,595,176,173,75,162,79,75,49,0,17,0,17
1400000US06001409800,06001409800,"Census Tract 4098, Alameda County, California",2258,234,52,69,0,12,9,13,0,12,0,12,9,14,0,12,0,12,40,62,32,47,80,99,86,97,0,12,58,56,67,52,357,148,50,49,129,64,614,206,197,114,234,80,158,80,38,45,48,40
1400000US06001409900,06001409900,"Census Tract 4099, Alameda County, California",2686,197,0,12,0,12,0,12,0,12,0,12,0,12,0,12,0,12,13,20,0,12,11,17,3,7,13,19,26,28,28,27,319,131,39,38,133,68,631,142,119,68,700,160,353,105,130,59,168,58
1400000US06001410000,06001410000,"Census Tract 4100, Alameda County, California",2348,142,0,12,0,12,0,12,0,12,0,12,0,12,0,12,0,12,0,12,0,12,0,12,0,12,65,71,21,25,46,43,269,96,16,21,155,73,466,152,145,66,658,148,314,96,154,73,39,31
1400000US06001410100,06001410100,"Census Tract 4101, Alameda County, California",1876,132,21,15,0,12,0,12,8,11,0,12,1,3,1,3,30,44,4,6,35,41,13,13,34,31,19,28,88,74,52,31,436,93,58,41,92,41,400,77,171,49,301,92,77,36,32,27,3,5
1400000US06001410200,06001410200,"Census Tract 4102, Alameda County, California",2204,298,133,101,0,12,0,12,0,12,0,12,56,58,0,12,35,43,62,65,0,12,0,12,26,29,73,69,17,29,74,49,686,205,90,62,128,69,306,126,148,76,280,134,80,55,8,12,2,4
1400000US06001410300,06001410300,"Census Tract 4103, Alameda County, California",2094,265,66,69,0,12,0,12,0,12,11,17,39,30,0,12,15,15,166,68,14,17,59,37,105,68,81,50,145,84,176,94,585,130,78,57,98,47,218,91,100,55,101,53,33,27,4,6,0,12
1400000US06001410400,06001410400,"Census Tract 4104, Alameda County, California",2960,286,49,36,0,12,0,12,32,48,19,30,53,51,24,27,0,12,272,153,9,13,50,38,72,38,103,72,37,35,86,69,649,232,58,53,109,66,432,127,281,117,439,132,146,89,40,27,0,12
1400000US06001410500,06001410500,"Census Tract 4105, Alameda County, California",1443,143,8,11,0,12,0,12,0,12,11,18,0,12,0,12,22,26,16,25,6,9,6,9,31,32,35,34,37,28,74,44,181,66,102,50,102,50,446,102,120,58,186,68,55,33,0,12,5,8
1400000US06001420100,06001420100,"Census Tract 4201, Alameda County, California",1630,112,0,12,0,12,0,12,0,12,0,12,10,16,10,16,0,12,0,12,0,12,0,12,0,12,4,6,18,18,38,27,113,44,10,16,24,15,102,32,64,31,592,103,382,77,148,62,115,44
1400000US06001420200,06001420200,"Census Tract 4202, Alameda County, California",2114,169,7,11,0,12,0,12,0,12,0,12,10,16,0,12,0,12,0,12,13,20,0,12,0,12,0,12,0,12,16,17,223,113,11,17,72,42,191,91,104,55,739,179,385,111,78,50,265,92
1400000US06001420300,06001420300,"Census Tract 4203, Alameda County, California",3220,251,13,24,0,12,0,12,0,12,0,12,0,12,0,12,0,12,0,12,0,12,31,49,0,12,51,61,0,12,0,12,176,104,15,23,48,55,390,220,142,120,1145,234,654,187,272,115,283,125
1400000US06001420400,06001420400,"Census Tract 4204, Alameda County, California",2326,158,19,15,0,12,0,12,0,12,0,12,0,12,0,12,0,12,0,12,0,12,0,12,0,12,24,25,0,12,15,18,12,20,0,12,33,30,151,100,123,57,642,122,751,147,80,56,476,129
1400000US06001420500,06001420500,"Census Tract 4205, Alameda County, California",1600,114,0,12,0,12,0,12,0,12,0,12,0,12,8,13,16,22,13,20,0,12,11,16,35,50,0,12,0,12,36,32,99,66,6,9,37,26,203,61,134,56,511,106,317,70,72,36,102,41
1400000US06001420600,06001420600,"Census Tract 4206, Alameda County, California",2011,169,0,12,0,12,0,12,0,12,0,12,20,33,0,12,0,12,15,23,0,12,0,12,0,12,18,29,0,12,7,11,80,45,0,12,21,25,188,93,85,54,726,150,521,121,182,69,148,69
1400000US06001421100,06001421100,"Census Tract 4211, Alameda County, California",1669,108,0,12,0,12,0,12,0,12,0,12,0,12,0,12,0,12,7,10,0,12,0,12,0,12,18,19,0,12,27,20,65,37,6,9,34,21,95,39,74,35,429,83,480,84,166,49,268,61
1400000US06001421200,06001421200,"Census Tract 4212, Alameda County, California",2754,135,0,12,0,12,0,12,0,12,8,15,0,12,0,12,0,12,0,12,0,12,0,12,0,12,0,12,0,12,8,13,57,43,0,12,18,22,181,62,49,35,792,144,938,135,351,93,352,91
1400000US06001421300,06001421300,"Census Tract 4213, Alameda County, California",3188,230,0,12,0,12,0,12,0,12,0,12,0,12,0,12,0,12,0,12,0,12,0,12,13,21,0,12,0,12,0,12,158,91,11,17,117,84,184,85,115,62,1048,213,926,130,220,80,396,105
1400000US06001421400,06001421400,"Census Tract 4214, Alameda County, California",1316,87,11,11,0,12,0,12,0,12,0,12,8,11,0,12,0,12,0,12,0,12,0,12,0,12,0,12,0,12,0,12,65,29,0,12,20,17,85,38,47,28,436,69,334,62,129,48,181,44
1400000US06001421500,06001421500,"Census Tract 4215, Alameda County, California",2966,177,12,18,0,12,0,12,0,12,0,12,0,12,0,12,0,12,0,12,0,12,0,12,0,12,4,8,18,26,0,12,96,52,0,12,66,46,250,77,106,56,930,146,749,135,379,97,356,90
1400000US06001421600,06001421600,"Census Tract 4216, Alameda County, California",2825,200,0,12,0,12,0,12,0,12,0,12,0,12,0,12,0,12,0,12,0,12,0,12,3,6,0,12,0,12,26,27,94,51,4,9,59,37,119,59,63,36,911,152,838,106,293,85,415,103
1400000US06001421700,06001421700,"Census Tract 4217, Alameda County, California",2709,243,0,12,0,12,0,12,0,12,0,12,0,12,0,12,0,12,0,12,0,12,0,12,9,14,1,14,11,16,27,30,101,55,20,26,27,24,156,66,91,54,939,153,859,191,256,92,212,78
1400000US06001421800,06001421800,"Census Tract 4218, Alameda County, California",1655,112,26,28,0,12,0,12,0,12,0,12,0,12,0,12,0,12,0,12,0,12,0,12,0,12,7,11,0,12,31,29,80,41,1,4,36,29,124,52,54,32,505,99,471,84,138,42,182,50
1400000US06001421900,06001421900,"Census Tract 4219, Alameda County, California",2801,197,0,12,0,12,0,12,0,12,0,12,0,12,0,12,12,20,0,12,0,12,38,61,0,12,0,12,0,12,0,12,75,44,0,12,74,54,352,163,52,35,1137,162,736,177,137,53,188,69
1400000US06001422000,06001422000,"Census Tract 4220, Alameda County, California",1423,158,15,14,0,12,0,12,0,12,0,12,0,12,0,12,0,12,21,28,0,12,8,9,26,35,14,22,30,28,28,38,73,44,5,8,88,50,230,86,49,31,439,113,322,67,24,23,51,26
1400000US06001422100,06001422100,"Census Tract 4221, Alameda County, California",1816,169,26,33,0,12,0,12,0,12,0,12,0,12,0,12,0,12,0,12,0,12,41,35,14,21,13,20,13,20,50,49,129,82,0,12,47,33,239,82,147,95,580,116,262,88,138,58,117,58
1400000US06001422200,06001422200,"Census Tract 4222, Alameda County, California",2647,210,20,25,0,12,0,12,0,12,7,12,0,12,0,12,0,12,30,34,0,12,0,12,7,12,19,21,0,12,9,13,293,96,58,44,81,51,281,102,61,36,972,177,567,118,96,54,146,68
1400000US06001422300,06001422300,"Census Tract 4223, Alameda County, California",2694,215,32,36,0,12,10,16,0,12,0,12,0,12,0,12,0,12,0,12,0,12,0,12,9,13,0,12,10,15,23,24,205,99,88,63,39,31,326,99,67,39,907,234,683,117,106,46,189,76
1400000US06001422400,06001422400,"Census Tract 4224, Alameda County, California",2357,254,0,12,0,12,0,12,0,12,0,12,0,12,0,12,0,12,0,12,0,12,0,12,0,12,0,12,0,12,0,12,64,66,35,57,36,50,168,129,43,41,812,205,562,210,172,88,465,197
1400000US06001422500,06001422500,"Census Tract 4225, Alameda County, California",2116,208,45,51,0,12,0,12,0,12,0,12,0,12,0,12,0,12,0,12,0,12,11,16,15,32,8,18,8,19,21,23,94,75,12,16,38,29,214,96,48,37,764,144,449,118,179,74,210,69
1400000US06001422600,06001422600,"Census Tract 4226, Alameda County, California",212,105,0,12,0,12,0,12,0,12,0,12,0,12,0,12,0,12,0,12,0,12,0,12,0,12,0,12,0,12,0,12,0,12,0,12,0,12,13,18,0,12,123,84,56,41,10,18,10,17
1400000US06001422700,06001422700,"Census Tract 4227, Alameda County, California",1207,338,0,12,0,12,0,12,0,12,0,12,0,12,0,12,0,12,0,12,0,12,0,12,9,19,0,12,0,12,6,9,115,78,15,20,63,59,295,168,92,112,303,131,224,96,53,38,32,27
1400000US06001422800,06001422800,"Census Tract 4228, Alameda County, California",1335,299,14,15,0,17,0,17,0,17,0,17,0,17,0,17,0,17,7,11,0,17,0,17,6,14,0,17,0,17,0,17,87,57,29,32,66,82,228,122,151,66,447,128,204,74,62,58,34,29
1400000US06001422900,06001422900,"Census Tract 4229, Alameda County, California",1944,420,25,43,0,12,0,12,0,12,0,12,0,12,0,12,0,12,0,12,5,12,0,12,0,12,15,22,10,24,25,31,147,105,26,30,74,69,167,86,103,77,825,277,321,119,42,40,159,89
1400000US06001423000,06001423000,"Census Tract 4230, Alameda County, California",3815,394,16,37,0,12,0,12,0,12,0,12,0,12,0,12,0,12,61,92,0,12,0,12,14,22,41,61,10,17,36,43,153,94,32,39,111,84,325,129,69,73,1231,272,1125,253,144,91,447,164
1400000US06001423100,06001423100,"Census Tract 4231, Alameda County, California",2934,278,65,64,0,12,0,12,57,87,0,12,24,38,0,12,0,12,13,20,0,12,48,65,0,12,0,12,0,12,16,17,227,80,41,29,34,27,340,156,334,123,856,149,613,117,164,90,102,46
1400000US06001423200,06001423200,"Census Tract 4232, Alameda County, California",1919,226,29,36,0,12,0,12,0,12,0,12,0,12,9,16,10,14,84,92,0,12,0,12,43,53,40,47,23,25,27,18,202,112,17,18,39,39,221,101,95,70,676,161,221,85,67,48,116,56
1400000US06001423300,06001423300,"Census Tract 4233, Alameda County, California",2924,249,138,79,0,12,0,12,0,12,0,12,9,14,0,12,0,12,142,121,0,12,37,45,0,12,0,12,28,42,6,10,279,113,70,69,119,78,545,157,211,88,683,152,454,107,69,47,134,69
1400000US06001423400,06001423400,"Census Tract 4234, Alameda County, California",3653,394,35,40,0,17,0,17,0,17,0,17,20,26,0,17,0,17,18,30,0,17,0,17,59,57,15,25,16,19,34,54,384,169,80,55,165,117,476,178,212,90,1376,292,519,125,53,43,191,93
1400000US06001423500,06001423500,"Census Tract 4235, Alameda County, California",2315,207,16,23,0,12,0,12,0,12,0,12,0,12,0,12,0,12,39,42,0,12,11,16,0,12,8,12,10,15,33,33,133,60,31,38,79,54,240,84,158,91,697,146,549,127,99,49,212,68
1400000US06001423601,06001423601,"Census Tract 4236.01, Alameda County, California",1959,201,24,26,0,12,0,12,0,12,0,12,0,12,0,12,0,12,0,12,0,12,8,16,0,12,7,16,7,16,11,16,110,57,39,47,42,54,153,84,91,46,806,163,351,81,162,73,148,67
1400000US06001423602,06001423602,"Census Tract 4236.02, Alameda County, California",1963,314,17,26,0,17,0,17,6,12,0,17,0,17,0,17,0,17,0,17,0,17,0,17,1,2,0,17,0,17,18,29,63,97,25,30,62,79,192,95,36,44,614,178,510,170,101,77,318,152
1400000US06001423700,06001423700,"Census Tract 4237, Alameda County, California",2045,171,0,12,0,12,0,12,0,12,0,12,0,12,0,12,0,12,14,22,0,12,0,12,0,12,13,19,0,12,21,23,91,61,15,24,71,35,56,42,75,39,734,133,509,147,263,106,183,61
1400000US06001423800,06001423800,"Census Tract 4238, Alameda County, California",2555,171,6,13,0,12,0,12,0,12,28,45,0,12,0,12,0,12,0,12,20,28,0,12,0,12,0,12,0,12,0,12,156,79,18,30,19,20,168,74,12,16,755,175,608,98,378,90,387,107
1400000US06001423901,06001423901,"Census Tract 4239.01, Alameda County, California",1516,138,0,12,0,12,0,12,0,12,0,12,5,8,0,12,0,12,0,12,0,12,0,12,17,25,0,12,3,8,0,12,92,45,8,11,140,65,166,57,112,57,598,100,222,68,60,33,93,68
1400000US06001423902,06001423902,"Census Tract 4239.02, Alameda County, California",1278,154,2,4,0,12,0,12,0,12,0,12,0,12,0,12,0,12,0,12,6,9,3,6,0,12,0,12,12,14,1,4,45,22,14,15,36,24,100,55,24,16,486,150,348,90,90,36,111,50
1400000US06001424001,06001424001,"Census Tract 4240.01, Alameda County, California",2803,291,10,15,0,12,0,12,0,12,0,12,0,12,37,41,0,12,89,54,8,13,0,12,15,20,8,14,89,57,114,76,362,105,38,34,94,55,426,133,218,109,778,174,380,128,26,31,111,60
1400000US06001424002,06001424002,"Census Tract 4240.02, Alameda County, California",1685,171,5,8,0,12,4,8,0,12,0,12,0,12,13,17,4,6,8,10,4,6,0,12,28,25,0,12,84,112,12,15,328,96,7,9,52,35,346,85,135,59,391,110,173,52,19,15,72,58
1400000US06001425101,06001425101,"Census Tract 4251.01, Alameda County, California",1503,146,0,12,0,12,0,12,0,12,0,12,0,12,8,12,0,12,0,12,0,12,0,12,7,11,0,12,0,12,9,14,23,28,12,19,71,74,139,76,115,88,435,125,426,167,82,54,176,154
1400000US06001425102,06001425102,"Census Tract 4251.02, Alameda County, California",2367,282,0,12,0,12,0,12,0,12,0,12,0,12,0,12,0,12,0,12,0,12,0,12,0,12,0,12,25,38,0,12,84,51,5,7,75,42,233,111,97,55,1075,219,592,162,97,61,84,53
1400000US06001425103,06001425103,"Census Tract 4251.03, Alameda County, California",2318,304,15,18,0,12,0,12,0,12,0,12,24,42,0,12,0,12,0,12,0,12,0,12,0,12,0,12,18,41,7,12,173,133,19,22,79,61,167,112,79,66,975,188,433,114,142,82,187,134
1400000US06001425104,06001425104,"Census Tract 4251.04, Alameda County, California",2727,218,36,50,12,20,0,12,0,12,0,12,0,12,0,12,0,12,47,52,0,12,0,12,0,12,18,22,0,12,49,62,302,111,10,16,31,39,572,169,71,38,877,187,413,183,178,103,111,58
1400000US06001426100,06001426100,"Census Tract 4261, Alameda County, California",4255,191,0,17,0,17,0,17,0,17,0,17,0,17,0,17,21,33,0,17,0,17,0,17,15,25,13,24,0,17,0,17,41,40,0,17,66,47,277,101,137,82,1549,223,1093,206,834,196,209,124
1400000US06001426200,06001426200,"Census Tract 4262, Alameda County, California",3201,157,11,16,0,12,0,12,0,12,0,12,0,12,0,12,0,12,23,36,0,12,0,12,0,12,0,12,9,13,18,19,63,31,11,18,43,49,208,80,140,82,1139,165,803,124,546,123,187,68
1400000US06001427100,06001427100,"Census Tract 4271, Alameda County, California",2629,182,26,34,0,12,0,12,0,12,0,12,0,12,8,14,2,5,0,12,16,21,2,5,15,20,0,12,13,16,62,45,326,118,27,25,54,41,434,125,205,75,828,146,413,118,144,49,54,38
1400000US06001427200,06001427200,"Census Tract 4272, Alameda County, California",3133,265,118,89,0,12,0,12,0,12,0,12,0,12,0,12,0,12,7,15,0,12,15,19,15,15,67,58,37,43,49,52,430,150,57,55,150,83,694,248,296,107,818,202,238,99,92,56,50,41
1400000US06001427300,06001427300,"Census Tract 4273, Alameda County, California",3734,322,145,113,0,17,0,17,0,17,0,17,0,17,29,32,0,17,84,59,66,99,98,95,83,61,23,25,0,17,131,84,414,113,74,56,190,79,501,127,261,95,1007,193,471,133,104,44,53,38
1400000US06001427600,06001427600,"Census Tract 4276, Alameda County, California",3326,284,172,98,0,17,0,17,0,17,0,17,9,16,13,19,34,52,32,41,28,42,23,26,108,85,102,71,69,52,103,55,429,113,24,24,160,106,680,236,209,75,751,204,306,109,43,33,31,26
1400000US06001427700,06001427700,"Census Tract 4277, Alameda County, California",4052,278,70,48,0,12,0,12,45,65,0,12,0,12,0,12,0,12,17,28,59,66,0,12,2,4,15,22,84,90,86,62,515,181,95,86,86,60,453,160,576,198,1423,257,351,124,93,60,82,51
1400000US06001427800,06001427800,"Census Tract 4278, Alameda County, California",3812,323,35,38,0,17,0,17,0,17,0,17,0,17,0,17,0,17,67,66,0,17,0,17,0,17,32,50,0,17,32,42,444,181,57,43,213,96,488,176,182,94,1204,252,734,233,151,86,173,103
1400000US06001427900,06001427900,"Census Tract 4279, Alameda County, California",3877,240,78,65,17,28,0,12,0,12,21,35,0,12,0,12,0,12,17,29,0,12,55,51,16,26,0,12,54,82,40,49,211,101,102,90,184,99,786,206,360,151,1176,211,579,149,126,79,55,67
1400000US06001428000,06001428000,"Census Tract 4280, Alameda County, California",2291,246,0,12,0,12,11,16,0,12,11,17,16,19,36,57,54,61,10,15,11,16,28,30,32,36,10,17,33,41,24,24,260,121,45,50,101,78,286,94,97,69,878,195,229,91,75,63,44,37
1400000US06001428100,06001428100,"Census Tract 4281, Alameda County, California",3445,193,0,12,0,12,0,12,0,12,0,12,0,12,10,15,0,12,60,56,26,41,43,51,0,12,0,12,98,83,102,57,395,129,28,35,95,62,508,131,404,100,1056,175,305,115,159,78,156,61
1400000US06001428200,06001428200,"Census Tract 4282, Alameda County, California",4995,291,45,47,0,17,0,17,0,17,0,17,20,31,0,17,54,62,69,66,18,29,14,21,36,39,0,17,15,25,127,100,449,227,55,51,302,150,680,214,394,131,1687,366,629,196,217,121,184,86
1400000US06001428301,06001428301,"Census Tract 4283.01, Alameda County, California",4681,244,52,47,0,17,0,17,12,20,0,17,43,42,44,47,0,17,0,17,0,17,22,35,10,17,0,17,27,43,43,42,540,220,34,41,289,120,539,139,413,147,1511,238,817,180,177,91,108,53
1400000US06001428302,06001428302,"Census Tract 4283.02, Alameda County, California",5222,244,33,55,0,17,0,17,0,17,15,26,0,17,0,17,14,24,34,47,0,17,11,18,0,17,0,17,0,17,31,35,481,140,0,17,153,103,631,207,291,103,1978,267,962,176,297,109,291,122
1400000US06001428400,06001428400,"Census Tract 4284, Alameda County, California",3446,207,54,48,0,12,0,12,0,12,0,12,9,19,5,10,0,12,28,27,0,12,18,28,30,39,56,39,37,35,98,98,394,120,135,71,258,113,626,140,258,100,766,192,380,119,146,76,148,70
1400000US06001428500,06001428500,"Census Tract 4285, Alameda County, California",2551,171,37,38,0,12,0,12,0,12,0,12,0,12,0,12,0,12,0,12,2,4,3,5,0,12,5,7,49,49,42,38,198,78,47,41,97,51,345,105,370,147,847,142,313,99,66,48,130,66
1400000US06001428600,06001428600,"Census Tract 4286, Alameda County, California",2480,211,40,32,0,12,0,12,0,12,4,8,0,12,0,12,11,16,16,18,5,10,24,24,0,12,0,12,20,25,11,17,333,112,34,32,120,55,495,133,167,81,828,147,236,78,80,47,56,40
1400000US06001428700,06001428700,"Census Tract 4287, Alameda County, California",2454,177,47,45,0,12,0,12,0,12,0,12,0,12,0,12,0,12,29,36,9,17,0,12,40,47,24,23,0,12,60,73,392,114,40,28,154,82,355,97,185,98,785,156,184,66,134,57,16,14
1400000US06001430101,06001430101,"Census Tract 4301.01, Alameda County, California",4764,275,0,17,0,17,0,17,28,48,0,17,22,37,19,29,0,17,50,64,5,17,22,36,16,26,0,17,19,27,17,30,620,264,29,39,239,125,713,194,283,135,1556,293,652,189,245,115,229,119
1400000US06001430102,06001430102,"Census Tract 4301.02, Alameda County, California",1723,86,29,26,0,12,0,12,0,12,0,12,5,7,0,12,0,12,21,29,0,12,0,12,0,12,0,12,0,12,11,13,205,72,6,11,82,36,278,105,127,52,597,138,236,74,58,32,68,39
1400000US06001430200,06001430200,"Census Tract 4302, Alameda County, California",5040,296,41,46,0,17,0,17,0,17,0,17,16,25,0,17,0,17,0,17,0,17,0,17,49,48,7,17,29,45,30,37,1052,259,23,26,290,126,1035,254,424,142,1344,232,414,164,199,80,87,56
1400000US06001430300,06001430300,"Census Tract 4303, Alameda County, California",2461,172,67,59,0,12,0,12,0,12,0,12,13,19,0,12,0,12,0,12,10,16,18,20,0,12,1,4,4,9,65,36,572,98,6,8,176,72,444,104,190,76,508,137,214,69,82,54,91,50
1400000US06001430400,06001430400,"Census Tract 4304, Alameda County, California",1603,118,0,12,0,12,0,12,0,12,0,12,29,45,0,12,5,8,40,46,0,12,13,21,7,10,6,9,0,12,43,39,310,94,11,12,66,37,208,55,118,55,431,96,222,74,69,33,25,20
1400000US06001430500,06001430500,"Census Tract 4305, Alameda County, California",4373,331,81,66,0,17,4,10,0,17,0,17,7,17,0,17,0,17,13,22,14,22,86,85,123,108,70,61,233,173,11,20,1098,257,144,72,325,128,766,236,249,94,861,208,258,122,30,32,0,17
1400000US06001430600,06001430600,"Census Tract 4306, Alameda County, California",4392,312,41,47,0,17,0,17,0,17,0,17,1,2,25,42,20,32,22,34,0,17,44,75,39,50,65,77,15,24,32,40,769,208,102,93,310,132,608,160,388,135,1216,321,416,148,190,93,89,66
1400000US06001430700,06001430700,"Census Tract 4307, Alameda County, California",2735,170,31,32,0,12,0,12,0,12,0,12,0,12,0,12,0,12,9,15,0,12,9,21,0,12,42,34,4,8,20,24,576,152,32,39,188,87,484,119,312,111,682,132,246,100,56,39,44,31
1400000US06001430800,06001430800,"Census Tract 4308, Alameda County, California",4281,307,67,74,0,17,0,17,0,17,16,28,23,37,0,17,59,58,39,54,12,19,22,35,46,63,14,23,0,17,35,39,1273,325,86,75,241,103,931,245,237,111,769,198,157,84,225,129,29,26
1400000US06001430900,06001430900,"Census Tract 4309, Alameda County, California",3239,219,137,100,0,17,0,17,1,4,0,17,3,6,0,17,3,7,28,32,8,13,18,19,17,22,39,34,69,57,61,41,613,167,131,72,290,92,747,194,250,88,559,145,215,75,20,22,30,26
1400000US06001431000,06001431000,"Census Tract 4310, Alameda County, California",2034,176,86,72,0,12,0,12,0,12,0,12,0,12,52,84,0,12,24,38,0,12,7,12,57,47,42,32,45,41,30,26,666,142,42,34,179,73,292,89,149,91,270,98,85,44,0,12,8,12
1400000US06001431100,06001431100,"Census Tract 4311, Alameda County, California",2192,173,32,24,0,12,9,14,0,12,12,18,0,12,16,38,27,35,15,18,13,18,0,12,51,52,0,12,36,29,53,45,514,150,11,19,148,56,497,135,273,93,376,107,62,32,31,24,16,17
1400000US06001431200,06001431200,"Census Tract 4312, Alameda County, California",4206,251,35,34,0,17,0,17,0,17,0,17,0,17,0,17,0,17,0,17,0,17,20,35,0,17,59,54,45,48,98,109,856,292,30,35,342,156,716,217,401,147,1001,306,539,272,51,47,13,21
1400000US06001432100,06001432100,"Census Tract 4321, Alameda County, California",2666,179,28,34,20,30,0,12,0,12,0,12,0,12,0,12,0,12,46,51,0,12,0,12,8,12,29,21,12,19,52,40,287,98,75,55,207,86,353,102,135,52,846,171,280,85,125,65,163,98
1400000US06001432200,06001432200,"Census Tract 4322, Alameda County, California",2977,223,119,77,0,12,0,12,14,31,0,12,16,16,38,45,0,12,30,27,22,37,52,53,31,36,21,20,22,33,23,23,845,184,58,42,149,71,536,139,198,67,507,114,220,73,54,36,22,26
1400000US06001432300,06001432300,"Census Tract 4323, Alameda County, California",3315,247,118,67,0,12,0,12,0,12,0,12,69,82,12,18,85,67,172,120,6,11,0,12,66,52,0,12,35,41,35,26,539,153,82,69,92,47,519,162,237,84,955,192,189,68,75,50,29,28
1400000US06001432400,06001432400,"Census Tract 4324, Alameda County, California",3904,285,74,42,0,17,0,17,0,17,0,17,29,47,41,53,0,17,90,66,0,17,13,15,31,30,74,46,96,76,110,55,1310,257,64,37,229,75,636,143,346,121,599,159,140,74,21,25,1,5
1400000US06001432501,06001432501,"Census Tract 4325.01, Alameda County, California",3298,314,90,70,0,12,0,12,0,12,28,36,52,47,9,13,37,36,133,98,26,36,135,99,128,86,107,94,12,15,88,56,1049,265,62,57,140,80,389,126,220,84,458,158,90,57,27,28,18,36
1400000US06001432502,06001432502,"Census Tract 4325.02, Alameda County, California",3145,267,157,82,0,12,0,12,0,12,0,12,0,12,17,25,9,13,180,77,12,22,116,83,83,89,46,44,124,85,69,45,721,171,58,47,129,72,426,141,218,93,677,149,52,36,24,28,27,33
1400000US06001432600,06001432600,"Census Tract 4326, Alameda County, California",5200,273,114,96,0,17,0,17,0,17,0,17,0,17,0,17,0,17,128,109,0,17,62,55,135,84,40,47,122,96,178,84,1189,275,93,66,300,136,1220,307,295,83,983,261,218,101,92,90,31,41
1400000US06001432700,06001432700,"Census Tract 4327, Alameda County, California",1816,160,59,49,0,12,0,12,0,12,0,12,8,13,0,12,8,26,36,46,0,12,16,18,26,24,59,45,47,40,26,23,304,109,7,11,125,63,279,95,135,51,368,105,246,99,24,30,43,34
1400000US06001432800,06001432800,"Census Tract 4328, Alameda County, California",2452,202,33,28,0,12,0,12,0,12,0,12,0,12,0,12,0,12,31,46,12,20,29,59,0,12,9,13,16,26,27,25,400,118,113,74,125,73,398,91,170,68,588,117,291,120,173,67,37,31
1400000US06001433000,06001433000,"Census Tract 4330, Alameda County, California",2863,259,122,75,0,12,0,12,0,12,16,24,14,20,0,12,28,36,21,23,28,44,37,28,0,12,37,33,8,13,65,34,720,169,69,46,226,84,297,105,312,135,621,158,163,59,48,33,31,26
1400000US06001433102,06001433102,"Census Tract 4331.02, Alameda County, California",2789,233,90,67,0,12,20,32,2,5,16,25,0,12,6,10,34,52,134,112,37,36,47,54,83,86,45,41,10,19,57,40,385,121,34,33,199,68,470,90,285,104,657,131,160,92,5,8,13,19
1400000US06001433103,06001433103,"Census Tract 4331.03, Alameda County, California",2601,389,39,62,0,12,0,12,0,12,0,12,0,12,0,12,9,18,173,106,0,12,95,86,72,90,20,31,12,17,117,83,762,298,61,40,197,98,335,165,283,110,274,112,137,88,15,19,0,12
1400000US06001433104,06001433104,"Census Tract 4331.04, Alameda County, California",2821,255,17,23,0,12,7,12,0,12,0,12,0,12,0,12,25,43,165,124,0,12,19,28,32,30,46,45,16,25,87,55,559,160,53,40,89,72,431,137,216,125,678,191,324,134,16,19,41,39
1400000US06001433200,06001433200,"Census Tract 4332, Alameda County, California",4845,357,199,105,0,17,0,17,10,22,0,17,24,37,0,17,0,17,28,29,70,70,39,44,137,75,52,38,81,57,151,128,1172,282,94,67,252,125,713,225,677,216,901,261,209,120,36,40,0,17
1400000US06001433300,06001433300,"Census Tract 4333, Alameda County, California",4890,322,86,65,0,17,0,17,0,17,0,17,21,34,0,17,41,49,58,64,14,24,105,68,205,109,90,69,41,41,75,73,1526,290,125,80,314,168,517,146,412,136,891,249,265,133,32,36,72,82
1400000US06001433400,06001433400,"Census Tract 4334, Alameda County, California",5079,347,228,179,0,17,0,17,0,17,0,17,0,17,0,17,46,67,205,164,105,93,99,92,139,110,17,26,28,33,60,65,1028,324,60,55,338,158,486,173,421,175,1234,279,412,156,95,80,78,78
1400000US06001433500,06001433500,"Census Tract 4335, Alameda County, California",3488,261,131,88,0,12,7,11,0,12,0,12,63,73,5,10,0,12,98,65,0,12,48,60,53,38,63,49,66,81,79,49,1210,286,111,70,312,151,440,143,128,59,415,118,259,114,0,12,0,12
1400000US06001433600,06001433600,"Census Tract 4336, Alameda County, California",4339,274,319,157,0,17,0,17,26,39,0,17,10,27,91,98,0,17,223,187,25,36,28,32,77,103,65,56,227,128,179,103,972,239,173,116,118,77,583,241,390,132,578,195,225,99,30,35,0,17
1400000US06001433700,06001433700,"Census Tract 4337, Alameda County, California",2039,190,35,33,0,12,0,12,0,12,0,12,0,12,4,7,12,18,169,106,30,27,38,26,65,46,30,28,29,21,49,43,447,132,107,67,156,64,346,90,215,81,240,84,38,31,13,15,16,22
1400000US06001433800,06001433800,"Census Tract 4338, Alameda County, California",5231,485,175,115,0,17,0,17,42,49,0,17,2,4,0,17,27,44,125,88,20,33,15,17,181,165,82,78,72,61,183,115,1339,262,68,69,321,132,790,196,593,187,1069,295,95,94,0,17,32,37
1400000US06001433900,06001433900,"Census Tract 4339, Alameda County, California",4279,427,140,90,0,17,0,17,0,17,37,61,65,83,48,61,65,57,216,150,38,61,161,145,96,74,185,124,82,67,110,131,1263,336,66,71,123,100,674,278,236,147,447,184,168,116,59,87,0,17
1400000US06001434000,06001434000,"Census Tract 4340, Alameda County, California",3246,224,101,105,0,17,0,17,26,29,22,29,34,38,21,32,10,16,179,92,24,25,90,64,94,92,39,31,78,55,196,111,810,188,55,45,314,120,494,164,246,90,299,117,114,75,0,17,0,17
1400000US06001435102,06001435102,"Census Tract 4351.02, Alameda County, California",3220,336,14,22,0,17,0,17,0,17,0,17,0,17,0,17,0,17,0,17,0,17,4,12,0,17,0,17,30,32,75,54,544,225,46,46,116,67,319,106,215,100,1253,203,424,105,80,48,100,48
1400000US06001435103,06001435103,"Census Tract 4351.03, Alameda County, California",4558,338,77,72,0,17,0,17,0,17,0,17,1,4,18,27,0,17,88,60,2,3,0,17,0,17,0,17,48,57,24,27,481,160,0,17,228,114,443,165,298,120,1828,244,738,172,110,76,174,86
1400000US06001435104,06001435104,"Census Tract 4351.04, Alameda County, California",3658,320,72,63,0,17,0,17,0,17,25,42,55,60,9,15,0,17,77,94,20,22,58,70,94,93,45,44,52,42,206,85,906,288,63,46,249,122,479,145,226,106,678,150,200,99,21,23,123,89
1400000US06001435200,06001435200,"Census Tract 4352, Alameda County, California",3286,319,46,30,0,12,0,12,0,12,0,12,36,50,7,12,0,12,87,60,10,16,22,27,8,15,13,19,31,25,27,25,530,144,42,34,193,71,788,259,472,154,651,132,235,83,54,39,34,28
1400000US06001435300,06001435300,"Census Tract 4353, Alameda County, California",2938,255,60,51,0,12,0,12,0,12,0,12,9,19,0,12,0,12,111,97,36,37,24,31,46,34,28,29,25,31,57,38,603,199,26,40,260,99,535,167,254,111,558,132,245,120,26,29,35,29
1400000US06001435400,06001435400,"Census Tract 4354, Alameda County, California",3032,257,48,38,0,12,0,12,0,12,0,12,7,11,13,21,9,15,131,77,7,15,32,39,122,109,35,36,66,85,65,50,500,182,84,51,118,52,445,125,255,106,789,172,246,94,45,40,15,25
1400000US06001435500,06001435500,"Census Tract 4355, Alameda County, California",2493,215,24,22,0,12,0,12,0,12,42,37,0,12,23,28,7,12,208,132,7,11,42,39,15,18,55,46,63,40,45,42,650,142,88,57,149,71,410,119,153,70,371,108,115,74,15,18,11,17
1400000US06001435601,06001435601,"Census Tract 4356.01, Alameda County, California",3159,280,0,17,0,17,0,17,0,17,8,15,60,54,60,53,33,44,340,155,2,12,0,17,68,53,57,56,120,88,94,69,974,344,85,96,87,59,561,177,251,184,308,191,23,26,28,35,0,17
1400000US06001435602,06001435602,"Census Tract 4356.02, Alameda County, California",3663,554,138,95,0,17,0,17,0,17,34,46,17,23,8,14,31,48,75,49,0,17,9,13,185,124,57,57,80,56,220,281,1131,473,54,43,270,105,440,127,244,111,540,164,99,58,20,22,11,16
1400000US06001435700,06001435700,"Census Tract 4357, Alameda County, California",3267,304,203,134,0,12,0,12,11,17,0,12,58,67,43,54,20,31,116,90,0,12,51,44,31,49,41,42,114,63,79,41,917,187,46,32,200,93,503,136,314,99,407,108,79,48,31,29,3,7
1400000US06001435800,06001435800,"Census Tract 4358, Alameda County, California",3714,311,220,136,0,17,0,17,0,17,7,14,41,37,0,17,63,61,106,69,7,14,72,80,35,41,30,44,50,53,206,132,986,197,46,40,278,110,612,118,252,116,566,155,117,64,20,21,0,17
1400000US06001435900,06001435900,"Census Tract 4359, Alameda County, California",3619,242,89,77,0,17,0,17,22,33,0,17,9,16,8,15,3,8,111,84,2,11,19,24,45,38,37,30,29,34,113,63,985,205,53,40,170,75,527,126,429,124,725,176,201,125,33,37,9,16
1400000US06001436000,06001436000,"Census Tract 4360, Alameda County, California",2959,295,105,81,0,12,0,12,0,12,0,12,15,23,11,17,33,35,31,51,0,12,12,19,14,23,40,31,64,57,67,50,778,148,49,38,212,86,412,108,291,125,597,199,193,85,9,14,26,23
1400000US06001436100,06001436100,"Census Tract 4361, Alameda County, California",4266,337,105,67,0,17,0,17,0,17,27,40,44,49,30,32,0,17,103,72,0,17,55,50,37,37,139,84,48,66,126,61,1298,392,124,79,487,187,449,119,254,104,753,212,120,69,8,12,59,43
1400000US06001436200,06001436200,"Census Tract 4362, Alameda County, California",2490,249,134,96,0,12,0,12,0,12,0,12,5,10,23,29,15,20,175,125,0,12,101,84,98,67,87,59,84,56,120,78,700,180,42,32,116,51,335,98,147,76,252,86,46,42,10,13,0,12
1400000US06001436300,06001436300,"Census Tract 4363, Alameda County, California",5472,462,262,161,0,17,0,17,0,17,0,17,51,61,49,60,48,74,364,178,0,17,128,119,143,115,91,82,176,124,138,102,1456,338,56,54,241,136,649,222,260,139,965,278,339,178,0,17,56,42
1400000US06001436401,06001436401,"Census Tract 4364.01, Alameda County, California",5428,385,223,164,0,17,0,17,0,17,0,17,0,17,13,22,17,25,13,24,47,56,18,26,41,55,11,19,109,111,53,79,1177,324,311,158,488,175,865,272,381,173,1060,226,500,202,56,53,45,39
1400000US06001436402,06001436402,"Census Tract 4364.02, Alameda County, California",2057,177,33,29,0,12,0,12,0,12,0,12,0,12,0,12,0,12,38,56,0,12,6,9,13,30,0,12,20,22,15,19,266,95,53,41,90,44,445,140,237,90,436,121,272,86,88,42,45,26
1400000US06001436500,06001436500,"Census Tract 4365, Alameda County, California",3083,242,98,82,0,12,0,12,17,26,15,24,15,25,15,23,19,20,140,86,10,15,20,21,71,57,5,8,54,44,66,45,680,169,91,57,178,75,471,135,179,75,755,136,140,51,28,27,16,19
1400000US06001436601,06001436601,"Census Tract 4366.01, Alameda County, California",4099,293,142,64,0,17,0,17,0,17,0,17,145,116,46,50,23,24,262,143,0,17,11,18,155,79,13,19,143,90,103,49,1082,243,66,45,435,154,480,132,327,108,505,146,139,77,12,18,10,15
1400000US06001436602,06001436602,"Census Tract 4366.02, Alameda County, California",3445,330,90,68,0,17,0,17,0,17,0,17,36,42,0,17,0,17,388,201,26,42,116,119,130,90,37,43,83,77,77,52,809,260,106,75,171,68,412,127,346,168,388,114,168,91,31,31,31,30
1400000US06001436700,06001436700,"Census Tract 4367, Alameda County, California",2353,265,109,89,0,12,0,12,0,12,34,31,0,12,0,12,0,12,62,63,0,12,41,47,30,31,80,66,39,38,40,33,428,121,61,63,135,64,492,148,159,59,522,175,86,58,23,34,12,15
1400000US06001436800,06001436800,"Census Tract 4368, Alameda County, California",2767,262,74,59,0,12,0,12,0,12,0,12,0,12,0,12,0,12,84,80,0,12,46,43,100,66,0,12,86,46,71,62,647,207,85,73,242,117,469,158,136,84,582,157,102,62,32,38,11,17
1400000US06001436900,06001436900,"Census Tract 4369, Alameda County, California",3803,290,255,116,0,17,0,17,0,17,0,17,81,122,35,31,0,17,306,145,24,38,84,64,109,81,76,65,47,46,146,76,1036,177,31,31,188,73,654,140,209,102,344,103,159,91,8,12,11,16
1400000US06001437000,06001437000,"Census Tract 4370, Alameda County, California",2447,162,57,49,0,12,0,12,0,12,0,12,0,12,0,12,0,12,68,38,25,33,1,2,14,15,107,78,25,27,84,52,522,139,62,42,193,74,389,97,217,92,566,128,102,82,10,15,5,9
1400000US06001437101,06001437101,"Census Tract 4371.01, Alameda County, California",4593,291,13,20,0,17,0,17,0,17,0,17,13,30,10,16,29,31,59,48,0,17,118,85,76,67,77,57,26,28,133,64,771,226,10,16,224,85,858,145,393,125,1381,232,292,98,24,23,86,87
1400000US06001437102,06001437102,"Census Tract 4371.02, Alameda County, California",3075,345,73,48,9,15,0,12,0,12,0,12,0,12,10,16,13,20,29,47,13,19,25,40,28,31,0,12,17,29,213,113,553,180,72,64,364,150,676,185,282,156,510,141,112,72,26,26,50,67
1400000US06001437200,06001437200,"Census Tract 4372, Alameda County, California",5382,399,61,41,0,17,0,17,3,6,0,17,23,33,2,6,12,20,115,82,0,17,67,62,20,27,49,54,62,40,86,54,1118,260,169,107,261,107,1108,249,713,259,1091,237,264,127,93,76,65,60
1400000US06001437300,06001437300,"Census Tract 4373, Alameda County, California",2226,140,44,29,0,12,0,12,0,12,7,13,15,14,7,11,6,9,132,59,0,12,7,9,26,26,57,55,42,38,63,41,562,142,40,33,206,98,402,90,113,50,345,97,107,55,28,13,17,17
1400000US06001437400,06001437400,"Census Tract 4374, Alameda County, California",2248,125,71,38,0,12,0,12,0,12,10,16,4,6,8,11,43,29,72,40,9,10,23,24,48,29,31,18,33,25,93,39,665,120,96,46,164,50,383,82,122,39,306,90,60,35,4,6,3,5
1400000US06001437500,06001437500,"Census Tract 4375, Alameda County, California",2658,230,76,47,0,12,13,18,0,12,9,19,28,35,16,24,16,18,194,91,14,23,34,45,95,57,141,89,165,74,140,78,777,235,95,46,101,53,366,122,66,42,269,106,43,38,0,12,0,12
1400000US06001437600,06001437600,"Census Tract 4376, Alameda County, California",2438,205,181,79,0,12,0,12,0,12,13,21,5,12,17,22,3,6,237,87,31,31,38,30,65,41,28,28,91,47,86,55,592,133,60,35,158,58,363,94,165,79,256,76,32,25,6,9,11,11
1400000US06001437701,06001437701,"Census Tract 4377.01, Alameda County, California",2097,196,49,33,0,12,0,12,21,34,8,10,57,47,38,31,4,10,153,108,25,28,19,22,78,48,65,41,55,61,33,31,631,175,137,72,147,77,279,98,112,59,149,67,32,26,0,12,5,8
1400000US06001437702,06001437702,"Census Tract 4377.02, Alameda County, California",2835,323,133,88,0,17,11,17,0,17,33,33,0,17,86,65,140,79,337,135,32,40,150,101,148,92,85,64,17,29,121,78,794,180,48,49,63,49,303,136,102,74,218,147,8,17,0,17,6,10
1400000US06001437800,06001437800,"Census Tract 4378, Alameda County, California",3005,211,102,62,0,12,1,3,0,12,0,12,6,10,0,12,29,34,159,133,20,33,36,31,81,59,38,50,10,13,131,77,884,201,26,24,170,76,430,144,221,87,566,129,67,46,15,16,13,21
1400000US06001437900,06001437900,"Census Tract 4379, Alameda County, California",1545,118,48,28,0,12,0,12,0,12,5,10,16,16,0,12,5,8,62,27,26,29,26,23,0,12,31,22,28,16,68,46,515,101,41,32,80,41,262,69,101,62,198,70,21,15,0,12,12,13
1400000US06001438000,06001438000,"Census Tract 4380, Alameda County, California",2577,213,102,64,0,12,0,12,0,12,0,12,30,26,30,45,0,12,66,46,79,54,38,34,16,17,26,26,6,11,68,34,486,140,57,41,147,84,419,125,137,64,664,180,130,61,18,20,58,55
1400000US06001438100,06001438100,"Census Tract 4381, Alameda County, California",4978,421,60,54,0,17,0,17,0,17,0,17,12,20,27,32,122,118,158,105,15,26,151,114,12,21,108,109,110,102,154,118,1425,307,270,137,315,160,710,197,380,133,767,241,150,74,8,14,24,39
1400000US06001438201,06001438201,"Census Tract 4382.01, Alameda County, California",3496,359,146,96,0,12,0,12,0,12,7,14,47,60,38,44,6,11,141,76,32,30,60,50,42,33,32,28,88,54,157,73,1120,253,127,69,224,90,561,176,202,132,363,143,91,63,12,18,0,12
1400000US06001438203,06001438203,"Census Tract 4382.03, Alameda County, California",3268,279,195,99,0,12,0,12,7,12,15,26,37,49,0,12,34,55,66,37,36,38,160,87,36,25,82,56,76,59,88,76,866,225,94,65,114,63,527,176,211,101,487,144,55,53,0,12,82,86
1400000US06001438204,06001438204,"Census Tract 4382.04, Alameda County, California",4127,259,211,109,0,17,0,17,0,17,0,17,42,64,0,17,27,38,193,121,5,10,36,36,40,31,22,22,27,34,81,50,857,173,102,63,177,75,907,193,360,123,709,132,289,121,24,28,18,20
1400000US06001438300,06001438300,"Census Tract 4383, Alameda County, California",2622,204,120,56,0,12,0,12,0,12,0,12,38,48,0,12,20,27,152,80,3,6,5,8,66,41,65,45,27,18,101,54,586,116,73,45,189,77,471,100,177,59,446,99,69,33,14,12,0,12
1400000US06001438400,06001438400,"Census Tract 4384, Alameda County, California",1698,177,42,27,0,12,0,12,0,12,0,12,14,21,41,63,34,36,66,37,0,12,18,28,30,28,15,11,39,27,34,20,415,93,25,19,112,45,284,83,198,65,280,72,39,32,6,10,6,9
1400000US06001440100,06001440100,"Census Tract 4401, Alameda County, California",1877,142,28,26,0,12,0,12,0,12,0,12,0,12,9,12,8,11,26,25,0,12,18,17,35,53,35,26,0,12,9,11,583,129,19,22,112,38,293,71,94,44,390,89,159,60,46,26,13,13
1400000US06001440200,06001440200,"Census Tract 4402, Alameda County, California",3662,237,83,50,0,17,0,17,0,17,11,13,33,36,40,35,47,47,189,110,78,45,135,94,27,39,125,78,65,55,95,61,1578,250,76,60,116,59,410,124,183,97,230,85,91,58,34,33,16,19
1400000US06001440301,06001440301,"Census Tract 4403.01, Alameda County, California",4773,469,115,91,0,17,0,17,0,17,0,17,31,43,13,21,0,17,23,35,29,34,32,52,155,171,98,75,50,41,16,26,1238,307,76,51,267,130,937,289,281,142,1037,308,239,122,47,48,89,64
1400000US06001440304,06001440304,"Census Tract 4403.04, Alameda County, California",3480,256,189,129,0,17,0,17,0,17,0,17,13,18,0,17,27,30,258,190,11,17,59,48,46,45,25,23,31,29,101,58,776,197,5,10,150,64,531,125,292,99,788,183,132,65,20,19,26,27
1400000US06001440305,06001440305,"Census Tract 4403.05, Alameda County, California",3041,268,59,34,0,12,0,12,0,12,0,12,27,33,0,12,9,13,19,20,0,12,25,20,34,25,27,26,0,12,62,33,870,234,69,44,168,68,582,164,207,65,668,139,188,108,17,14,10,11
1400000US06001440306,06001440306,"Census Tract 4403.06, Alameda County, California",2845,245,80,55,0,12,0,12,0,12,0,12,0,12,9,13,18,16,47,34,7,11,13,11,77,59,0,12,31,29,105,46,692,236,110,83,129,50,417,124,175,62,722,138,182,62,23,21,8,13
1400000US06001440307,06001440307,"Census Tract 4403.07, Alameda County, California",3112,227,75,51,0,12,0,12,0,12,0,12,0,12,12,18,0,12,58,44,0,12,31,26,11,17,28,21,77,45,111,57,940,176,33,31,111,61,494,121,274,91,624,147,162,89,51,50,20,22
1400000US06001440308,06001440308,"Census Tract 4403.08, Alameda County, California",4068,250,184,60,0,17,0,17,0,17,8,12,0,17,7,10,27,43,52,38,30,36,6,10,40,44,82,67,32,38,80,51,1067,243,27,23,140,62,488,120,160,75,939,181,566,155,62,43,71,48
1400000US06001440331,06001440331,"Census Tract 4403.31, Alameda County, California",2362,141,35,26,0,12,0,12,0,12,5,7,22,24,4,6,32,41,17,17,3,7,26,23,65,44,42,36,28,27,66,31,772,159,41,29,134,56,457,110,77,37,433,87,69,30,17,15,17,13
1400000US06001440332,06001440332,"Census Tract 4403.32, Alameda County, California",2495,246,94,54,5,9,0,12,0,12,0,12,0,12,6,9,0,12,6,9,8,11,0,12,25,38,12,15,23,30,36,26,340,119,27,23,86,42,333,128,172,54,779,114,397,69,80,34,66,27
1400000US06001440333,06001440333,"Census Tract 4403.33, Alameda County, California",1976,204,44,38,0,12,0,12,0,12,0,12,0,12,0,12,17,28,54,44,0,12,0,12,4,7,7,11,8,12,28,22,409,176,7,12,61,32,238,63,173,60,650,128,223,66,26,19,27,22
1400000US06001440334,06001440334,"Census Tract 4403.34, Alameda County, California",3413,264,25,26,0,12,0,12,0,12,40,62,4,9,0,12,15,23,62,50,0,12,7,11,7,11,42,44,30,33,59,39,767,267,60,48,259,96,648,184,291,96,934,194,97,62,48,42,18,23
1400000US06001440335,06001440335,"Census Tract 4403.35, Alameda County, California",4967,397,94,110,0,17,0,17,0,17,0,17,0,17,11,22,0,17,0,17,0,17,45,41,0,17,45,61,49,60,68,58,1017,564,62,111,134,102,463,215,367,222,1649,314,733,196,45,45,185,100
1400000US06001440336,06001440336,"Census Tract 4403.36, Alameda County, California",3450,391,109,69,0,17,0,17,0,17,2,4,13,22,0,17,25,33,36,41,0,17,15,24,16,27,13,21,87,48,173,98,694,220,59,35,145,78,600,201,174,80,933,242,311,128,33,32,12,22
1400000US06001441100,06001441100,"Census Tract 4411, Alameda County, California",3117,188,8,13,0,12,0,12,0,12,17,27,26,39,22,29,7,15,16,25,6,14,0,12,13,20,37,35,31,31,33,30,680,186,76,45,251,87,452,120,251,87,696,122,243,81,94,73,158,107
1400000US06001441200,06001441200,"Census Tract 4412, Alameda County, California",4937,284,16,25,0,17,0,17,0,17,0,17,0,17,0,17,0,17,1,14,12,20,46,72,83,87,43,40,4,8,108,71,893,214,93,55,208,107,490,161,460,206,1540,234,741,235,124,97,75,57
1400000US06001441301,06001441301,"Census Tract 4413.01, Alameda County, California",2219,140,23,34,0,12,0,12,0,12,0,12,0,12,0,12,7,11,15,20,0,12,7,11,0,12,0,12,0,12,23,25,207,73,55,34,76,46,142,71,123,46,796,138,574,129,92,74,79,50
1400000US06001441302,06001441302,"Census Tract 4413.02, Alameda County, California",4106,254,73,58,0,17,0,17,0,17,0,17,0,17,0,17,0,17,52,42,47,45,26,31,47,41,17,19,26,32,49,37,710,192,79,45,147,70,473,116,402,104,1131,255,636,137,93,56,98,50
1400000US06001441401,06001441401,"Census Tract 4414.01, Alameda County, California",5105,341,173,111,0,17,0,17,0,17,0,17,0,17,3,14,0,17,3,15,0,17,14,24,0,17,10,15,142,92,182,96,814,264,93,63,202,157,717,209,587,240,1345,264,642,210,62,59,116,71
1400000US06001441402,06001441402,"Census Tract 4414.02, Alameda County, California",3637,226,41,36,0,17,0,17,0,17,35,31,0,17,0,17,4,8,19,20,8,13,11,17,8,12,18,20,23,26,74,42,615,197,54,40,112,54,350,101,291,85,1139,176,675,125,90,56,70,40
1400000US06001441501,06001441501,"Census Tract 4415.01, Alameda County, California",4679,324,96,61,0,17,0,17,0,17,0,17,0,17,11,18,22,34,12,21,0,17,32,53,9,16,6,11,24,27,65,41,788,324,42,32,226,83,739,204,270,91,1563,220,617,164,101,61,56,34
1400000US06001441503,06001441503,"Census Tract 4415.03, Alameda County, California",4509,260,109,86,0,17,0,17,18,26,17,25,0,17,0,17,14,23,10,23,0,17,14,22,8,13,0,17,6,12,32,33,257,125,40,44,118,69,269,91,166,85,1688,247,1445,240,160,71,138,61
1400000US06001441521,06001441521,"Census Tract 4415.21, Alameda County, California",4132,285,85,46,0,17,0,17,3,7,0,17,0,17,0,17,27,24,7,11,14,17,64,69,17,19,25,32,0,17,59,43,738,221,6,9,81,45,558,136,298,92,1088,190,813,140,45,31,204,102
1400000US06001441522,06001441522,"Census Tract 4415.22, Alameda County, California",3583,279,43,34,0,17,0,17,0,17,26,42,0,17,5,10,0,17,56,38,7,11,5,7,21,23,45,29,4,9,190,81,801,240,59,49,142,71,463,121,215,71,893,143,380,106,144,77,84,57
1400000US06001441523,06001441523,"Census Tract 4415.23, Alameda County, California",2978,159,82,57,0,12,0,12,0,12,0,12,0,12,0,12,0,12,0,12,0,12,58,89,0,12,15,17,0,12,84,91,309,134,14,20,36,33,310,188,72,44,967,203,809,170,55,34,167,70
1400000US06001441524,06001441524,"Census Tract 4415.24, Alameda County, California",2793,222,25,28,0,12,0,12,0,12,0,12,0,12,0,12,0,12,0,12,3,15,0,12,0,12,37,56,0,12,22,35,122,72,8,13,35,37,231,108,177,75,968,162,1025,191,68,51,72,41
1400000US06001441601,06001441601,"Census Tract 4416.01, Alameda County, California",3404,215,83,61,0,12,0,12,15,23,0,12,0,12,19,22,8,12,21,24,0,12,19,23,16,20,32,30,73,77,43,31,969,231,85,54,182,72,538,158,187,59,652,142,337,110,28,27,97,63
1400000US06001441602,06001441602,"Census Tract 4416.02, Alameda County, California",5313,525,134,86,0,17,0,17,0,17,0,17,0,17,61,73,0,17,128,119,151,133,73,72,37,53,85,109,74,71,135,77,1508,503,22,27,170,96,601,250,354,138,1041,226,641,178,41,44,57,50
1400000US06001441700,06001441700,"Census Tract 4417, Alameda County, California",4784,409,180,115,14,23,0,17,0,17,0,17,0,17,0,17,69,58,47,60,0,17,21,30,87,57,33,31,175,152,109,87,1039,300,47,47,189,90,683,219,378,173,967,226,623,186,67,55,56,47
1400000US06001441800,06001441800,"Census Tract 4418, Alameda County, California",4906,272,41,59,0,17,0,17,0,17,0,17,0,17,0,17,96,150,26,31,0,17,27,43,7,20,17,27,9,14,110,75,974,306,69,57,264,112,543,202,370,141,1177,252,754,201,93,83,329,138
1400000US06001441921,06001441921,"Census Tract 4419.21, Alameda County, California",2647,220,14,21,0,12,0,12,3,8,11,19,8,12,7,11,0,12,87,55,11,17,54,52,26,39,9,14,62,45,25,26,389,140,85,53,103,59,283,114,159,62,785,160,449,145,25,23,52,44
1400000US06001441923,06001441923,"Census Tract 4419.23, Alameda County, California",4393,381,87,57,0,17,0,17,0,17,0,17,3,6,12,26,13,21,0,17,0,17,18,29,27,32,143,125,15,22,20,31,837,295,70,58,71,57,586,259,166,95,1316,298,872,214,56,88,81,55
1400000US06001441924,06001441924,"Census Tract 4419.24, Alameda County, California",5565,444,67,85,0,17,0,17,0,17,0,17,62,102,0,17,0,17,0,17,0,17,0,17,194,150,15,26,17,28,41,39,815,345,36,32,382,156,410,171,218,108,1904,354,1202,263,122,108,80,57
1400000US06001441925,06001441925,"Census Tract 4419.25, Alameda County, California",4946,360,0,17,0,17,0,17,0,17,0,17,0,17,0,17,0,17,0,17,0,17,0,17,0,17,53,69,0,17,96,69,264,136,23,28,65,59,250,127,192,109,2085,352,1573,340,80,69,265,138
1400000US06001441926,06001441926,"Census Tract 4419.26, Alameda County, California",2956,288,67,63,0,12,0,12,0,12,0,12,0,12,7,13,0,12,23,37,0,12,39,51,82,72,124,128,31,49,145,122,709,179,53,51,78,43,321,124,191,72,557,120,466,131,47,48,16,21
1400000US06001441927,06001441927,"Census Tract 4419.27, Alameda County, California",3088,252,0,12,0,12,0,12,7,11,0,12,0,12,12,19,0,12,0,12,15,24,0,12,30,33,29,31,9,14,34,36,258,86,37,43,62,53,293,107,163,76,1185,196,804,148,52,42,98,52
1400000US06001442000,06001442000,"Census Tract 4420, Alameda County, California",2254,119,42,38,0,12,0,12,0,12,0,12,0,12,0,12,12,18,26,28,0,12,0,12,0,12,0,12,28,30,28,19,196,82,3,8,77,54,116,50,37,28,593,137,831,121,139,58,126,52
1400000US06001442100,06001442100,"Census Tract 4421, Alameda County, California",3553,205,60,48,0,17,0,17,0,17,0,17,0,17,1,12,0,17,0,17,0,17,10,16,6,10,27,26,16,17,43,34,301,97,24,23,78,44,240,88,221,75,1204,170,1038,155,103,60,181,59
1400000US06001442200,06001442200,"Census Tract 4422, Alameda County, California",4688,250,22,28,0,17,0,17,0,17,0,17,0,17,15,25,0,17,0,17,16,26,0,17,0,17,49,43,47,67,42,46,728,260,42,40,124,59,460,139,102,60,1295,245,1285,259,164,106,297,119
1400000US06001442301,06001442301,"Census Tract 4423.01, Alameda County, California",3225,284,0,12,0,12,0,12,0,12,14,22,0,12,0,12,0,12,17,21,0,12,0,12,0,12,12,19,24,19,54,41,864,192,60,41,231,87,414,135,187,78,769,209,456,110,41,49,82,77
1400000US06001442302,06001442302,"Census Tract 4423.02, Alameda County, California",3887,364,18,29,0,17,0,17,0,17,0,17,0,17,0,17,10,16,19,23,8,12,21,32,41,56,78,94,88,84,27,32,674,191,39,48,165,89,588,174,213,74,1092,233,650,134,48,50,108,64
1400000US06001442400,06001442400,"Census Tract 4424, Alameda County, California",4974,374,20,20,0,17,0,17,2,4,19,20,67,65,0,17,17,20,58,45,0,17,36,44,103,104,107,75,49,30,123,96,1321,331,121,75,251,77,773,247,309,88,873,222,607,149,43,32,75,47
1400000US06001442500,06001442500,"Census Tract 4425, Alameda County, California",5427,432,195,121,0,17,0,17,0,17,0,17,5,12,0,17,45,58,43,50,32,37,47,51,43,46,38,51,60,53,70,60,1216,336,137,115,228,117,786,260,377,168,1448,289,585,159,50,49,22,34
1400000US06001442601,06001442601,"Census Tract 4426.01, Alameda County, California",2621,181,25,28,0,12,0,12,0,12,0,12,10,16,0,12,0,12,0,12,2,5,13,21,0,12,0,12,17,17,0,12,571,216,29,34,173,63,355,175,167,75,795,162,225,83,89,56,150,94
1400000US06001442602,06001442602,"Census Tract 4426.02, Alameda County, California",3380,281,34,32,0,12,0,12,0,12,0,12,0,12,0,12,0,12,0,12,115,104,12,20,44,66,56,47,53,60,33,28,1025,268,111,69,99,49,388,146,181,73,736,153,320,115,29,24,144,86
1400000US06001442700,06001442700,"Census Tract 4427, Alameda County, California",2184,139,4,7,0,12,0,12,13,18,0,12,27,33,0,12,8,14,8,12,7,11,0,12,0,12,0,12,8,14,44,49,317,99,58,38,171,70,274,87,226,72,630,114,310,107,48,30,31,31
1400000US06001442800,06001442800,"Census Tract 4428, Alameda County, California",2117,181,32,35,0,12,0,12,0,12,0,12,0,12,22,29,26,34,11,12,0,12,4,7,13,16,41,26,40,29,66,35,556,166,29,25,103,37,401,101,90,43,395,105,222,73,28,22,38,28
1400000US06001442900,06001442900,"Census Tract 4429, Alameda County, California",5353,398,225,125,0,17,0,17,0,17,0,17,0,17,0,17,27,33,36,37,0,17,23,38,19,29,0,17,1,3,96,72,1410,298,198,106,288,115,685,210,383,178,1259,276,506,156,145,90,52,42
1400000US06001443001,06001443001,"Census Tract 4430.01, Alameda County, California",2052,179,42,30,0,12,0,12,0,12,0,12,0,12,7,12,6,9,9,17,20,30,0,12,6,9,44,51,13,14,53,33,688,208,10,13,117,53,292,70,193,58,397,121,145,88,2,5,8,9
1400000US06001443002,06001443002,"Census Tract 4430.02, Alameda County, California",4014,241,43,32,0,17,0,17,0,17,0,17,0,17,0,17,27,40,0,17,111,103,45,48,8,12,9,13,52,42,88,49,1144,235,129,73,152,70,574,143,312,106,715,160,436,120,62,56,107,56
1400000US06001443102,06001443102,"Census Tract 4431.02, Alameda County, California",3482,177,28,32,0,12,0,12,0,12,0,12,0,12,0,12,0,12,24,27,0,12,15,22,0,12,54,57,8,12,26,30,269,120,30,28,40,27,360,87,175,78,1171,213,967,162,155,76,160,59
1400000US06001443103,06001443103,"Census Tract 4431.03, Alameda County, California",2963,265,39,50,0,12,0,12,0,12,0,12,0,12,0,12,0,12,0,12,0,12,52,46,0,12,19,20,13,21,42,47,91,59,18,21,26,23,168,86,109,55,934,245,1131,184,169,79,152,76
1400000US06001443104,06001443104,"Census Tract 4431.04, Alameda County, California",3684,161,12,19,0,17,0,17,0,17,0,17,0,17,0,17,0,17,0,17,0,17,17,26,12,19,13,22,7,11,30,31,333,128,72,56,88,50,282,108,246,93,1042,166,1089,184,221,91,220,80
1400000US06001443105,06001443105,"Census Tract 4431.05, Alameda County, California",3062,187,0,12,0,12,0,12,0,12,0,12,0,12,0,12,0,12,0,12,0,12,0,12,9,15,6,10,30,44,0,12,161,77,0,12,73,49,215,99,194,83,1298,183,850,191,130,74,96,55
1400000US06001443200,06001443200,"Census Tract 4432, Alameda County, California",2724,198,26,44,0,12,0,12,0,12,0,12,0,12,0,12,35,51,0,12,0,12,16,25,0,12,16,25,14,20,0,12,225,106,8,12,55,43,177,94,80,50,964,181,790,171,204,102,114,63
1400000US06001443301,06001443301,"Census Tract 4433.01, Alameda County, California",2683,194,13,14,0,12,0,12,0,12,0,12,0,12,14,22,0,12,0,12,0,12,20,29,11,17,12,18,0,12,24,27,304,131,40,32,100,49,240,92,272,101,852,182,662,143,35,27,84,59
1400000US06001443321,06001443321,"Census Tract 4433.21, Alameda County, California",2356,151,27,27,0,12,0,12,12,18,0,12,0,12,0,12,0,12,18,28,0,12,0,12,63,52,0,12,0,12,73,56,263,84,11,17,30,23,265,107,136,59,668,121,626,102,24,23,140,56
1400000US06001443322,06001443322,"Census Tract 4433.22, Alameda County, California",2267,124,39,31,0,12,0,12,0,12,0,12,9,14,0,12,0,12,17,17,0,12,30,29,15,14,0,12,0,12,34,22,263,105,12,13,50,27,208,54,203,60,721,117,475,93,39,29,152,55
1400000US06001444100,06001444100,"Census Tract 4441, Alameda County, California",5692,368,4,10,0,17,0,17,0,17,0,17,30,42,15,24,16,27,80,67,24,38,23,31,53,47,81,66,106,87,84,51,1460,432,93,61,339,117,1185,301,402,151,1137,294,481,148,0,17,79,66
1400000US06001444200,06001444200,"Census Tract 4442, Alameda County, California",4672,332,119,68,0,17,0,17,9,15,0,17,11,20,44,47,17,18,31,48,46,63,80,56,51,43,99,66,38,30,86,54,1471,283,62,41,180,77,859,198,505,140,694,182,204,72,41,34,25,26
1400000US06001444301,06001444301,"Census Tract 4443.01, Alameda County, California",2550,181,47,45,0,12,0,12,0,12,0,12,0,12,0,12,17,26,7,10,9,16,26,27,20,22,79,61,16,23,28,26,614,147,50,42,170,84,468,139,138,79,439,139,261,77,109,61,52,46
1400000US06001444302,06001444302,"Census Tract 4443.02, Alameda County, California",2873,204,60,48,0,12,0,12,0,12,0,12,0,12,0,12,32,42,23,26,60,50,35,39,48,56,14,16,53,47,60,42,1265,268,26,29,165,80,378,136,172,75,292,90,98,51,38,30,54,45
1400000US06001444400,06001444400,"Census Tract 4444, Alameda County, California",3697,280,89,63,0,12,0,12,0,12,0,12,6,11,60,66,33,41,84,89,0,12,75,76,72,77,56,51,59,47,96,63,1241,269,72,44,147,68,544,170,220,98,650,158,160,66,8,14,25,25
1400000US06001444500,06001444500,"Census Tract 4445, Alameda County, California",4659,305,132,79,0,17,0,17,0,17,32,33,0,17,45,39,17,25,129,102,61,97,19,15,2,6,173,108,46,41,122,77,1098,314,70,60,154,72,716,242,353,116,1093,278,306,135,24,27,67,54
1400000US06001444601,06001444601,"Census Tract 4446.01, Alameda County, California",3629,320,99,60,0,17,0,17,0,17,8,15,18,23,12,22,0,17,16,16,0,17,6,12,24,26,23,26,141,125,56,43,1152,372,156,100,156,86,587,167,208,80,660,154,239,91,56,48,12,19
1400000US06001444602,06001444602,"Census Tract 4446.02, Alameda County, California",3242,277,113,96,0,12,0,12,0,12,0,12,0,12,0,12,0,12,0,12,0,12,0,12,7,13,62,73,0,12,55,47,515,147,29,30,265,115,370,128,203,91,1010,167,383,148,139,77,91,62
1400000US06001450101,06001450101,"Census Tract 4501.01, Alameda County, California",3388,268,13,20,0,12,0,12,0,12,0,12,0,12,0,12,0,12,19,29,0,12,0,12,0,12,29,47,14,22,18,20,255,148,29,31,189,114,321,140,210,128,1289,214,741,160,141,83,120,126
1400000US06001450102,06001450102,"Census Tract 4501.02, Alameda County, California",5323,286,58,35,0,17,0,17,0,17,0,17,18,16,14,13,15,19,42,31,6,13,181,55,118,66,85,40,338,90,207,60,647,206,482,100,314,72,667,144,172,76,1283,176,537,164,82,45,57,50
1400000US06001450200,06001450200,"Census Tract 4502, Alameda County, California",3719,251,34,38,0,17,0,17,0,17,0,17,0,17,0,17,0,17,0,17,0,17,14,22,31,38,23,36,57,58,49,47,412,155,36,35,155,72,515,192,320,100,1347,199,581,165,51,39,94,65
1400000US06001450300,06001450300,"Census Tract 4503, Alameda County, California",3475,156,86,103,0,17,0,17,0,17,0,17,0,17,0,17,0,17,0,17,0,17,19,24,5,10,18,20,49,52,0,17,481,119,82,53,141,56,536,134,428,126,1203,197,292,116,68,91,67,38
1400000US06001450400,06001450400,"Census Tract 4504, Alameda County, California",4253,302,69,74,0,17,0,17,0,17,0,17,0,17,0,17,125,107,17,40,0,17,50,70,40,60,96,94,62,74,28,47,743,247,125,97,259,130,641,235,350,153,1265,287,253,121,100,63,30,43
1400000US06001450501,06001450501,"Census Tract 4505.01, Alameda County, California",2598,187,50,45,0,12,0,12,0,12,0,12,52,81,0,12,0,12,56,87,18,27,0,12,0,12,0,12,0,12,33,28,470,173,6,11,197,91,226,117,206,88,854,208,319,109,77,57,34,44
1400000US06001450502,06001450502,"Census Tract 4505.02, Alameda County, California",3431,214,0,17,0,17,0,17,0,17,0,17,0,17,0,17,0,17,0,17,0,17,7,12,33,38,0,17,12,17,23,24,334,134,10,17,240,93,384,140,267,94,1400,187,542,131,104,62,75,39
1400000US06001450601,06001450601,"Census Tract 4506.01, Alameda County, California",2598,201,5,7,0,12,0,12,0,12,6,10,0,12,0,12,14,19,0,12,6,10,0,12,0,12,3,5,0,12,13,12,295,129,17,20,120,62,357,126,72,51,896,147,512,99,188,78,94,39
1400000US06001450602,06001450602,"Census Tract 4506.02, Alameda County, California",6255,290,62,63,0,17,0,17,0,17,0,17,0,17,0,17,0,17,0,17,0,17,0,17,0,17,26,38,18,28,151,104,607,194,75,53,365,139,677,220,414,138,2447,301,1100,238,245,117,68,44
1400000US06001450603,06001450603,"Census Tract 4506.03, Alameda County, California",3320,162,19,21,9,14,0,12,0,12,0,12,0,12,0,12,0,12,0,12,0,12,25,33,0,12,7,11,64,59,58,39,505,158,42,34,215,71,382,106,313,85,981,157,558,130,72,43,70,53
1400000US06001450604,06001450604,"Census Tract 4506.04, Alameda County, California",3420,173,23,24,0,17,0,17,0,17,0,17,0,17,0,17,0,17,0,17,0,17,0,17,39,46,0,17,21,30,57,48,433,119,25,25,192,63,378,101,211,96,1373,145,476,107,101,47,91,43
1400000US06001450605,06001450605,"Census Tract 4506.05, Alameda County, California",2796,157,8,18,0,12,0,12,0,12,0,12,0,12,0,12,0,12,0,12,15,23,0,12,15,23,6,15,0,12,34,32,363,115,42,35,218,74,273,103,146,64,1075,166,386,95,107,74,108,52
1400000US06001450606,06001450606,"Census Tract 4506.06, Alameda County, California",4089,190,24,28,0,17,0,17,0,17,0,17,0,17,14,20,0,17,52,55,8,14,0,17,0,17,0,17,5,8,46,41,381,128,43,31,145,69,326,89,304,103,1500,189,864,180,138,76,239,90
1400000US06001450607,06001450607,"Census Tract 4506.07, Alameda County, California",3749,215,17,27,0,17,0,17,0,17,0,17,0,17,0,17,0,17,0,17,0,17,13,19,0,17,33,34,54,46,129,118,656,218,87,69,211,124,584,212,203,90,996,213,569,217,8,13,189,121
1400000US06001450701,06001450701,"Census Tract 4507.01, Alameda County, California",5493,286,0,17,2,5,0,17,0,17,0,17,12,17,11,16,31,47,33,41,17,27,0,17,0,17,42,45,15,25,14,21,376,185,21,29,161,79,652,165,241,105,2213,317,1236,259,225,108,191,99
1400000US06001450741,06001450741,"Census Tract 4507.41, Alameda County, California",3690,368,12,19,0,17,0,17,4,8,0,17,4,8,0,17,31,32,40,49,0,17,54,68,169,259,8,16,64,43,61,46,577,172,21,23,251,91,741,184,211,91,889,173,448,123,41,32,64,40
1400000US06001450742,06001450742,"Census Tract 4507.42, Alameda County, California",3222,166,30,29,0,12,0,12,0,12,0,12,0,12,10,16,0,12,11,16,7,12,8,13,7,10,24,39,20,20,33,33,406,107,25,27,172,71,270,141,348,111,1027,190,631,143,52,33,141,67
1400000US06001450743,06001450743,"Census Tract 4507.43, Alameda County, California",3781,300,10,15,0,17,0,17,28,45,0,17,11,17,0,17,0,17,9,14,26,27,45,57,32,33,67,93,0,17,42,45,421,198,0,17,68,45,444,168,291,133,1404,245,765,208,40,33,78,53
1400000US06001450744,06001450744,"Census Tract 4507.44, Alameda County, California",3234,171,53,52,0,17,0,17,0,17,0,17,0,17,0,17,0,17,0,17,0,17,0,17,2,5,13,15,16,25,19,26,416,136,20,17,89,45,479,127,319,116,1135,198,485,127,122,86,66,36
1400000US06001450745,06001450745,"Census Tract 4507.45, Alameda County, California",4054,200,53,65,0,17,0,17,0,17,16,26,0,17,0,17,0,17,0,17,0,17,59,76,17,28,11,19,6,11,11,17,299,104,18,22,188,85,423,145,230,97,1311,222,947,194,96,64,369,115
1400000US06001450746,06001450746,"Census Tract 4507.46, Alameda County, California",2280,105,6,9,0,12,0,12,0,12,0,12,0,12,0,12,0,12,0,12,0,12,20,30,0,12,21,33,0,12,27,22,252,90,8,14,260,132,295,91,227,102,744,165,296,105,73,66,51,38
1400000US06001450750,06001450750,"Census Tract 4507.50, Alameda County, California",3210,222,34,53,0,12,0,12,0,12,22,37,0,12,0,12,0,12,0,12,0,12,63,84,0,12,31,27,0,12,110,75,291,124,10,16,106,59,343,206,292,121,1238,274,479,155,71,50,120,69
1400000US06001450751,06001450751,"Census Tract 4507.51, Alameda County, California",3761,244,14,21,0,17,0,17,0,17,0,17,0,17,20,31,44,67,11,19,0,17,13,20,0,17,15,23,0,17,47,41,131,81,10,16,119,73,153,69,214,113,1454,188,1142,176,196,83,178,106
1400000US06001450752,06001450752,"Census Tract 4507.52, Alameda County, California",3500,325,72,55,0,17,0,17,0,17,0,17,0,17,0,17,14,24,26,40,18,29,7,11,20,24,0,17,17,26,66,45,429,227,25,40,82,47,563,313,191,80,1118,212,588,161,129,70,135,72
1400000US06001451101,06001451101,"Census Tract 4511.01, Alameda County, California",4788,302,21,25,0,17,0,17,0,17,0,17,2,5,0,17,1,2,8,12,4,10,5,11,7,8,25,36,35,55,48,47,862,242,25,31,233,118,643,164,529,180,1360,275,645,218,106,76,229,104
1400000US06001451102,06001451102,"Census Tract 4511.02, Alameda County, California",2799,138,21,34,0,12,0,12,0,12,0,12,0,12,0,12,0,12,0,12,0,12,2,4,0,12,0,12,8,12,43,31,204,77,9,14,93,46,391,114,313,88,1043,153,473,102,48,31,151,60
1400000US06001451201,06001451201,"Census Tract 4512.01, Alameda County, California",4658,286,21,25,0,17,0,17,0,17,0,17,12,23,0,17,0,17,0,17,0,17,0,17,0,17,17,23,33,39,62,62,601,218,67,57,336,112,1113,278,633,265,1129,259,503,198,74,54,57,61
1400000US06001451202,06001451202,"Census Tract 4512.02, Alameda County, California",3043,216,14,19,0,12,0,12,0,12,0,12,0,12,0,12,0,12,13,19,0,12,0,12,31,28,12,17,70,47,54,35,689,171,49,48,182,86,544,146,293,96,775,183,246,122,41,40,30,28
1400000US06001451300,06001451300,"Census Tract 4513, Alameda County, California",4680,287,58,54,0,17,0,17,0,17,0,17,12,19,0,17,0,17,0,17,0,17,37,58,0,17,60,96,34,40,98,78,922,251,56,48,306,111,854,266,504,164,1170,283,370,127,151,94,48,54
1400000US06001451401,06001451401,"Census Tract 4514.01, Alameda County, California",4492,255,8,9,0,17,0,17,0,17,0,17,0,17,22,35,0,17,38,60,0,17,76,77,155,157,49,58,43,52,14,22,743,236,49,59,445,210,633,202,303,129,1099,232,496,189,169,94,150,108
1400000US06001451403,06001451403,"Census Tract 4514.03, Alameda County, California",1557,133,5,8,0,12,0,12,0,12,0,12,0,12,0,12,4,7,0,12,18,25,50,52,26,24,21,25,5,7,15,16,332,108,19,20,130,54,247,68,158,61,465,116,52,36,10,10,0,12
1400000US06001451404,06001451404,"Census Tract 4514.04, Alameda County, California",3757,349,124,81,0,17,0,17,0,17,25,39,21,39,0,17,16,26,344,156,0,17,32,35,213,164,63,66,16,24,89,53,973,212,22,29,256,103,558,176,226,114,514,145,134,91,36,33,95,61
1400000US06001451501,06001451501,"Census Tract 4515.01, Alameda County, California",3206,181,18,20,0,12,0,12,0,12,24,39,23,39,0,12,0,12,30,50,0,12,30,45,0,12,0,12,29,25,155,107,532,135,40,50,177,73,452,97,330,127,744,135,340,91,65,64,217,108
1400000US06001451503,06001451503,"Census Tract 4515.03, Alameda County, California",3991,369,0,17,0,17,0,17,0,17,20,35,0,17,0,17,0,17,211,122,56,56,0,17,0,17,100,94,25,28,24,33,643,174,43,42,293,154,799,251,512,215,803,208,274,123,40,42,148,79
1400000US06001451504,06001451504,"Census Tract 4515.04, Alameda County, California",1138,87,8,11,0,12,0,12,0,12,0,12,0,12,8,12,6,9,18,20,0,12,0,12,0,12,16,17,22,33,26,31,190,74,5,8,77,39,210,81,136,44,260,77,87,41,6,9,63,48
1400000US06001451505,06001451505,"Census Tract 4515.05, Alameda County, California",2355,114,0,12,0,12,0,12,0,12,0,12,17,29,0,12,0,12,0,12,13,19,48,54,0,12,16,20,12,18,0,12,221,107,30,27,129,54,570,132,255,79,522,112,327,92,17,18,178,88
1400000US06001451506,06001451506,"Census Tract 4515.06, Alameda County, California",2253,279,24,40,0,12,0,12,0,12,0,12,0,12,0,12,0,12,76,118,188,236,54,93,6,11,20,31,69,94,18,22,480,215,32,36,146,86,341,147,279,141,313,116,107,64,20,31,80,55
1400000US06001451601,06001451601,"Census Tract 4516.01, Alameda County, California",3631,217,11,16,0,17,0,17,0,17,0,17,0,17,10,15,0,17,10,15,14,24,0,17,18,30,22,28,31,29,86,58,451,101,9,15,265,89,404,126,252,77,1388,199,445,114,58,39,157,56
1400000US06001451602,06001451602,"Census Tract 4516.02, Alameda County, California",5099,318,28,31,0,17,0,17,0,17,0,17,14,23,11,18,4,9,0,17,0,17,29,33,24,33,54,67,100,101,112,135,582,178,38,39,397,163,750,173,524,159,1600,313,621,166,83,66,128,70
1400000US06001451701,06001451701,"Census Tract 4517.01, Alameda County, California",1967,157,44,42,0,12,0,12,0,12,0,12,0,12,0,12,0,12,0,12,0,12,0,12,0,12,9,17,46,55,98,72,479,122,35,29,115,62,373,113,211,80,430,138,94,53,17,20,16,19
1400000US06001451703,06001451703,"Census Tract 4517.03, Alameda County, California",3017,201,30,30,0,12,0,12,0,12,0,12,0,12,0,12,0,12,27,32,0,12,11,18,0,12,0,12,28,36,58,45,411,118,23,22,216,75,585,168,365,127,976,200,201,86,14,21,72,46
1400000US06001451704,06001451704,"Census Tract 4517.04, Alameda County, California",3001,217,14,22,0,12,0,12,0,12,0,12,0,12,0,12,37,55,75,89,0,12,13,20,0,12,17,25,37,24,38,29,483,204,38,31,169,74,527,149,291,91,746,163,344,110,32,32,140,71
1400000US06001981900,06001981900,"Census Tract 9819, Alameda County, California",23,11,0,12,0,12,0,12,0,12,0,12,0,12,0,12,0,12,0,12,0,12,0,12,0,12,0,12,0,12,0,12,0,12,0,12,3,5,3,5,0,12,13,15,4,6,0,12,0,12
1400000US06001982000,06001982000,"Census Tract 9820, Alameda County, California",57,18,0,12,0,12,0,12,0,12,0,12,0,12,0,12,0,12,0,12,0,12,0,12,0,12,0,12,0,12,0,12,12,12,0,12,0,12,3,6,0,12,27,15,15,12,0,12,0,12
1400000US06001983200,06001983200,"Census Tract 9832, Alameda County, California",533,57,4,6,0,12,0,12,0,12,0,12,0,12,0,12,0,12,0,12,0,12,2,5,0,12,3,6,7,10,6,8,58,10,9,11,22,20,21,16,8,8,204,43,108,34,63,26,18,16
1400000US06001990000,06001990000,"Census Tract 9900, Alameda County, California",0,12,0,12,0,12,0,12,0,12,0,12,0,12,0,12,0,12,0,12,0,12,0,12,0,12,0,12,0,12,0,12,0,12,0,12,0,12,0,12,0,12,0,12,0,12,0,12,0,12
