GEO.id,GEO.id2,GEO.display-label,HD01_VD01,HD02_VD01,HD01_VD02,HD02_VD02,HD01_VD03,HD02_VD03,HD01_VD04,HD02_VD04,HD01_VD05,HD02_VD05,HD01_VD06,HD02_VD06,HD01_VD07,HD02_VD07,HD01_VD08,HD02_VD08,HD01_VD09,HD02_VD09,HD01_VD10,HD02_VD10,HD01_VD11,HD02_VD11,HD01_VD12,HD02_VD12,HD01_VD13,HD02_VD13,HD01_VD14,HD02_VD14,HD01_VD15,HD02_VD15,HD01_VD16,HD02_VD16,HD01_VD17,HD02_VD17,HD01_VD18,HD02_VD18,HD01_VD19,HD02_VD19,HD01_VD20,HD02_VD20,HD01_VD21,HD02_VD21,HD01_VD22,HD02_VD22,HD01_VD23,HD02_VD23,HD01_VD24,HD02_VD24,HD01_VD25,HD02_VD25
Id,Id2,Geography,Estimate; Total:,Margin of Error; Total:,Estimate; Total: - No schooling completed,Margin of Error; Total: - No schooling completed,Estimate; Total: - Nursery school,Margin of Error; Total: - Nursery school,Estimate; Total: - Kindergarten,Margin of Error; Total: - Kindergarten,Estimate; Total: - 1st grade,Margin of Error; Total: - 1st grade,Estimate; Total: - 2nd grade,Margin of Error; Total: - 2nd grade,Estimate; Total: - 3rd grade,Margin of Error; Total: - 3rd grade,Estimate; Total: - 4th grade,Margin of Error; Total: - 4th grade,Estimate; Total: - 5th grade,Margin of Error; Total: - 5th grade,Estimate; Total: - 6th grade,Margin of Error; Total: - 6th grade,Estimate; Total: - 7th grade,Margin of Error; Total: - 7th grade,Estimate; Total: - 8th grade,Margin of Error; Total: - 8th grade,Estimate; Total: - 9th grade,Margin of Error; Total: - 9th grade,Estimate; Total: - 10th grade,Margin of Error; Total: - 10th grade,Estimate; Total: - 11th grade,Margin of Error; Total: - 11th grade,"Estimate; Total: - 12th grade, no diploma","Margin of Error; Total: - 12th grade, no diploma",Estimate; Total: - Regular high school diploma,Margin of Error; Total: - Regular high school diploma,Estimate; Total: - GED or alternative credential,Margin of Error; Total: - GED or alternative credential,"Estimate; Total: - Some college, less than 1 year","Margin of Error; Total: - Some college, less than 1 year","Estimate; Total: - Some college, 1 or more years, no degree","Margin of Error; Total: - Some college, 1 or more years, no degree",Estimate; Total: - Associate's degree,Margin of Error; Total: - Associate's degree,Estimate; Total: - Bachelor's degree,Margin of Error; Total: - Bachelor's degree,Estimate; Total: - Master's degree,Margin of Error; Total: - Master's degree,Estimate; Total: - Professional school degree,Margin of Error; Total: - Professional school degree,Estimate; Total: - Doctorate degree,Margin of Error; Total: - Doctorate degree
1400000US18097310103,18097310103,"Census Tract 3101.03, Marion County, Indiana",4422,274,38,40,0,16,0,16,0,16,0,16,0,16,11,18,0,16,0,16,0,16,10,17,0,16,35,42,16,24,28,31,453,160,44,52,140,78,656,195,216,92,1611,231,616,172,350,116,198,84
1400000US18097310104,18097310104,"Census Tract 3101.04, Marion County, Indiana",2838,187,32,39,0,11,0,11,0,11,0,11,0,11,0,11,0,11,0,11,0,11,11,19,18,22,20,26,0,11,0,11,547,185,0,11,143,89,404,149,282,165,916,232,335,125,62,45,68,77
1400000US18097310105,18097310105,"Census Tract 3101.05, Marion County, Indiana",2500,153,2,3,0,11,0,11,0,11,0,11,0,11,0,11,8,13,30,37,0,11,76,67,10,15,0,11,32,48,13,14,448,113,103,56,147,59,327,113,152,60,783,146,291,96,60,33,18,20
1400000US18097310106,18097310106,"Census Tract 3101.06, Marion County, Indiana",2733,319,9,22,0,11,0,11,0,11,0,11,48,76,0,11,0,11,10,17,0,11,3,7,77,89,39,37,19,20,68,51,628,262,138,112,135,89,723,197,68,47,422,134,216,93,99,62,31,32
1400000US18097310108,18097310108,"Census Tract 3101.08, Marion County, Indiana",2600,202,8,13,0,11,0,11,0,11,0,11,0,11,0,11,0,11,0,11,13,19,0,11,0,11,10,15,0,11,9,13,359,127,82,66,98,64,270,118,152,64,938,161,388,90,184,67,89,39
1400000US18097310110,18097310110,"Census Tract 3101.10, Marion County, Indiana",1907,221,14,20,0,11,0,11,0,11,0,11,0,11,0,11,0,11,0,11,0,11,0,11,43,56,0,11,5,11,0,11,230,111,46,56,73,49,402,187,244,101,490,127,261,99,85,48,14,17
1400000US18097310111,18097310111,"Census Tract 3101.11, Marion County, Indiana",2456,347,21,32,0,11,0,11,0,11,23,31,0,11,0,11,0,11,0,11,0,11,25,34,15,21,0,11,55,48,8,13,338,128,137,102,137,73,485,196,186,98,628,205,207,100,113,72,78,61
1400000US18097310201,18097310201,"Census Tract 3102.01, Marion County, Indiana",2379,233,13,21,12,20,0,11,0,11,0,11,0,11,0,11,0,11,36,42,0,11,23,32,56,76,22,21,45,44,22,27,471,162,75,54,81,40,365,112,171,72,690,193,220,67,40,33,37,31
1400000US18097310203,18097310203,"Census Tract 3102.03, Marion County, Indiana",3548,314,36,41,3,6,0,16,98,146,0,16,58,96,0,16,0,16,143,151,3,6,99,103,29,30,60,69,51,66,16,28,764,221,193,143,91,92,400,206,155,86,891,239,240,78,174,95,44,67
1400000US18097310204,18097310204,"Census Tract 3102.04, Marion County, Indiana",3695,370,92,59,0,16,0,16,0,16,0,16,0,16,0,16,0,16,8,13,0,16,22,22,27,29,40,48,114,84,54,55,916,232,236,122,168,82,624,235,364,149,721,209,268,116,33,33,8,12
1400000US18097310305,18097310305,"Census Tract 3103.05, Marion County, Indiana",3722,370,65,55,0,16,0,16,0,16,0,16,0,16,0,16,0,16,215,206,0,16,105,103,16,27,32,36,186,129,47,51,708,198,157,98,263,130,813,241,300,104,643,176,136,71,20,31,16,27
1400000US18097310306,18097310306,"Census Tract 3103.06, Marion County, Indiana",3582,439,30,33,0,16,0,16,71,110,62,96,0,16,0,16,0,16,138,208,0,16,48,60,132,134,121,97,328,245,141,110,1037,271,172,81,211,95,432,151,300,113,214,93,145,105,0,16,0,16
1400000US18097310308,18097310308,"Census Tract 3103.08, Marion County, Indiana",2118,215,48,45,0,11,0,11,0,11,0,11,0,11,0,11,0,11,45,43,0,11,0,11,60,66,8,12,7,12,0,11,268,112,131,99,158,80,439,158,171,77,481,129,217,61,22,21,63,44
1400000US18097310309,18097310309,"Census Tract 3103.09, Marion County, Indiana",2352,292,41,39,0,11,0,11,0,11,0,11,35,47,0,11,10,16,0,11,0,11,63,88,74,92,9,15,112,113,9,14,519,165,140,119,147,78,468,184,323,115,303,110,99,69,0,11,0,11
1400000US18097310310,18097310310,"Census Tract 3103.10, Marion County, Indiana",2994,258,81,128,0,11,0,11,0,11,0,11,0,11,0,11,0,11,0,11,0,11,0,11,9,14,15,18,87,97,29,46,606,157,43,30,262,94,509,154,284,128,661,152,296,108,85,62,27,30
1400000US18097310311,18097310311,"Census Tract 3103.11, Marion County, Indiana",3268,309,39,50,0,16,0,16,0,16,0,16,0,16,0,16,0,16,37,41,13,21,23,23,18,21,30,31,66,54,42,46,765,204,72,52,260,117,567,178,367,139,534,155,317,117,67,39,51,36
1400000US18097310312,18097310312,"Census Tract 3103.12, Marion County, Indiana",3586,459,31,51,0,16,0,16,0,16,79,127,26,44,81,129,0,16,182,173,0,16,0,16,62,99,12,21,0,16,9,17,709,229,380,188,272,149,570,198,343,234,504,167,229,121,97,73,0,16
1400000US18097320105,18097320105,"Census Tract 3201.05, Marion County, Indiana",3114,242,86,107,0,11,0,11,0,11,0,11,0,11,0,11,0,11,68,55,0,11,21,31,2,19,79,63,26,27,33,31,380,149,129,92,179,75,573,168,132,87,880,200,389,105,130,66,7,11
1400000US18097320106,18097320106,"Census Tract 3201.06, Marion County, Indiana",1632,177,0,11,0,11,0,11,0,11,0,11,0,11,0,11,0,11,0,11,18,38,0,11,9,19,0,11,18,25,5,16,290,118,72,60,42,26,187,77,133,77,553,107,161,81,112,52,32,25
1400000US18097320107,18097320107,"Census Tract 3201.07, Marion County, Indiana",1493,134,0,11,0,11,0,11,0,11,0,11,0,11,0,11,0,11,0,11,0,11,2,5,0,11,0,11,0,11,77,73,166,43,66,34,111,55,212,85,83,26,419,72,194,55,112,47,51,26
1400000US18097320108,18097320108,"Census Tract 3201.08, Marion County, Indiana",2972,365,32,57,0,11,0,11,0,11,0,11,0,11,0,11,33,55,23,31,17,31,63,73,16,22,137,113,5,8,37,35,634,206,31,33,216,138,714,222,400,206,485,190,129,98,0,11,0,11
1400000US18097320109,18097320109,"Census Tract 3201.09, Marion County, Indiana",1937,110,7,10,0,11,0,11,0,11,0,11,0,11,0,11,18,27,0,11,0,11,57,43,0,11,6,9,3,6,16,18,222,76,7,11,91,44,205,72,191,85,616,119,367,81,96,52,35,25
1400000US18097320202,18097320202,"Census Tract 3202.02, Marion County, Indiana",3135,201,21,44,0,11,0,11,0,11,0,11,0,11,21,33,0,11,4,8,0,11,9,14,10,15,13,16,15,22,0,11,258,85,21,15,47,34,308,95,147,57,1307,192,590,131,204,73,160,63
1400000US18097320203,18097320203,"Census Tract 3202.03, Marion County, Indiana",2535,186,30,40,0,11,0,11,0,11,0,11,0,11,0,11,0,11,0,11,0,11,32,26,27,36,57,51,57,65,26,33,336,100,109,79,132,46,398,113,58,35,877,162,311,84,60,52,25,28
1400000US18097320204,18097320204,"Census Tract 3202.04, Marion County, Indiana",3443,401,70,73,0,16,0,16,0,16,0,16,39,61,18,27,0,16,37,43,16,26,29,43,19,32,76,82,102,116,0,16,670,308,81,84,126,74,513,132,286,149,940,253,382,145,14,23,25,29
1400000US18097320301,18097320301,"Census Tract 3203.01, Marion County, Indiana",2882,191,35,34,0,11,0,11,0,11,0,11,0,11,0,11,0,11,18,29,0,11,0,11,1,3,10,15,20,24,14,14,420,102,19,28,96,47,284,86,182,75,1096,166,434,99,208,80,45,32
1400000US18097320303,18097320303,"Census Tract 3203.03, Marion County, Indiana",2132,260,0,11,0,11,0,11,0,11,0,11,0,11,0,11,0,11,20,32,0,11,21,21,7,10,0,11,0,11,6,9,280,88,37,38,118,76,189,67,151,63,939,162,275,119,80,74,9,13
1400000US18097320304,18097320304,"Census Tract 3203.04, Marion County, Indiana",4481,376,2,4,5,10,0,16,0,16,0,16,0,16,0,16,0,16,5,10,11,17,0,16,5,11,8,19,23,28,0,16,409,145,80,72,116,100,550,195,214,106,1820,317,737,174,362,149,134,67
1400000US18097320400,18097320400,"Census Tract 3204, Marion County, Indiana",2232,182,26,29,0,11,0,11,3,6,0,11,0,11,0,11,0,11,0,11,0,11,0,11,0,11,16,24,40,46,20,20,468,140,49,44,155,74,474,134,97,54,450,129,261,88,133,125,40,30
1400000US18097320500,18097320500,"Census Tract 3205, Marion County, Indiana",2039,180,18,23,0,11,0,11,0,11,0,11,0,11,0,11,0,11,0,11,0,11,0,11,0,11,42,45,97,86,8,13,368,146,51,38,42,34,175,74,81,41,543,114,401,125,167,66,46,28
1400000US18097320600,18097320600,"Census Tract 3206, Marion County, Indiana",1784,155,25,30,0,11,0,11,0,11,0,11,8,13,0,11,0,11,0,11,0,11,0,11,42,31,16,18,28,26,7,11,288,77,84,59,118,48,256,94,181,72,542,120,75,36,36,38,78,54
1400000US18097320700,18097320700,"Census Tract 3207, Marion County, Indiana",1450,180,0,11,0,11,0,11,0,11,0,11,0,11,0,11,0,11,0,11,0,11,0,11,27,38,0,11,0,11,0,11,161,102,9,14,52,48,219,102,57,48,483,123,285,78,62,39,95,53
1400000US18097320800,18097320800,"Census Tract 3208, Marion County, Indiana",2135,118,32,44,2,3,0,11,0,11,0,11,0,11,0,11,0,11,0,11,0,11,9,12,0,11,9,20,2,4,0,11,167,59,5,10,46,47,252,69,50,25,816,103,428,71,218,38,99,34
1400000US18097320901,18097320901,"Census Tract 3209.01, Marion County, Indiana",4272,264,69,87,0,16,0,16,0,16,0,16,0,16,0,16,0,16,6,13,0,16,72,61,7,16,9,15,23,28,22,30,589,180,55,46,202,113,680,286,316,125,1189,202,834,247,166,97,33,39
1400000US18097320902,18097320902,"Census Tract 3209.02, Marion County, Indiana",2502,211,39,37,0,11,10,17,0,11,0,11,0,11,0,11,0,11,31,52,0,11,13,21,28,32,48,59,29,40,21,23,367,129,116,64,184,84,561,158,309,133,443,133,256,79,29,29,18,21
1400000US18097320903,18097320903,"Census Tract 3209.03, Marion County, Indiana",2769,277,4,7,0,11,0,11,0,11,0,11,0,11,0,11,40,66,119,109,32,37,85,71,48,40,79,70,130,88,56,52,1018,217,117,75,226,97,322,112,158,71,262,103,73,41,0,11,0,11
1400000US18097321001,18097321001,"Census Tract 3210.01, Marion County, Indiana",1866,180,42,69,22,35,0,11,20,28,0,11,15,24,0,11,0,11,0,11,0,11,9,19,0,11,63,44,62,43,38,34,566,134,96,52,131,63,288,82,165,75,258,78,80,48,11,20,0,11
1400000US18097321002,18097321002,"Census Tract 3210.02, Marion County, Indiana",2983,259,81,72,0,11,0,11,0,11,45,49,34,35,0,11,0,11,0,11,0,11,53,63,29,44,59,48,50,64,48,34,417,152,46,36,237,105,257,106,198,95,700,153,413,125,205,84,111,66
1400000US18097321100,18097321100,"Census Tract 3211, Marion County, Indiana",2643,152,0,11,0,11,0,11,0,11,0,11,0,11,0,11,2,3,2,4,0,11,53,49,33,47,45,46,56,29,89,65,257,92,59,36,105,65,526,155,88,34,693,129,411,95,168,65,56,34
1400000US18097321200,18097321200,"Census Tract 3212, Marion County, Indiana",3766,212,0,11,0,11,0,11,0,11,0,11,0,11,0,11,0,11,0,11,0,11,0,11,0,11,0,11,16,25,44,39,122,80,7,13,38,36,473,167,136,95,1820,266,495,153,580,188,35,36
1400000US18097321300,18097321300,"Census Tract 3213, Marion County, Indiana",1867,224,0,11,0,11,0,11,0,11,0,11,0,11,0,11,0,11,0,11,0,11,0,11,0,11,0,11,0,11,0,11,56,40,10,16,90,50,182,75,81,52,1026,188,340,98,57,37,25,23
1400000US18097321400,18097321400,"Census Tract 3214, Marion County, Indiana",4125,362,40,42,21,33,0,16,0,16,0,16,2,4,0,16,0,16,1,3,0,16,5,9,9,18,22,29,0,16,16,26,652,192,55,53,142,80,811,230,128,80,1503,289,422,144,181,113,115,102
1400000US18097321600,18097321600,"Census Tract 3216, Marion County, Indiana",3656,371,30,47,0,16,0,16,0,16,0,16,0,16,0,16,0,16,0,16,0,16,0,16,39,42,0,16,41,40,169,120,590,272,111,79,157,114,633,244,189,133,1020,335,432,166,123,90,122,110
1400000US18097321700,18097321700,"Census Tract 3217, Marion County, Indiana",3139,289,3,8,0,11,0,11,0,11,0,11,10,17,3,8,0,11,13,20,0,11,93,105,31,33,14,18,12,18,0,11,421,132,57,34,183,92,310,130,176,82,1122,225,478,127,108,67,105,95
1400000US18097321800,18097321800,"Census Tract 3218, Marion County, Indiana",2707,229,0,11,0,11,0,11,0,11,0,11,0,11,0,11,0,11,0,11,0,11,0,11,0,11,0,11,20,30,7,12,175,77,29,26,62,38,110,55,166,80,1297,219,410,84,340,92,91,46
1400000US18097321900,18097321900,"Census Tract 3219, Marion County, Indiana",2195,212,0,16,0,16,0,16,0,16,0,16,0,16,0,16,0,16,0,16,0,16,9,20,0,16,18,15,16,23,32,30,126,71,24,27,31,22,215,69,43,29,911,202,361,94,277,88,132,61
1400000US18097322000,18097322000,"Census Tract 3220, Marion County, Indiana",2715,286,0,11,9,14,0,11,0,11,0,11,0,11,0,11,0,11,0,11,0,11,8,12,35,40,12,18,117,68,52,45,445,136,168,90,40,32,632,158,271,119,601,180,184,71,98,46,43,34
1400000US18097322100,18097322100,"Census Tract 3221, Marion County, Indiana",1989,236,0,11,0,11,0,11,0,11,0,11,0,11,0,11,0,11,0,11,0,11,0,11,8,12,94,70,159,93,16,20,412,189,39,44,101,52,201,80,210,108,405,118,253,114,50,40,41,50
1400000US18097322200,18097322200,"Census Tract 3222, Marion County, Indiana",1394,113,11,16,0,11,0,11,0,11,0,11,0,11,0,11,0,11,0,11,0,11,23,29,0,11,14,12,23,27,24,20,286,80,43,43,68,37,213,71,61,37,322,66,143,38,131,46,32,20
1400000US18097322300,18097322300,"Census Tract 3223, Marion County, Indiana",1878,159,0,11,0,11,0,11,0,11,0,11,0,11,0,11,0,11,0,11,0,11,0,11,0,11,29,26,12,13,15,23,121,73,22,19,118,59,231,88,87,48,743,141,368,91,101,48,31,25
1400000US18097322400,18097322400,"Census Tract 3224, Marion County, Indiana",2348,280,15,18,0,11,0,11,0,11,0,11,9,14,0,11,0,11,0,11,9,16,10,15,3,7,19,25,0,11,55,48,419,127,33,36,186,93,572,146,352,102,453,124,175,64,38,31,0,11
1400000US18097322500,18097322500,"Census Tract 3225, Marion County, Indiana",1080,153,11,11,0,11,0,11,12,17,25,40,0,11,0,11,0,11,36,31,10,11,7,10,16,16,18,19,88,52,61,60,262,90,29,23,59,39,209,82,49,36,132,49,51,27,0,11,5,8
1400000US18097322600,18097322600,"Census Tract 3226, Marion County, Indiana",2350,267,15,18,0,11,6,10,0,11,0,11,0,11,0,11,0,11,7,13,11,18,0,11,61,83,106,77,177,79,57,44,630,156,108,84,212,80,443,144,206,107,195,102,86,59,14,19,16,24
1400000US18097322700,18097322700,"Census Tract 3227, Marion County, Indiana",1642,157,0,11,0,11,0,11,0,11,0,11,0,11,0,11,0,11,0,11,0,11,12,14,15,16,125,89,51,51,37,30,375,107,128,52,98,55,295,120,95,48,241,106,123,49,12,15,35,44
1400000US18097330103,18097330103,"Census Tract 3301.03, Marion County, Indiana",4075,347,24,32,0,16,0,16,0,16,0,16,0,16,0,16,58,94,0,16,0,16,6,12,52,55,28,40,34,29,5,10,519,168,125,118,223,124,503,196,349,161,1627,302,405,157,84,88,33,40
1400000US18097330105,18097330105,"Census Tract 3301.05, Marion County, Indiana",3587,306,33,43,0,16,0,16,0,16,18,28,0,16,0,16,10,17,35,58,11,18,26,41,0,16,16,26,68,54,28,46,911,211,9,13,175,88,478,142,137,69,1115,206,471,210,0,16,46,43
1400000US18097330106,18097330106,"Census Tract 3301.06, Marion County, Indiana",2968,407,0,11,0,11,0,11,0,11,0,11,0,11,0,11,0,11,56,79,9,19,61,88,168,221,36,44,73,75,6,11,518,185,31,38,191,100,577,177,181,103,851,230,158,81,29,32,23,31
1400000US18097330107,18097330107,"Census Tract 3301.07, Marion County, Indiana",4617,329,0,16,0,16,0,16,0,16,0,16,0,16,0,16,0,16,0,16,0,16,0,16,0,16,0,16,75,41,34,73,505,131,77,83,150,110,576,193,343,190,1692,249,884,199,206,119,75,73
1400000US18097330108,18097330108,"Census Tract 3301.08, Marion County, Indiana",2666,165,20,20,0,11,0,11,0,11,0,11,0,11,0,11,0,11,0,11,0,11,41,63,0,11,27,41,0,11,48,38,267,99,21,24,72,41,252,85,164,75,978,157,554,123,149,81,73,44
1400000US18097330109,18097330109,"Census Tract 3301.09, Marion County, Indiana",3709,263,38,50,0,11,0,11,0,11,0,11,0,11,0,11,0,11,95,92,0,11,0,11,0,11,4,9,30,34,9,16,441,139,108,92,186,98,490,212,340,147,1198,250,604,169,63,47,103,63
1400000US18097330202,18097330202,"Census Tract 3302.02, Marion County, Indiana",5879,370,76,114,0,18,0,18,0,18,0,18,0,18,13,20,13,20,54,86,14,21,21,24,73,53,122,114,145,123,232,166,1578,360,119,87,614,189,1107,341,506,187,897,233,245,114,23,28,27,32
1400000US18097330203,18097330203,"Census Tract 3302.03, Marion County, Indiana",4099,281,0,16,0,16,0,16,0,16,0,16,0,16,0,16,0,16,0,16,0,16,0,16,0,16,0,16,0,16,0,16,382,132,27,44,221,92,477,170,232,104,1577,264,762,185,367,128,54,46
1400000US18097330204,18097330204,"Census Tract 3302.04, Marion County, Indiana",3997,286,0,16,0,16,0,16,0,16,50,76,0,16,0,16,0,16,12,27,6,18,0,16,12,19,15,27,41,47,58,48,763,191,17,28,253,151,512,154,292,117,1153,243,616,150,103,70,94,54
1400000US18097330206,18097330206,"Census Tract 3302.06, Marion County, Indiana",3031,184,0,11,0,11,0,11,0,11,0,11,0,11,0,11,0,11,10,16,0,11,0,11,23,26,12,19,30,44,0,11,539,154,50,44,234,93,379,108,365,114,788,162,528,160,39,49,34,43
1400000US18097330208,18097330208,"Census Tract 3302.08, Marion County, Indiana",1973,184,0,11,0,11,0,11,0,11,0,11,0,11,0,11,0,11,0,11,0,11,7,11,13,16,19,25,19,23,0,11,233,110,38,54,208,82,341,138,98,44,760,113,190,79,15,17,32,23
1400000US18097330209,18097330209,"Census Tract 3302.09, Marion County, Indiana",6003,393,25,38,0,16,0,16,0,16,0,16,1,2,0,16,0,16,26,33,23,35,0,16,61,56,137,86,164,112,33,43,949,242,23,26,347,166,978,237,475,199,1921,479,729,217,47,43,64,60
1400000US18097330401,18097330401,"Census Tract 3304.01, Marion County, Indiana",4136,323,40,36,0,16,0,16,0,16,0,16,0,16,0,16,0,16,0,16,0,16,0,16,16,26,0,16,11,16,15,25,518,177,26,31,149,79,678,172,423,155,1278,234,694,180,199,93,89,73
1400000US18097330500,18097330500,"Census Tract 3305, Marion County, Indiana",4411,443,23,37,0,16,0,16,0,16,0,16,0,16,0,16,0,16,0,16,13,20,46,50,22,41,101,83,188,187,156,126,905,318,169,144,264,126,953,227,351,134,765,228,349,142,17,28,89,79
1400000US18097330600,18097330600,"Census Tract 3306, Marion County, Indiana",3024,399,45,65,0,16,0,16,0,16,0,16,0,16,0,16,0,16,9,15,0,16,152,217,64,46,33,28,12,21,123,110,776,264,270,144,238,86,575,212,143,88,497,160,87,71,0,16,0,16
1400000US18097330700,18097330700,"Census Tract 3307, Marion County, Indiana",4222,384,104,110,0,16,0,16,0,16,0,16,142,225,53,84,0,16,135,109,68,92,232,195,186,207,198,116,260,157,302,202,839,233,427,132,384,145,615,224,160,85,93,69,24,27,0,16,0,16
1400000US18097330803,18097330803,"Census Tract 3308.03, Marion County, Indiana",2029,323,83,90,0,11,0,11,0,11,19,32,23,38,0,11,39,51,63,75,54,49,12,19,32,49,24,28,130,112,36,46,593,177,59,57,205,100,235,96,155,89,224,123,34,32,9,14,0,11
1400000US18097330804,18097330804,"Census Tract 3308.04, Marion County, Indiana",1554,240,87,57,0,11,0,11,0,11,0,11,0,11,0,11,11,17,27,41,0,11,0,11,100,94,45,51,68,46,10,17,420,180,95,62,108,78,286,101,112,71,135,76,10,15,20,30,20,31
1400000US18097330805,18097330805,"Census Tract 3308.05, Marion County, Indiana",1850,279,35,44,0,11,0,11,24,39,0,11,30,46,71,84,26,41,57,66,0,11,6,9,6,11,157,115,80,52,81,93,480,125,107,54,113,74,346,132,138,81,93,63,0,11,0,11,0,11
1400000US18097330806,18097330806,"Census Tract 3308.06, Marion County, Indiana",2142,240,64,53,0,11,0,11,0,11,0,11,9,14,62,79,18,26,146,122,6,11,47,46,23,35,60,51,69,55,76,67,471,125,159,74,139,77,466,147,193,110,108,71,26,32,0,11,0,11
1400000US18097330900,18097330900,"Census Tract 3309, Marion County, Indiana",2915,411,14,21,0,11,15,25,0,11,0,11,0,11,0,11,0,11,40,55,0,11,29,46,72,72,31,38,207,128,81,58,949,265,396,182,171,100,296,135,215,141,333,142,66,81,0,11,0,11
1400000US18097331000,18097331000,"Census Tract 3310, Marion County, Indiana",3025,271,59,69,0,11,0,11,0,11,0,11,0,11,0,11,0,11,0,11,18,20,8,14,53,37,140,63,54,35,85,42,1205,220,73,48,244,107,638,152,225,99,160,68,63,41,0,11,0,11
1400000US18097340101,18097340101,"Census Tract 3401.01, Marion County, Indiana",2620,256,44,59,0,11,0,11,0,11,0,11,0,11,0,11,0,11,29,29,0,11,0,11,0,11,34,36,59,65,51,45,805,173,112,55,215,107,349,109,190,88,389,129,234,96,103,72,6,11
1400000US18097340102,18097340102,"Census Tract 3401.02, Marion County, Indiana",2636,296,41,33,0,11,0,11,0,11,0,11,31,43,0,11,17,21,106,81,0,11,7,15,119,79,30,26,72,53,46,40,657,154,179,114,226,110,470,181,231,114,246,112,70,49,50,62,38,38
1400000US18097340108,18097340108,"Census Tract 3401.08, Marion County, Indiana",1212,192,3,4,0,11,0,11,6,10,0,11,0,11,0,11,0,11,27,24,19,22,40,29,37,33,37,32,93,59,46,33,372,87,64,38,52,31,173,62,134,63,85,42,2,4,0,11,22,27
1400000US18097340109,18097340109,"Census Tract 3401.09, Marion County, Indiana",905,126,0,11,0,11,0,11,0,11,0,11,0,11,0,11,19,27,60,48,0,11,0,11,0,11,30,38,13,21,0,11,193,74,51,47,83,41,202,82,54,33,98,43,70,40,0,11,32,22
1400000US18097340110,18097340110,"Census Tract 3401.10, Marion County, Indiana",3228,417,0,16,0,16,0,16,0,16,0,16,0,16,42,61,0,16,60,96,0,16,79,95,25,42,196,231,55,86,69,79,666,225,253,156,290,142,733,204,297,145,418,171,45,45,0,16,0,16
1400000US18097340111,18097340111,"Census Tract 3401.11, Marion County, Indiana",2145,207,7,12,0,11,0,11,0,11,0,11,0,11,0,11,2,4,0,11,21,33,6,8,68,74,56,56,31,24,53,49,366,108,119,52,207,86,246,96,247,92,488,89,199,97,13,22,16,20
1400000US18097340112,18097340112,"Census Tract 3401.12, Marion County, Indiana",3342,332,80,76,0,11,0,11,0,11,0,11,0,11,16,25,0,11,53,70,0,11,0,11,24,27,11,23,67,75,20,23,497,166,105,58,265,150,743,233,351,189,897,254,147,67,54,64,12,19
1400000US18097340113,18097340113,"Census Tract 3401.13, Marion County, Indiana",2738,321,11,19,0,11,0,11,0,11,0,11,0,11,0,11,0,11,0,11,0,11,0,11,124,92,64,44,43,35,34,31,725,159,118,63,212,81,573,163,128,65,401,169,270,127,9,14,26,30
1400000US18097340114,18097340114,"Census Tract 3401.14, Marion County, Indiana",2975,162,0,11,0,11,0,11,0,11,0,11,0,11,0,11,0,11,0,11,0,11,23,34,6,10,92,76,54,33,14,16,723,131,230,96,237,68,442,139,253,73,702,134,151,61,39,34,9,14
1400000US18097340201,18097340201,"Census Tract 3402.01, Marion County, Indiana",2139,211,38,36,0,11,0,11,26,39,10,16,16,26,47,48,9,14,108,71,92,105,20,29,77,61,27,32,64,61,58,42,716,136,18,20,136,77,323,96,102,87,181,106,71,38,0,11,0,11
1400000US18097340202,18097340202,"Census Tract 3402.02, Marion County, Indiana",2543,230,65,50,0,11,0,11,0,11,0,11,8,13,0,11,0,11,11,18,23,23,33,41,50,43,71,52,110,70,73,48,633,139,122,67,150,90,425,116,260,97,367,114,108,51,22,26,12,18
1400000US18097340300,18097340300,"Census Tract 3403, Marion County, Indiana",4567,552,251,142,0,16,28,45,16,28,55,66,0,16,138,112,71,84,224,175,57,55,162,124,111,94,177,133,487,340,274,135,1251,307,246,190,243,122,266,137,110,65,335,147,32,36,33,44,0,16
1400000US18097340400,18097340400,"Census Tract 3404, Marion County, Indiana",2145,237,46,39,0,11,0,11,0,11,0,11,85,59,0,11,7,10,145,96,16,25,119,93,24,24,141,69,88,49,45,49,481,136,135,58,185,73,445,121,73,63,91,52,19,20,0,11,0,11
1400000US18097340500,18097340500,"Census Tract 3405, Marion County, Indiana",2323,272,60,63,0,11,0,11,0,11,0,11,0,11,0,11,0,11,22,39,20,27,10,15,55,71,30,33,137,111,45,48,555,200,169,106,198,90,459,159,198,86,225,104,129,77,0,11,11,14
1400000US18097340600,18097340600,"Census Tract 3406, Marion County, Indiana",3545,379,0,16,0,16,0,16,5,10,11,17,0,16,24,39,19,22,43,45,11,17,39,46,103,60,123,71,171,104,177,115,1252,295,214,86,233,99,430,123,198,63,390,131,74,45,22,30,6,9
1400000US18097340700,18097340700,"Census Tract 3407, Marion County, Indiana",2469,307,3,6,0,11,0,11,0,11,0,11,0,11,0,11,0,11,58,68,0,11,74,54,109,82,142,91,89,98,154,112,841,222,167,85,145,92,314,148,221,123,89,64,58,51,0,11,5,8
1400000US18097340800,18097340800,"Census Tract 3408, Marion County, Indiana",1300,132,19,21,0,11,0,11,0,11,0,11,0,11,0,11,0,11,0,11,0,11,0,11,13,14,41,36,19,27,24,18,417,113,48,28,98,35,200,65,109,52,171,60,114,51,27,31,0,11
1400000US18097340901,18097340901,"Census Tract 3409.01, Marion County, Indiana",2466,184,69,55,0,11,0,11,0,11,0,11,0,11,0,11,0,11,10,18,0,11,18,36,32,36,30,41,109,81,19,21,624,158,100,62,120,61,574,198,259,94,329,129,148,111,10,16,15,24
1400000US18097340902,18097340902,"Census Tract 3409.02, Marion County, Indiana",4123,481,45,52,0,16,0,16,0,16,0,16,34,55,0,16,0,16,0,16,0,16,13,21,41,47,32,36,126,118,174,153,1064,262,136,120,298,144,1026,267,201,100,461,200,274,174,13,23,185,143
1400000US18097341000,18097341000,"Census Tract 3410, Marion County, Indiana",1377,114,20,19,0,11,0,11,0,11,8,12,0,11,0,11,6,10,0,11,7,11,0,11,10,15,12,17,18,13,52,47,243,59,39,26,130,43,200,49,135,39,373,88,113,39,11,12,0,11
1400000US18097341100,18097341100,"Census Tract 3411, Marion County, Indiana",1465,175,31,24,0,11,0,11,0,11,0,11,0,11,0,11,23,33,64,72,12,18,79,45,74,40,48,27,72,42,32,21,457,98,155,90,68,39,161,68,90,50,90,72,9,12,0,11,0,11
1400000US18097341200,18097341200,"Census Tract 3412, Marion County, Indiana",1292,153,18,21,0,11,0,11,20,30,21,32,0,11,4,6,3,6,21,23,0,11,17,14,14,12,146,51,79,33,80,41,361,87,76,47,111,38,168,60,98,48,28,24,22,22,0,11,5,9
1400000US18097341600,18097341600,"Census Tract 3416, Marion County, Indiana",1165,167,32,34,0,11,0,11,0,11,8,12,0,11,0,11,0,11,30,25,24,36,21,21,32,32,63,48,145,78,15,17,264,85,125,57,74,48,173,78,70,37,79,34,10,16,0,11,0,11
1400000US18097341700,18097341700,"Census Tract 3417, Marion County, Indiana",3054,336,20,19,0,11,0,11,0,11,0,11,16,26,39,54,0,11,103,62,42,43,151,98,61,45,227,109,198,110,91,66,997,239,244,112,88,52,463,134,125,64,141,76,41,31,7,11,0,11
1400000US18097341902,18097341902,"Census Tract 3419.02, Marion County, Indiana",2560,212,34,37,0,11,0,11,0,11,0,11,0,11,0,11,0,11,0,11,0,11,0,11,28,31,28,38,62,37,65,51,755,208,129,76,247,88,298,121,212,100,446,110,245,90,0,11,11,17
1400000US18097341903,18097341903,"Census Tract 3419.03, Marion County, Indiana",3013,367,13,22,0,16,0,16,0,16,0,16,0,16,0,16,113,131,169,137,46,67,28,37,60,64,154,116,82,91,114,108,713,248,98,94,198,112,432,184,350,182,381,172,35,39,27,39,0,16
1400000US18097341904,18097341904,"Census Tract 3419.04, Marion County, Indiana",1473,178,40,45,0,11,0,11,0,11,5,8,22,36,0,11,6,10,211,106,0,11,28,27,111,72,18,24,38,33,30,27,316,129,30,36,51,32,141,69,84,46,227,89,80,48,33,29,2,6
1400000US18097342000,18097342000,"Census Tract 3420, Marion County, Indiana",4246,341,53,59,0,16,0,16,0,16,0,16,0,16,0,16,22,37,50,75,7,16,0,16,0,16,128,85,55,70,65,44,1025,241,308,174,218,105,669,220,486,172,935,270,166,81,0,16,59,43
1400000US18097342101,18097342101,"Census Tract 3421.01, Marion County, Indiana",3511,293,13,21,0,16,0,16,0,16,0,16,11,19,0,16,61,86,28,35,21,32,60,68,59,41,98,72,123,69,167,76,1014,208,223,94,307,116,508,133,357,117,259,88,149,64,24,28,29,33
1400000US18097342200,18097342200,"Census Tract 3422, Marion County, Indiana",3344,287,147,115,0,16,0,16,0,16,0,16,0,16,0,16,32,40,121,104,25,38,79,67,196,93,243,118,208,91,85,56,1054,215,246,79,152,64,393,163,137,64,153,73,57,42,16,25,0,16
1400000US18097342300,18097342300,"Census Tract 3423, Marion County, Indiana",4364,416,151,105,0,16,0,16,0,16,0,16,0,16,0,16,53,61,85,101,21,34,98,88,315,148,233,114,210,119,80,72,1402,320,421,187,254,132,497,207,287,136,240,134,17,27,0,16,0,16
1400000US18097342400,18097342400,"Census Tract 3424, Marion County, Indiana",1145,117,20,18,0,11,0,11,0,11,0,11,0,11,0,11,0,11,2,7,12,11,31,32,52,36,118,85,103,52,28,23,382,100,82,38,63,31,146,73,49,46,48,26,9,13,0,11,0,11
1400000US18097342500,18097342500,"Census Tract 3425, Marion County, Indiana",3113,287,128,90,0,11,0,11,0,11,0,11,2,4,8,18,1,8,136,104,46,52,78,51,48,30,270,109,111,75,87,61,911,209,330,100,237,91,345,97,186,85,163,79,26,33,0,11,0,11
1400000US18097342600,18097342600,"Census Tract 3426, Marion County, Indiana",2102,240,41,44,0,11,0,11,0,11,51,64,55,64,20,34,0,11,41,43,29,33,55,54,181,91,188,88,77,51,65,63,727,166,155,76,118,55,138,66,90,59,51,38,20,18,0,11,0,11
1400000US18097350100,18097350100,"Census Tract 3501, Marion County, Indiana",845,104,6,10,0,11,0,11,0,11,0,11,0,11,0,11,8,12,0,11,0,11,8,11,34,29,15,17,45,27,38,36,241,79,20,20,71,31,188,62,65,39,69,46,24,21,13,19,0,11
1400000US18097350300,18097350300,"Census Tract 3503, Marion County, Indiana",1548,171,16,29,0,11,0,11,0,11,0,11,24,40,0,11,0,11,0,11,0,11,0,11,0,11,107,57,63,54,143,102,372,115,118,73,124,62,217,97,108,54,210,94,31,27,15,16,0,11
1400000US18097350400,18097350400,"Census Tract 3504, Marion County, Indiana",1893,220,21,23,0,11,0,11,0,11,0,11,9,16,0,11,0,11,23,19,6,11,27,30,40,36,49,40,63,59,78,49,461,141,36,33,120,110,322,111,162,106,282,95,136,63,58,48,0,11
1400000US18097350500,18097350500,"Census Tract 3505, Marion County, Indiana",1651,225,23,22,23,33,0,11,0,11,0,11,5,7,0,11,7,10,34,32,0,11,35,29,18,21,80,46,98,62,75,41,677,198,42,24,199,70,170,84,44,39,100,38,21,16,0,11,0,11
1400000US18097350600,18097350600,"Census Tract 3506, Marion County, Indiana",3056,317,25,40,0,11,0,11,0,11,0,11,0,11,0,11,0,11,60,75,22,33,16,16,41,40,50,42,269,150,93,66,1173,219,287,140,180,90,476,151,184,76,165,106,15,19,0,11,0,11
1400000US18097350700,18097350700,"Census Tract 3507, Marion County, Indiana",919,118,19,16,0,11,0,11,0,11,0,11,0,11,0,11,0,11,10,13,0,11,3,6,78,48,32,20,43,32,45,32,312,83,60,37,77,46,161,57,20,19,40,22,0,11,19,24,0,11
1400000US18097350800,18097350800,"Census Tract 3508, Marion County, Indiana",1285,126,36,27,0,11,0,11,0,11,0,11,0,11,13,18,23,33,0,11,17,18,19,17,13,11,49,34,113,46,43,37,400,101,102,61,109,50,266,77,35,21,47,35,0,11,0,11,0,11
1400000US18097350900,18097350900,"Census Tract 3509, Marion County, Indiana",833,104,3,5,0,11,0,11,0,11,0,11,5,8,0,11,12,11,9,10,0,11,13,16,0,11,16,24,50,28,4,6,308,79,49,34,50,28,100,42,64,29,112,48,35,24,0,11,3,6
1400000US18097351000,18097351000,"Census Tract 3510, Marion County, Indiana",1651,235,9,13,0,11,0,11,1,2,0,11,0,11,0,11,0,11,0,11,0,11,0,11,34,40,102,71,37,32,107,78,373,121,140,128,36,27,387,165,67,52,221,103,86,51,25,30,26,25
1400000US18097351200,18097351200,"Census Tract 3512, Marion County, Indiana",1409,225,16,17,0,11,0,11,0,11,0,11,0,11,0,11,0,11,10,12,0,11,5,8,33,28,75,57,205,95,68,46,376,100,96,51,142,75,241,89,53,39,70,43,19,15,0,11,0,11
1400000US18097351500,18097351500,"Census Tract 3515, Marion County, Indiana",1220,135,6,13,0,11,0,11,0,11,0,11,0,11,0,11,0,11,7,9,0,11,2,7,18,20,58,34,36,30,39,26,178,70,124,59,106,49,280,76,117,46,145,49,67,38,33,25,4,7
1400000US18097351600,18097351600,"Census Tract 3516, Marion County, Indiana",1624,211,20,23,0,11,0,11,0,11,0,11,0,11,8,13,0,11,0,11,0,11,5,7,13,13,29,23,70,40,24,28,275,105,56,32,133,74,171,77,102,67,427,98,159,53,94,44,38,29
1400000US18097351700,18097351700,"Census Tract 3517, Marion County, Indiana",1712,338,56,63,0,11,0,11,0,11,0,11,0,11,0,11,0,11,0,11,5,7,0,11,24,26,96,49,133,83,51,46,443,125,129,68,60,38,252,98,121,116,252,96,56,38,22,22,12,14
1400000US18097351900,18097351900,"Census Tract 3519, Marion County, Indiana",1740,145,13,13,0,11,0,11,0,11,0,11,0,11,0,11,0,11,16,17,0,11,20,18,62,55,98,49,154,66,50,24,668,120,61,33,109,47,241,74,126,58,85,54,34,30,3,6,0,11
1400000US18097352100,18097352100,"Census Tract 3521, Marion County, Indiana",1265,165,20,18,0,11,0,11,0,11,10,14,0,11,0,11,0,11,24,26,0,11,21,16,11,13,40,31,109,62,18,18,378,92,134,61,142,66,170,65,84,42,63,45,37,25,0,11,4,7
1400000US18097352300,18097352300,"Census Tract 3523, Marion County, Indiana",756,112,8,11,0,11,0,11,0,11,0,11,0,11,0,11,0,11,7,14,25,26,0,11,8,11,51,39,65,42,51,30,282,84,59,42,38,31,110,42,24,23,25,24,3,6,0,11,0,11
1400000US18097352400,18097352400,"Census Tract 3524, Marion County, Indiana",2202,235,26,31,0,11,0,11,0,11,31,40,0,11,0,11,0,11,0,11,0,11,7,12,54,59,117,80,148,101,32,25,860,166,152,73,114,80,355,105,77,44,137,70,55,41,10,16,27,28
1400000US18097352500,18097352500,"Census Tract 3525, Marion County, Indiana",2054,197,37,38,0,11,0,11,0,11,9,13,10,16,8,13,0,11,9,15,0,11,0,11,15,19,137,89,51,52,37,36,485,160,151,96,95,40,292,107,127,66,420,124,154,68,7,12,10,17
1400000US18097352600,18097352600,"Census Tract 3526, Marion County, Indiana",2036,195,37,39,0,11,12,18,0,11,0,11,0,11,0,11,21,23,32,33,5,9,66,43,83,55,212,91,199,131,100,55,522,132,150,77,96,51,202,93,166,75,99,44,34,31,0,11,0,11
1400000US18097352700,18097352700,"Census Tract 3527, Marion County, Indiana",1530,210,17,19,0,11,0,11,0,11,0,11,0,11,0,11,0,11,8,14,64,55,21,20,54,44,116,93,59,55,33,27,294,105,136,79,146,58,214,79,83,53,218,76,44,33,7,11,16,20
1400000US18097352800,18097352800,"Census Tract 3528, Marion County, Indiana",585,105,10,16,0,11,0,11,0,11,0,11,0,11,10,11,0,11,0,11,9,9,18,17,0,11,23,22,35,23,0,11,185,56,69,40,48,34,58,44,50,35,58,42,12,15,0,11,0,11
1400000US18097353300,18097353300,"Census Tract 3533, Marion County, Indiana",2032,231,4,8,0,11,0,11,0,11,0,11,3,8,0,11,0,11,0,11,0,11,40,38,68,43,55,46,33,37,10,16,254,109,126,62,149,76,405,117,94,50,487,156,266,115,18,21,20,22
1400000US18097353500,18097353500,"Census Tract 3535, Marion County, Indiana",1053,145,5,9,0,11,0,11,0,11,0,11,0,11,0,11,0,11,14,16,18,28,28,26,63,61,25,29,17,17,9,15,208,85,31,28,84,43,143,59,30,28,236,102,57,38,36,35,49,43
1400000US18097353600,18097353600,"Census Tract 3536, Marion County, Indiana",1377,138,7,14,0,11,0,11,7,10,0,11,0,11,0,11,0,11,28,21,13,14,7,11,45,34,94,57,69,36,31,23,322,107,188,90,90,46,248,90,129,58,64,32,17,23,18,25,0,11
1400000US18097354200,18097354200,"Census Tract 3542, Marion County, Indiana",5104,379,55,85,0,16,0,16,0,16,8,17,0,16,0,16,0,16,0,16,0,16,27,28,103,50,55,46,135,83,53,49,611,160,330,151,305,146,576,144,260,101,1276,262,670,210,357,152,283,148
1400000US18097354400,18097354400,"Census Tract 3544, Marion County, Indiana",985,111,10,11,0,11,0,11,0,11,0,11,0,11,9,13,4,8,0,11,0,11,17,16,0,11,39,36,52,34,13,15,147,54,43,30,44,60,135,51,31,36,275,68,132,48,31,18,3,5
1400000US18097354500,18097354500,"Census Tract 3545, Marion County, Indiana",1765,162,32,28,0,11,0,11,0,11,7,13,0,11,0,11,0,11,0,11,13,19,18,15,18,23,152,76,121,76,41,25,314,84,117,49,61,39,313,63,55,34,323,80,131,46,37,25,12,12
1400000US18097354700,18097354700,"Census Tract 3547, Marion County, Indiana",854,135,41,32,0,11,0,11,6,10,4,6,0,11,19,21,0,11,31,29,11,14,61,49,37,30,90,48,65,35,16,14,103,42,39,26,67,47,121,45,60,34,56,34,27,18,0,11,0,11
1400000US18097354800,18097354800,"Census Tract 3548, Marion County, Indiana",836,149,5,7,0,11,0,11,0,11,0,11,9,14,0,11,16,25,0,11,22,25,53,35,51,39,90,47,31,23,17,15,238,74,66,40,52,38,54,33,45,28,61,50,26,27,0,11,0,11
1400000US18097354900,18097354900,"Census Tract 3549, Marion County, Indiana",1810,203,67,56,0,11,0,11,0,11,8,13,26,30,0,11,14,21,84,62,10,13,0,11,121,63,157,76,203,85,61,35,428,121,129,61,108,45,217,74,88,73,55,31,16,13,9,13,9,11
1400000US18097355000,18097355000,"Census Tract 3550, Marion County, Indiana",1203,148,15,19,0,11,0,11,0,11,14,22,8,12,5,7,15,18,33,31,11,15,85,42,42,30,80,38,74,46,3,4,425,100,75,39,64,41,91,43,63,34,64,38,21,31,11,16,4,8
1400000US18097355100,18097355100,"Census Tract 3551, Marion County, Indiana",1156,122,10,12,0,11,0,11,0,11,0,11,0,11,0,11,8,14,8,9,28,29,40,30,56,32,83,37,108,40,35,21,329,70,105,48,33,20,199,62,54,24,50,28,7,10,3,8,0,11
1400000US18097355300,18097355300,"Census Tract 3553, Marion County, Indiana",1764,233,40,44,0,11,0,11,0,11,0,11,0,11,0,11,7,11,25,33,5,10,34,37,24,21,79,61,123,77,41,35,242,108,141,79,159,81,359,131,155,76,243,93,78,42,0,11,9,14
1400000US18097355400,18097355400,"Census Tract 3554, Marion County, Indiana",1936,248,42,38,0,11,0,11,0,11,0,11,0,11,0,11,0,11,28,46,26,41,17,19,61,58,150,102,110,83,0,11,661,182,122,101,110,80,272,116,47,38,245,85,33,25,12,19,0,11
1400000US18097355500,18097355500,"Census Tract 3555, Marion County, Indiana",2412,278,70,52,0,11,0,11,43,53,0,11,12,19,51,63,12,19,38,31,26,32,99,59,36,26,182,109,138,74,47,37,989,173,203,88,114,64,169,83,98,63,61,42,24,22,0,11,0,11
1400000US18097355600,18097355600,"Census Tract 3556, Marion County, Indiana",1206,153,60,50,0,11,0,11,0,11,0,11,0,11,0,11,20,28,41,38,8,12,80,52,69,38,244,83,98,62,36,30,299,79,88,59,24,19,85,50,29,22,19,25,6,12,0,11,0,11
1400000US18097355700,18097355700,"Census Tract 3557, Marion County, Indiana",1629,220,48,30,0,11,0,11,0,11,6,9,49,45,0,11,17,28,25,23,36,27,68,40,87,47,84,41,192,71,46,28,458,131,151,47,86,52,129,69,59,45,76,56,5,9,7,9,0,11
1400000US18097355900,18097355900,"Census Tract 3559, Marion County, Indiana",1510,170,18,17,0,11,0,11,0,11,0,11,3,5,0,11,0,11,19,18,12,18,62,43,37,23,113,51,89,42,21,17,385,105,103,50,42,24,117,40,69,31,286,90,114,50,20,18,0,11
1400000US18097356200,18097356200,"Census Tract 3562, Marion County, Indiana",2503,355,20,22,0,11,0,11,0,11,5,9,0,11,0,11,0,11,18,24,13,22,68,31,116,82,106,59,167,66,21,24,308,167,275,97,134,73,282,89,210,105,390,95,214,66,119,51,37,30
1400000US18097356400,18097356400,"Census Tract 3564, Marion County, Indiana",2469,377,58,55,0,11,0,11,0,11,0,11,0,11,0,11,0,11,115,78,40,42,65,47,67,51,177,99,258,224,111,62,549,162,202,95,198,84,239,90,147,85,158,74,50,35,15,16,20,26
1400000US18097356900,18097356900,"Census Tract 3569, Marion County, Indiana",1962,213,48,32,0,11,0,11,0,11,0,11,0,11,0,11,0,11,11,15,0,11,186,93,137,92,166,57,82,53,51,51,686,130,173,63,128,63,173,71,29,26,67,39,20,15,0,11,5,8
1400000US18097357000,18097357000,"Census Tract 3570, Marion County, Indiana",1597,179,47,36,0,11,0,11,0,11,0,11,0,11,0,11,0,11,0,11,0,11,41,38,37,25,223,97,107,61,54,34,435,126,152,65,104,57,257,95,29,34,70,37,38,20,3,6,0,11
1400000US18097357100,18097357100,"Census Tract 3571, Marion County, Indiana",1511,140,25,19,0,11,0,11,0,11,0,11,0,11,0,11,12,19,5,8,5,8,29,21,160,73,161,68,51,39,15,15,345,99,110,87,90,53,175,88,91,66,173,52,45,28,19,18,0,11
1400000US18097357200,18097357200,"Census Tract 3572, Marion County, Indiana",1744,368,30,25,0,11,0,11,0,11,0,11,0,11,0,11,0,11,28,33,35,56,116,62,170,75,312,178,72,49,53,33,469,171,101,62,41,34,145,95,59,60,113,81,0,11,0,11,0,11
1400000US18097357300,18097357300,"Census Tract 3573, Marion County, Indiana",1383,165,59,36,0,11,0,11,17,27,0,11,9,14,0,11,0,11,10,15,28,30,61,38,64,36,185,62,96,60,76,43,347,81,171,50,51,26,155,82,22,14,32,26,0,11,0,11,0,11
1400000US18097357400,18097357400,"Census Tract 3574, Marion County, Indiana",2704,202,38,38,0,11,0,11,0,11,17,17,0,11,0,11,0,11,7,11,22,22,48,30,162,80,131,66,133,69,247,103,711,143,265,98,144,72,462,126,113,57,204,124,0,11,0,11,0,11
1400000US18097357500,18097357500,"Census Tract 3575, Marion County, Indiana",2775,235,51,35,0,11,0,11,0,11,0,11,0,11,0,11,8,13,0,11,10,16,60,48,26,31,89,50,73,53,47,31,780,146,200,85,288,100,411,124,222,83,301,115,189,122,14,18,6,10
1400000US18097357600,18097357600,"Census Tract 3576, Marion County, Indiana",4922,426,202,131,0,16,0,16,0,16,0,16,13,21,0,16,0,16,0,16,20,29,143,77,141,115,411,257,265,132,253,169,1352,301,706,263,364,186,504,137,213,99,247,146,75,77,13,24,0,16
1400000US18097357800,18097357800,"Census Tract 3578, Marion County, Indiana",1174,148,19,17,0,11,0,11,0,11,0,11,0,11,0,11,0,11,0,11,46,44,9,13,60,46,39,28,52,33,34,23,350,99,80,39,91,56,142,61,48,28,141,49,53,31,5,10,5,7
1400000US18097357900,18097357900,"Census Tract 3579, Marion County, Indiana",3004,273,63,86,0,11,0,11,0,11,0,11,0,11,0,11,0,11,67,74,24,27,74,62,113,80,194,68,124,65,120,59,632,142,245,102,158,76,395,94,229,95,440,119,80,50,37,33,9,15
1400000US18097358000,18097358000,"Census Tract 3580, Marion County, Indiana",1009,172,37,39,0,11,0,11,0,11,8,14,9,14,0,11,7,15,15,17,0,11,33,24,60,54,172,93,74,44,20,21,196,67,101,47,75,33,66,38,63,41,49,40,24,21,0,11,0,11
1400000US18097358100,18097358100,"Census Tract 3581, Marion County, Indiana",1537,210,30,31,0,11,0,11,0,11,0,11,0,11,0,11,9,14,0,11,0,11,153,80,72,50,63,48,87,50,0,11,400,119,185,104,109,60,97,63,119,77,152,64,14,21,29,23,18,28
1400000US18097360101,18097360101,"Census Tract 3601.01, Marion County, Indiana",1159,119,21,21,0,11,0,11,0,11,0,11,0,11,9,14,0,11,21,21,5,8,33,32,24,21,88,43,95,54,103,59,382,74,107,52,83,44,57,35,74,46,47,28,10,11,0,11,0,11
1400000US18097360102,18097360102,"Census Tract 3601.02, Marion County, Indiana",1319,171,33,54,0,11,0,11,0,11,4,9,0,11,0,11,8,12,0,11,0,11,17,21,12,16,28,27,52,40,38,34,422,124,99,61,100,61,281,112,87,65,123,56,15,18,0,11,0,11
1400000US18097360201,18097360201,"Census Tract 3602.01, Marion County, Indiana",2295,240,13,19,0,11,0,11,0,11,0,11,12,18,0,11,0,11,9,15,0,11,28,44,62,43,70,45,188,100,45,31,918,207,185,91,119,66,363,133,64,63,167,91,37,34,15,25,0,11
1400000US18097360202,18097360202,"Census Tract 3602.02, Marion County, Indiana",1999,230,55,46,0,11,27,47,0,11,0,11,0,11,0,11,0,11,37,60,0,11,6,12,32,53,50,31,114,65,94,66,443,160,107,68,116,64,404,177,177,87,258,109,79,71,0,11,0,11
1400000US18097360301,18097360301,"Census Tract 3603.01, Marion County, Indiana",2136,168,10,16,0,11,0,11,0,11,0,11,10,15,0,11,7,11,35,40,0,11,11,17,91,60,42,38,165,80,35,21,657,160,167,76,177,75,283,80,130,70,261,99,55,55,0,11,0,11
1400000US18097360302,18097360302,"Census Tract 3603.02, Marion County, Indiana",1249,166,43,30,0,11,0,11,6,8,0,11,0,11,8,11,15,24,17,27,16,18,49,32,78,46,82,45,119,48,31,19,387,96,49,28,52,32,184,58,60,42,30,19,23,20,0,11,0,11
1400000US18097360401,18097360401,"Census Tract 3604.01, Marion County, Indiana",3480,520,46,51,0,16,0,16,63,95,0,16,53,84,0,16,0,16,72,105,0,16,41,41,39,47,224,163,168,137,0,16,1059,401,216,106,343,156,491,198,346,204,285,156,34,33,0,16,0,16
1400000US18097360402,18097360402,"Census Tract 3604.02, Marion County, Indiana",1165,128,21,26,0,11,0,11,0,11,0,11,0,11,0,11,0,11,37,31,8,12,5,9,18,18,46,33,80,57,36,44,378,91,100,52,37,25,181,52,114,52,91,44,8,9,0,11,5,7
1400000US18097360404,18097360404,"Census Tract 3604.04, Marion County, Indiana",4466,446,50,82,0,16,0,16,0,16,62,67,0,16,27,42,83,98,121,89,33,52,72,79,90,92,67,71,232,139,46,45,1334,334,144,91,462,184,864,219,211,103,446,186,109,66,0,16,13,21
1400000US18097360405,18097360405,"Census Tract 3604.05, Marion County, Indiana",3557,388,13,22,0,16,0,16,0,16,2,14,14,21,0,16,3,15,37,59,0,16,0,16,61,73,44,66,83,59,78,60,1004,253,110,69,299,146,698,171,294,144,611,196,173,93,19,28,14,23
1400000US18097360501,18097360501,"Census Tract 3605.01, Marion County, Indiana",4389,460,19,25,0,16,0,16,0,16,0,16,0,16,0,16,0,16,115,120,0,16,71,58,131,119,37,36,265,158,70,75,1680,380,98,62,129,72,707,217,400,203,376,152,266,195,11,18,14,23
1400000US18097360502,18097360502,"Census Tract 3605.02, Marion County, Indiana",3930,380,3,4,0,16,0,16,0,16,0,16,0,16,0,16,0,16,0,16,0,16,110,119,171,113,94,92,103,112,50,50,1530,499,150,90,475,169,581,181,233,107,385,175,33,41,0,16,12,21
1400000US18097360601,18097360601,"Census Tract 3606.01, Marion County, Indiana",3448,194,35,37,0,11,0,11,0,11,0,11,0,11,0,11,0,11,48,47,25,39,21,23,17,18,55,40,87,45,38,30,1350,202,150,71,255,90,390,109,314,106,500,137,140,86,0,11,23,20
1400000US18097360602,18097360602,"Census Tract 3606.02, Marion County, Indiana",4407,379,48,53,0,16,0,16,0,16,0,16,0,16,6,13,4,7,78,116,29,35,81,95,237,153,163,145,261,191,36,41,1478,311,203,119,306,134,509,190,169,99,499,230,300,135,0,16,0,16
1400000US18097360700,18097360700,"Census Tract 3607, Marion County, Indiana",1329,114,10,15,0,11,0,11,0,11,0,11,0,11,0,11,0,11,0,11,0,11,6,9,4,7,19,21,18,23,4,6,282,57,89,47,98,31,163,61,98,41,301,72,142,47,38,43,57,29
1400000US18097360800,18097360800,"Census Tract 3608, Marion County, Indiana",1735,168,15,15,0,11,0,11,0,11,0,11,0,11,19,26,0,11,71,69,10,15,48,37,37,25,131,89,90,49,32,23,514,102,73,45,117,43,255,78,125,59,117,64,81,38,0,11,0,11
1400000US18097360900,18097360900,"Census Tract 3609, Marion County, Indiana",3741,418,75,82,0,16,0,16,0,16,0,16,0,16,16,25,0,16,7,15,6,14,23,28,103,83,122,120,156,132,90,117,1155,325,145,94,387,201,593,198,136,84,539,200,179,99,9,17,0,16
1400000US18097361000,18097361000,"Census Tract 3610, Marion County, Indiana",1388,113,0,11,0,11,0,11,0,11,11,17,0,11,0,11,0,11,0,11,0,11,31,39,2,5,24,22,19,15,0,11,227,60,31,19,53,32,141,45,70,36,483,81,218,51,42,24,36,29
1400000US18097361100,18097361100,"Census Tract 3611, Marion County, Indiana",2239,190,26,24,0,11,0,11,0,11,0,11,0,11,0,11,8,12,9,14,19,31,0,11,23,38,26,22,72,59,15,23,445,146,99,61,99,50,292,93,167,68,604,129,218,77,93,44,24,26
1400000US18097361200,18097361200,"Census Tract 3612, Marion County, Indiana",2367,226,72,50,0,11,0,11,0,11,0,11,4,7,0,11,0,11,10,21,0,11,112,66,84,62,31,29,117,96,61,43,566,137,234,110,58,42,395,132,154,63,320,96,145,71,4,7,0,11
1400000US18097361300,18097361300,"Census Tract 3613, Marion County, Indiana",1750,189,14,16,0,11,0,11,0,11,0,11,0,11,0,11,0,11,0,11,0,11,27,32,27,39,33,27,103,66,12,14,768,148,96,49,127,61,338,133,72,39,110,55,17,19,6,10,0,11
1400000US18097361400,18097361400,"Census Tract 3614, Marion County, Indiana",7250,372,178,126,0,18,0,18,0,18,0,18,0,18,0,18,22,32,67,67,77,73,115,83,105,78,147,88,456,259,59,54,2362,442,325,123,396,135,935,259,639,211,1099,249,239,108,13,20,16,26
1400000US18097361600,18097361600,"Census Tract 3616, Marion County, Indiana",5466,269,3,19,0,16,0,16,0,16,0,16,0,16,0,16,0,16,7,14,0,16,45,40,0,16,57,59,81,64,117,86,1572,328,75,76,362,123,938,218,531,149,1099,228,460,143,45,54,74,65
1400000US18097370201,18097370201,"Census Tract 3702.01, Marion County, Indiana",2583,273,35,32,0,11,0,11,0,11,0,11,0,11,8,13,10,16,5,9,0,11,63,40,64,50,65,39,170,86,17,18,796,168,285,111,247,118,352,97,179,71,172,67,89,50,26,24,0,11
1400000US18097370202,18097370202,"Census Tract 3702.02, Marion County, Indiana",4121,334,77,62,0,16,0,16,16,26,0,16,0,16,0,16,0,16,13,21,45,49,235,135,88,71,235,111,211,113,173,87,1293,246,334,156,342,135,421,152,261,103,219,101,86,79,72,87,0,16
1400000US18097370301,18097370301,"Census Tract 3703.01, Marion County, Indiana",5648,403,27,43,0,16,0,16,0,16,0,16,0,16,0,16,0,16,29,38,15,25,23,37,135,125,176,110,17,29,65,56,1476,333,320,200,296,136,1356,363,751,249,736,249,177,126,19,29,30,59
1400000US18097370302,18097370302,"Census Tract 3703.02, Marion County, Indiana",5490,414,0,16,0,16,0,16,0,16,0,16,0,16,0,16,0,16,0,16,0,16,60,60,155,142,187,127,114,93,45,45,1520,322,362,171,537,202,979,298,691,221,645,193,195,112,0,16,0,16
1400000US18097380100,18097380100,"Census Tract 3801, Marion County, Indiana",11213,747,131,135,0,18,0,18,0,18,0,18,0,18,0,18,13,23,0,18,0,18,0,18,219,229,242,217,188,199,115,138,2816,635,513,307,318,207,1659,581,875,322,2546,614,1101,363,105,126,372,381
1400000US18097380200,18097380200,"Census Tract 3802, Marion County, Indiana",2235,260,11,17,0,11,0,11,0,11,0,11,0,11,0,11,6,9,73,93,7,10,32,31,112,91,155,100,7,12,79,63,761,171,146,77,164,88,314,92,112,60,201,78,48,37,7,12,0,11
1400000US18097380300,18097380300,"Census Tract 3803, Marion County, Indiana",3130,326,35,48,0,16,0,16,0,16,0,16,9,14,0,16,27,37,37,57,10,15,41,38,80,53,289,120,305,136,96,70,975,165,344,127,197,108,361,117,114,58,134,72,68,47,0,16,8,12
1400000US18097380402,18097380402,"Census Tract 3804.02, Marion County, Indiana",2631,236,22,20,0,11,0,11,0,11,24,38,0,11,9,14,0,11,36,39,8,13,102,64,27,23,55,47,83,58,70,72,930,195,129,56,226,76,466,135,183,95,207,72,54,33,0,11,0,11
1400000US18097380403,18097380403,"Census Tract 3804.03, Marion County, Indiana",2566,212,7,12,0,11,0,11,0,11,0,11,0,11,0,11,0,11,0,11,7,12,58,48,103,69,64,44,76,43,24,22,942,163,131,68,296,114,454,145,93,43,212,93,70,47,11,17,18,19
1400000US18097380404,18097380404,"Census Tract 3804.04, Marion County, Indiana",2768,200,22,25,0,11,0,11,0,11,0,11,0,11,0,11,0,11,7,11,0,11,82,67,16,28,81,46,52,29,17,20,869,166,196,83,143,80,497,112,299,92,335,117,103,51,41,38,8,12
1400000US18097380501,18097380501,"Census Tract 3805.01, Marion County, Indiana",1697,239,8,11,0,11,0,11,0,11,0,11,7,11,0,11,0,11,13,19,0,11,28,38,61,64,62,36,45,33,35,29,466,122,71,52,219,131,257,81,100,60,186,73,81,60,58,86,0,11
1400000US18097380502,18097380502,"Census Tract 3805.02, Marion County, Indiana",2150,237,1,5,0,11,0,11,15,21,0,11,0,11,0,11,0,11,50,53,38,40,38,34,35,36,123,71,54,45,27,28,682,134,160,87,138,68,472,136,79,45,164,81,33,24,9,14,32,28
1400000US18097380600,18097380600,"Census Tract 3806, Marion County, Indiana",3470,410,78,96,0,16,0,16,0,16,0,16,0,16,0,16,0,16,165,152,0,16,63,64,52,85,158,122,159,171,14,22,1182,285,245,102,165,110,397,136,200,108,473,206,100,79,19,31,0,16
1400000US18097380700,18097380700,"Census Tract 3807, Marion County, Indiana",3658,442,120,101,0,16,0,16,0,16,0,16,0,16,0,16,0,16,0,16,11,19,215,197,83,73,136,98,165,125,90,79,958,289,188,89,190,114,696,170,358,187,367,151,64,49,0,16,17,26
1400000US18097380800,18097380800,"Census Tract 3808, Marion County, Indiana",1800,151,11,18,0,11,0,11,0,11,0,11,0,11,0,11,14,20,0,11,0,11,17,19,41,43,69,45,75,69,33,29,671,125,131,58,134,66,243,116,104,59,199,64,58,40,0,11,0,11
1400000US18097380901,18097380901,"Census Tract 3809.01, Marion County, Indiana",3431,192,22,31,0,16,0,16,0,16,24,38,30,32,0,16,0,16,13,17,10,15,52,34,17,19,65,53,43,47,83,45,976,193,63,39,178,65,623,147,274,78,678,137,229,82,42,33,9,15
1400000US18097380902,18097380902,"Census Tract 3809.02, Marion County, Indiana",4055,247,65,62,0,16,0,16,0,16,0,16,0,16,0,16,0,16,0,16,0,16,26,29,62,50,40,46,0,16,42,39,928,227,88,67,304,117,703,192,296,136,1082,220,318,125,85,57,16,26
1400000US18097381001,18097381001,"Census Tract 3810.01, Marion County, Indiana",4793,365,271,182,0,16,0,16,0,16,0,16,17,28,112,102,17,23,10,10,45,39,132,97,101,70,185,135,17,14,10,9,1582,351,89,72,245,80,738,237,286,121,737,228,182,88,14,10,3,5
1400000US18097381002,18097381002,"Census Tract 3810.02, Marion County, Indiana",2157,140,3,6,0,11,0,11,0,11,42,49,0,11,29,35,0,11,0,11,0,11,26,24,33,35,21,13,36,25,41,53,610,103,36,32,96,45,374,98,147,50,427,101,217,63,9,9,10,9
1400000US18097381101,18097381101,"Census Tract 3811.01, Marion County, Indiana",3878,281,6,10,0,16,0,16,0,16,0,16,0,16,0,16,0,16,0,16,0,16,77,95,0,16,74,82,62,51,0,16,906,198,107,69,243,120,765,201,152,72,1002,204,363,143,67,63,54,43
1400000US18097381102,18097381102,"Census Tract 3811.02, Marion County, Indiana",4036,326,23,27,0,16,0,16,0,16,0,16,0,16,0,16,0,16,0,16,0,16,47,41,45,55,153,88,156,107,117,94,1018,203,169,88,263,103,533,170,307,131,887,229,237,142,81,74,0,16
1400000US18097381201,18097381201,"Census Tract 3812.01, Marion County, Indiana",4974,301,0,16,0,16,0,16,0,16,0,16,0,16,0,16,0,16,0,16,17,26,17,27,15,23,106,72,76,71,47,45,1367,266,215,126,184,85,652,204,503,141,1137,243,506,174,101,63,31,45
1400000US18097381203,18097381203,"Census Tract 3812.03, Marion County, Indiana",1934,156,33,36,0,11,0,11,0,11,0,11,0,11,0,11,0,11,77,70,77,67,54,55,51,38,59,49,66,45,56,53,709,146,127,67,49,37,210,107,106,50,159,62,60,33,12,15,29,36
1400000US18097381204,18097381204,"Census Tract 3812.04, Marion County, Indiana",2267,201,23,32,0,11,0,11,0,11,0,11,0,11,0,11,27,46,58,55,26,37,28,27,82,50,87,57,53,32,60,53,566,126,129,47,111,50,336,113,148,76,251,85,217,111,10,17,55,52
1400000US18097381205,18097381205,"Census Tract 3812.05, Marion County, Indiana",4080,346,47,73,0,16,0,16,51,74,0,16,0,16,0,16,0,16,106,105,0,16,128,157,80,89,257,139,37,42,46,69,1122,287,205,105,291,128,596,192,354,132,584,190,156,86,20,30,0,16
1400000US18097390101,18097390101,"Census Tract 3901.01, Marion County, Indiana",5404,275,27,31,0,16,0,16,0,16,0,16,0,16,0,16,62,84,0,16,54,85,63,75,45,40,147,114,185,147,43,42,1222,257,269,134,317,153,674,256,516,185,1213,327,528,230,39,45,0,16
1400000US18097390102,18097390102,"Census Tract 3901.02, Marion County, Indiana",2998,249,61,60,0,11,0,11,0,11,0,11,0,11,0,11,0,11,0,11,39,44,37,45,30,48,141,101,49,49,73,63,898,242,57,46,201,92,583,158,307,142,444,186,78,50,0,11,0,11
1400000US18097390200,18097390200,"Census Tract 3902, Marion County, Indiana",2196,238,9,15,0,11,0,11,0,11,0,11,0,11,7,12,0,11,0,11,16,25,20,26,0,11,47,35,27,24,48,51,684,146,86,40,21,19,410,117,152,66,491,117,160,91,18,21,0,11
1400000US18097390300,18097390300,"Census Tract 3903, Marion County, Indiana",3710,260,22,26,0,16,0,16,0,16,0,16,0,16,0,16,0,16,13,19,0,16,9,14,21,24,109,64,120,87,14,22,1009,201,142,92,361,111,558,192,301,98,811,176,206,69,14,16,0,16
1400000US18097390402,18097390402,"Census Tract 3904.02, Marion County, Indiana",7925,390,31,47,0,18,0,18,0,18,0,18,0,18,0,18,0,18,0,18,0,18,0,18,38,56,62,57,40,58,136,126,1730,401,265,132,429,210,1389,430,724,263,2430,505,446,185,106,143,99,102
1400000US18097390403,18097390403,"Census Tract 3904.03, Marion County, Indiana",6422,292,0,18,0,18,0,18,0,18,0,18,0,18,0,18,0,18,0,18,0,18,14,24,27,30,82,44,37,34,60,48,1201,223,115,81,403,145,1009,222,610,176,1898,330,756,185,130,84,80,56
1400000US18097390404,18097390404,"Census Tract 3904.04, Marion County, Indiana",3543,448,0,16,0,16,0,16,0,16,0,16,0,16,0,16,0,16,0,16,0,16,0,16,105,86,44,52,128,90,111,79,1347,306,92,64,152,81,395,130,313,129,569,258,183,96,82,56,22,35
1400000US18097390405,18097390405,"Census Tract 3904.05, Marion County, Indiana",2744,216,15,23,0,11,0,11,0,11,0,11,0,11,0,11,0,11,0,11,0,11,50,67,134,128,98,107,70,69,59,54,500,129,31,25,100,57,381,122,261,95,654,155,202,89,105,76,84,49
1400000US18097390500,18097390500,"Census Tract 3905, Marion County, Indiana",1554,146,32,28,0,11,0,11,0,11,0,11,14,22,0,11,0,11,28,26,0,11,14,11,23,20,55,33,120,50,48,33,431,95,125,50,69,39,357,82,78,38,65,38,53,32,23,18,19,20
1400000US18097390600,18097390600,"Census Tract 3906, Marion County, Indiana",3301,351,0,16,0,16,0,16,0,16,0,16,0,16,0,16,0,16,182,235,0,16,43,44,5,9,3,5,71,66,22,36,932,278,51,54,199,87,451,160,369,138,726,208,198,100,41,27,8,12
1400000US18097390700,18097390700,"Census Tract 3907, Marion County, Indiana",1818,267,114,104,0,11,0,11,0,11,0,11,2,4,0,11,0,11,141,100,0,11,85,62,99,58,92,53,176,71,87,56,329,136,83,89,104,60,280,114,70,52,97,64,59,62,0,11,0,11
1400000US18097390800,18097390800,"Census Tract 3908, Marion County, Indiana",2396,226,62,56,0,11,0,11,0,11,0,11,0,11,0,11,12,19,0,11,0,11,12,19,41,44,67,50,122,112,22,34,679,164,83,64,237,102,459,151,294,103,236,91,60,41,10,16,0,11
1400000US18097390900,18097390900,"Census Tract 3909, Marion County, Indiana",1847,296,0,11,0,11,0,11,0,11,6,13,0,11,18,27,0,11,15,18,11,17,60,42,13,14,7,11,32,35,6,8,164,68,23,21,90,66,182,80,108,74,679,265,259,107,158,83,16,18
1400000US18097391000,18097391000,"Census Tract 3910, Marion County, Indiana",3133,337,5,10,0,11,0,11,0,11,0,11,0,11,0,11,0,11,0,11,8,10,0,11,35,34,52,38,64,37,10,21,139,88,49,32,79,52,378,145,170,79,1134,246,590,165,333,139,87,71
