GEO.id,GEO.id2,GEO.display-label,HD01_VD01,HD02_VD01,HD01_VD02,HD02_VD02,HD01_VD03,HD02_VD03,HD01_VD04,HD02_VD04,HD01_VD05,HD02_VD05,HD01_VD06,HD02_VD06,HD01_VD07,HD02_VD07,HD01_VD08,HD02_VD08,HD01_VD09,HD02_VD09,HD01_VD10,HD02_VD10,HD01_VD11,HD02_VD11,HD01_VD12,HD02_VD12,HD01_VD13,HD02_VD13,HD01_VD14,HD02_VD14,HD01_VD15,HD02_VD15,HD01_VD16,HD02_VD16,HD01_VD17,HD02_VD17,HD01_VD18,HD02_VD18,HD01_VD19,HD02_VD19,HD01_VD20,HD02_VD20,HD01_VD21,HD02_VD21,HD01_VD22,HD02_VD22,HD01_VD23,HD02_VD23,HD01_VD24,HD02_VD24,HD01_VD25,HD02_VD25
Id,Id2,Geography,Estimate; Total:,Margin of Error; Total:,Estimate; Total: - No schooling completed,Margin of Error; Total: - No schooling completed,Estimate; Total: - Nursery school,Margin of Error; Total: - Nursery school,Estimate; Total: - Kindergarten,Margin of Error; Total: - Kindergarten,Estimate; Total: - 1st grade,Margin of Error; Total: - 1st grade,Estimate; Total: - 2nd grade,Margin of Error; Total: - 2nd grade,Estimate; Total: - 3rd grade,Margin of Error; Total: - 3rd grade,Estimate; Total: - 4th grade,Margin of Error; Total: - 4th grade,Estimate; Total: - 5th grade,Margin of Error; Total: - 5th grade,Estimate; Total: - 6th grade,Margin of Error; Total: - 6th grade,Estimate; Total: - 7th grade,Margin of Error; Total: - 7th grade,Estimate; Total: - 8th grade,Margin of Error; Total: - 8th grade,Estimate; Total: - 9th grade,Margin of Error; Total: - 9th grade,Estimate; Total: - 10th grade,Margin of Error; Total: - 10th grade,Estimate; Total: - 11th grade,Margin of Error; Total: - 11th grade,"Estimate; Total: - 12th grade, no diploma","Margin of Error; Total: - 12th grade, no diploma",Estimate; Total: - Regular high school diploma,Margin of Error; Total: - Regular high school diploma,Estimate; Total: - GED or alternative credential,Margin of Error; Total: - GED or alternative credential,"Estimate; Total: - Some college, less than 1 year","Margin of Error; Total: - Some college, less than 1 year","Estimate; Total: - Some college, 1 or more years, no degree","Margin of Error; Total: - Some college, 1 or more years, no degree",Estimate; Total: - Associate's degree,Margin of Error; Total: - Associate's degree,Estimate; Total: - Bachelor's degree,Margin of Error; Total: - Bachelor's degree,Estimate; Total: - Master's degree,Margin of Error; Total: - Master's degree,Estimate; Total: - Professional school degree,Margin of Error; Total: - Professional school degree,Estimate; Total: - Doctorate degree,Margin of Error; Total: - Doctorate degree
1400000US53033000100,53033000100,"Census Tract 1, King County, Washington",5010,357,90,67,0,17,0,17,0,17,0,17,56,73,0,17,0,17,44,70,0,17,62,80,0,17,24,29,0,17,171,116,666,252,260,127,254,115,735,183,396,122,1398,260,469,173,199,104,186,92
1400000US53033000200,53033000200,"Census Tract 2, King County, Washington",5880,347,159,118,0,17,0,17,0,17,0,17,20,33,0,17,0,17,58,72,3,10,0,17,18,27,52,48,73,111,116,73,666,172,140,80,338,144,645,186,492,174,1952,250,860,270,93,74,195,91
1400000US53033000300,53033000300,"Census Tract 3, King County, Washington",1916,200,15,21,0,12,0,12,0,12,0,12,1,2,0,12,0,12,0,12,0,12,0,12,16,18,51,46,47,47,61,42,359,160,45,35,146,65,263,84,278,120,428,128,148,66,32,40,26,23
1400000US53033000401,53033000401,"Census Tract 4.01, King County, Washington",4487,350,79,70,0,17,0,17,0,17,0,17,0,17,0,17,0,17,20,32,0,17,49,56,27,32,71,73,71,76,41,38,699,183,163,84,227,111,826,260,448,177,1194,268,391,135,77,70,104,74
1400000US53033000402,53033000402,"Census Tract 4.02, King County, Washington",4145,380,25,24,0,12,0,12,0,12,0,12,0,12,0,12,8,16,0,12,0,12,32,30,5,10,29,28,70,65,67,78,635,188,36,35,261,119,551,183,218,100,1530,249,457,186,167,95,54,50
1400000US53033000500,53033000500,"Census Tract 5, King County, Washington",2353,118,3,6,9,14,0,12,0,12,0,12,10,15,4,8,0,12,0,12,0,12,0,12,0,12,0,12,0,12,21,23,103,48,32,34,71,43,330,78,103,53,984,159,419,104,188,56,76,42
1400000US53033000600,53033000600,"Census Tract 6, King County, Washington",5791,389,12,18,0,17,0,17,0,17,0,17,6,13,15,22,14,20,69,33,0,17,14,21,0,17,19,26,0,17,234,122,949,272,259,154,341,143,865,208,329,149,1645,312,746,222,205,111,69,53
1400000US53033000700,53033000700,"Census Tract 7, King County, Washington",3359,366,44,60,14,23,0,12,0,12,0,12,0,12,0,12,0,12,0,12,0,12,13,22,0,12,49,80,0,12,89,68,416,156,87,74,166,76,371,170,373,142,1153,242,410,142,101,78,73,51
1400000US53033000800,53033000800,"Census Tract 8, King County, Washington",1895,144,19,31,0,12,0,12,0,12,0,12,0,12,0,12,0,12,0,12,0,12,7,12,0,12,0,12,8,13,36,29,160,68,18,21,83,46,324,102,109,56,518,105,454,116,73,44,86,46
1400000US53033000900,53033000900,"Census Tract 9, King County, Washington",1506,104,0,12,0,12,0,12,0,12,0,12,0,12,0,12,0,12,0,12,0,12,10,14,2,4,4,6,15,22,7,10,83,38,4,7,48,28,108,40,67,27,489,91,348,66,115,42,206,57
1400000US53033001000,53033001000,"Census Tract 10, King County, Washington",1380,108,17,19,0,12,0,12,0,12,0,12,0,12,0,12,0,12,0,12,16,23,0,12,4,8,7,13,15,16,5,7,117,60,36,30,34,22,284,80,97,42,379,79,246,63,45,23,78,27
1400000US53033001100,53033001100,"Census Tract 11, King County, Washington",1923,183,0,12,0,12,0,12,0,12,7,14,0,12,0,12,0,12,0,12,12,19,0,12,0,12,0,12,30,45,0,12,169,82,50,47,79,40,294,109,111,41,597,151,469,102,78,45,27,28
1400000US53033001200,53033001200,"Census Tract 12, King County, Washington",4852,361,55,49,0,17,4,10,0,17,0,17,0,17,0,17,0,17,36,55,0,17,0,17,81,76,69,70,24,39,181,130,673,208,31,33,281,126,918,306,343,123,1468,273,516,180,74,48,98,71
1400000US53033001300,53033001300,"Census Tract 13, King County, Washington",3416,255,0,12,13,21,0,12,0,12,0,12,0,12,0,12,0,12,66,91,0,12,58,85,0,12,29,46,40,48,81,67,281,150,87,66,109,73,521,140,326,155,1089,205,527,154,125,101,64,62
1400000US53033001400,53033001400,"Census Tract 14, King County, Washington",4056,378,0,17,0,17,0,17,0,17,0,17,17,30,0,17,0,17,20,30,0,17,29,32,14,23,165,125,81,86,56,49,368,150,83,71,251,135,462,187,303,107,1325,253,627,189,83,67,172,92
1400000US53033001500,53033001500,"Census Tract 15, King County, Washington",1827,110,0,12,0,12,7,11,0,12,0,12,0,12,0,12,0,12,0,12,0,12,0,12,0,12,0,12,20,31,0,12,147,64,15,25,149,78,136,49,76,42,782,135,271,81,103,59,121,64
1400000US53033001600,53033001600,"Census Tract 16, King County, Washington",3219,147,10,14,0,12,0,12,0,12,0,12,0,12,0,12,0,12,0,12,0,12,0,12,0,12,9,12,0,12,82,93,221,61,73,52,112,53,445,106,292,115,1093,182,604,113,183,61,95,60
1400000US53033001701,53033001701,"Census Tract 17.01, King County, Washington",3083,252,0,12,16,24,0,12,0,12,0,12,0,12,0,12,14,22,14,16,0,12,0,12,0,12,14,21,45,39,94,84,255,101,72,47,204,87,293,93,223,79,1146,180,519,145,113,66,61,44
1400000US53033001702,53033001702,"Census Tract 17.02, King County, Washington",3420,325,47,50,0,12,0,12,0,12,0,12,0,12,0,12,0,12,20,25,0,12,9,24,5,11,0,12,5,11,56,63,293,99,74,50,256,114,499,150,469,148,1259,257,353,123,28,26,47,50
1400000US53033001800,53033001800,"Census Tract 18, King County, Washington",3678,440,66,81,0,17,0,17,143,222,0,17,0,17,47,74,0,17,19,31,0,17,19,31,0,17,0,17,0,17,27,32,269,122,0,17,98,68,367,150,438,181,1553,359,429,166,128,98,75,79
1400000US53033001900,53033001900,"Census Tract 19, King County, Washington",3464,246,19,17,0,12,0,12,0,12,0,12,0,12,0,12,0,12,27,44,5,11,8,15,0,12,38,54,9,13,48,41,272,77,71,46,128,59,616,217,337,131,1171,172,426,108,141,68,148,82
1400000US53033002000,53033002000,"Census Tract 20, King County, Washington",2750,170,0,12,0,12,0,12,0,12,9,14,0,12,0,12,0,12,10,15,8,13,0,12,0,12,10,16,17,20,11,17,220,130,48,63,54,60,403,128,175,66,1071,177,513,97,89,47,112,54
1400000US53033002100,53033002100,"Census Tract 21, King County, Washington",3199,190,10,15,0,12,0,12,0,12,0,12,0,12,0,12,0,12,9,14,0,12,0,12,20,23,22,24,0,12,24,32,314,193,32,31,114,49,337,97,200,72,1153,171,551,115,138,55,275,98
1400000US53033002200,53033002200,"Census Tract 22, King County, Washington",4094,252,0,17,0,17,0,17,0,17,0,17,0,17,5,12,0,17,0,17,0,17,0,17,0,17,0,17,0,17,9,11,290,122,23,33,94,67,349,127,292,128,1270,225,971,261,421,150,370,139
1400000US53033002400,53033002400,"Census Tract 24, King County, Washington",2205,144,8,13,0,12,0,12,0,12,0,12,0,12,0,12,0,12,0,12,0,12,30,23,0,12,0,12,9,15,7,11,74,43,18,20,77,38,387,122,125,67,689,139,484,117,160,63,137,54
1400000US53033002500,53033002500,"Census Tract 25, King County, Washington",2244,153,0,12,0,12,0,12,0,12,0,12,0,12,0,12,0,12,0,12,0,12,0,12,0,12,0,12,0,12,0,12,98,51,59,39,73,50,283,143,150,69,888,144,482,120,48,37,163,72
1400000US53033002600,53033002600,"Census Tract 26, King County, Washington",3586,230,0,12,0,12,0,12,0,12,0,12,0,12,0,12,0,12,0,12,0,12,0,12,1,2,0,12,0,12,0,12,291,103,20,17,94,43,375,90,255,96,1486,206,662,131,177,73,225,83
1400000US53033002700,53033002700,"Census Tract 27, King County, Washington",4480,442,13,21,0,17,0,17,0,17,0,17,0,17,0,17,0,17,0,17,12,20,0,17,17,32,17,27,47,50,18,27,278,156,38,44,166,114,538,162,204,110,1729,369,769,181,348,136,286,142
1400000US53033002800,53033002800,"Census Tract 28, King County, Washington",3572,305,12,19,0,12,0,12,0,12,0,12,0,12,0,12,0,12,0,12,0,12,1,4,2,4,6,11,2,4,25,24,156,78,38,51,90,57,442,164,215,92,1732,297,534,160,202,89,115,85
1400000US53033002900,53033002900,"Census Tract 29, King County, Washington",3249,141,0,12,0,12,0,12,0,12,0,12,0,12,0,12,0,12,0,12,0,12,0,12,24,26,8,14,1,2,32,30,237,86,91,72,54,32,365,96,176,100,1224,134,804,121,139,58,94,48
1400000US53033003000,53033003000,"Census Tract 30, King County, Washington",4049,328,0,17,0,17,0,17,0,17,0,17,0,17,0,17,12,19,1,2,0,17,14,22,0,17,18,28,14,21,0,17,466,195,15,23,123,87,428,129,289,115,1607,272,794,237,195,74,73,48
1400000US53033003100,53033003100,"Census Tract 31, King County, Washington",4598,263,0,17,0,17,0,17,0,17,0,17,0,17,0,17,0,17,16,26,0,17,18,28,1,4,30,33,69,89,17,27,335,119,15,23,145,84,540,135,369,151,1885,222,795,156,229,106,134,68
1400000US53033003200,53033003200,"Census Tract 32, King County, Washington",6340,339,0,17,0,17,0,17,0,17,0,17,0,17,13,21,0,17,0,17,13,20,38,37,22,37,0,17,16,25,0,17,357,158,84,55,198,88,621,195,530,149,2869,374,1131,259,229,127,219,86
1400000US53033003300,53033003300,"Census Tract 33, King County, Washington",5375,311,0,17,0,17,0,17,0,17,0,17,0,17,0,17,0,17,11,18,0,17,34,53,11,20,41,47,30,33,0,17,221,111,82,78,229,120,572,200,517,157,2340,323,877,182,232,112,178,103
1400000US53033003400,53033003400,"Census Tract 34, King County, Washington",2649,180,0,12,0,12,0,12,0,12,0,12,0,12,0,12,0,12,0,12,0,12,0,12,0,12,0,12,0,12,0,12,68,41,7,12,84,46,183,78,269,91,1081,185,733,121,149,77,75,42
1400000US53033003500,53033003500,"Census Tract 35, King County, Washington",2955,173,0,12,0,12,0,12,0,12,0,12,0,12,0,12,0,12,1,3,3,6,2,5,3,5,19,20,0,12,12,16,136,61,61,42,69,49,428,125,178,79,965,145,785,143,232,89,61,36
1400000US53033003600,53033003600,"Census Tract 36, King County, Washington",4703,462,0,17,0,17,0,17,0,17,0,17,0,17,7,16,0,17,0,17,0,17,0,17,0,17,25,29,0,17,0,17,250,100,54,48,129,94,332,137,187,76,2335,465,945,213,278,94,161,101
1400000US53033003800,53033003800,"Census Tract 38, King County, Washington",1478,109,11,16,0,12,0,12,0,12,0,12,0,12,0,12,0,12,0,12,0,12,0,12,6,8,0,12,0,12,29,23,115,59,9,13,27,20,172,63,91,40,462,71,277,61,129,50,150,42
1400000US53033003900,53033003900,"Census Tract 39, King County, Washington",2147,137,0,12,0,12,0,12,0,12,0,12,0,12,0,12,0,12,0,12,0,12,0,12,0,12,0,12,0,12,8,14,116,65,19,21,66,35,311,93,153,65,791,122,360,83,120,53,203,74
1400000US53033004000,53033004000,"Census Tract 40, King County, Washington",2181,151,0,12,0,12,0,12,0,12,0,12,0,12,0,12,0,12,0,12,0,12,0,12,7,16,0,12,59,48,8,12,110,73,12,18,90,58,142,73,47,35,785,144,427,105,300,106,194,70
1400000US53033004100,53033004100,"Census Tract 41, King County, Washington",5353,290,0,17,0,17,0,17,0,17,0,17,0,17,0,17,4,9,0,17,0,17,0,17,38,41,0,17,22,36,30,42,131,75,39,40,89,63,268,174,390,162,2092,278,942,177,650,174,658,219
1400000US53033004200,53033004200,"Census Tract 42, King County, Washington",5822,319,0,17,0,17,0,17,0,17,0,17,0,17,0,17,0,17,0,17,0,17,34,38,0,17,0,17,0,17,16,25,191,165,18,28,138,95,515,169,232,81,2314,322,1580,265,386,120,398,129
1400000US53033004301,53033004301,"Census Tract 43.01, King County, Washington",2246,213,0,12,0,12,0,12,0,12,0,12,10,15,20,32,0,12,0,12,0,12,9,21,0,12,0,12,0,12,17,28,145,70,0,12,23,18,165,60,122,61,778,150,613,151,153,74,191,57
1400000US53033004302,53033004302,"Census Tract 43.02, King County, Washington",1126,181,8,14,0,12,0,12,0,12,0,12,0,12,0,12,0,12,0,12,0,12,0,12,0,12,0,12,9,15,18,21,68,40,0,12,31,25,97,63,91,65,449,138,201,80,31,28,123,70
1400000US53033004400,53033004400,"Census Tract 44, King County, Washington",3424,454,0,17,17,26,0,17,0,17,0,17,0,17,0,17,0,17,0,17,0,17,0,17,0,17,0,17,0,17,0,17,197,170,18,29,120,83,301,129,87,156,1591,352,521,178,263,133,309,148
1400000US53033004500,53033004500,"Census Tract 45, King County, Washington",2072,234,0,12,0,12,0,12,0,12,0,12,0,12,0,12,0,12,0,12,0,12,0,12,18,29,0,12,0,12,0,12,162,64,10,13,74,55,233,97,107,66,848,152,418,97,85,43,117,71
1400000US53033004600,53033004600,"Census Tract 46, King County, Washington",2588,190,0,12,0,12,0,12,0,12,0,12,0,12,0,12,0,12,0,12,0,12,22,32,0,12,0,12,18,26,10,13,112,61,10,13,72,44,215,72,57,39,1125,161,650,123,195,69,102,50
1400000US53033004700,53033004700,"Census Tract 47, King County, Washington",7459,416,24,38,0,17,0,17,0,17,0,17,0,17,26,42,0,17,0,17,0,17,58,61,30,49,20,32,54,59,60,68,727,385,39,61,325,186,694,237,579,304,2991,502,1172,326,403,168,257,154
1400000US53033004800,53033004800,"Census Tract 48, King County, Washington",4001,327,0,12,0,12,0,12,0,12,0,12,0,12,0,12,0,12,0,12,0,12,15,25,20,31,0,12,0,12,29,32,125,62,23,31,161,92,517,182,199,91,1795,270,742,212,235,84,140,74
1400000US53033004900,53033004900,"Census Tract 49, King County, Washington",5539,389,4,8,0,17,0,17,0,17,0,17,4,9,4,9,0,17,8,13,0,17,0,17,20,25,0,17,18,26,33,37,250,128,47,55,159,78,416,153,289,154,2919,420,791,221,166,82,411,148
1400000US53033005000,53033005000,"Census Tract 50, King County, Washington",2963,289,12,18,0,12,0,12,0,12,0,12,0,12,0,12,0,12,0,12,0,12,0,12,0,12,0,12,0,12,18,21,117,69,0,12,57,39,309,107,156,64,1398,286,611,166,139,50,146,71
1400000US53033005100,53033005100,"Census Tract 51, King County, Washington",2811,221,0,12,0,12,0,12,8,14,0,12,0,12,0,12,0,12,0,12,0,12,0,12,32,51,0,12,10,16,8,12,131,57,58,56,73,40,206,97,108,71,1052,172,698,120,178,68,249,73
1400000US53033005200,53033005200,"Census Tract 52, King County, Washington",3190,389,16,26,0,17,0,17,0,17,0,17,0,17,0,17,0,17,0,17,0,17,17,28,21,33,15,25,2,5,35,36,94,67,67,49,155,113,373,137,194,133,1174,235,628,176,266,140,133,76
1400000US53033005301,53033005301,"Census Tract 53.01, King County, Washington",1926,357,9,21,0,17,0,17,0,17,0,17,0,17,0,17,0,17,0,17,0,17,69,80,28,46,69,82,0,17,29,36,158,68,28,28,50,81,416,232,156,96,451,126,319,112,40,66,104,67
1400000US53033005302,53033005302,"Census Tract 53.02, King County, Washington",236,80,0,17,0,17,0,17,0,17,0,17,0,17,0,17,0,17,0,17,0,17,0,17,0,17,0,17,0,17,15,35,8,17,14,21,6,13,37,39,0,17,94,38,57,28,5,7,0,17
1400000US53033005400,53033005400,"Census Tract 54, King County, Washington",4030,250,0,17,0,17,0,17,0,17,0,17,0,17,0,17,0,17,0,17,0,17,0,17,0,17,16,35,0,17,0,17,103,80,0,17,64,48,344,148,328,122,1892,285,817,191,217,105,249,121
1400000US53033005600,53033005600,"Census Tract 56, King County, Washington",4787,278,21,31,0,17,0,17,0,17,0,17,0,17,0,17,0,17,0,17,0,17,0,17,16,26,12,21,22,36,55,50,162,82,0,17,88,62,415,132,314,146,1820,250,1101,197,467,141,294,119
1400000US53033005700,53033005700,"Census Tract 57, King County, Washington",4756,247,0,17,0,17,0,17,0,17,0,17,0,17,0,17,0,17,0,17,0,17,0,17,0,17,0,17,31,35,68,75,286,113,70,56,158,83,596,227,338,139,1905,256,743,228,347,149,214,126
1400000US53033005801,53033005801,"Census Tract 58.01, King County, Washington",3996,271,9,14,0,17,0,17,0,17,0,17,0,17,0,17,0,17,0,17,0,17,0,17,17,27,0,17,52,81,48,54,378,133,56,44,171,97,660,169,377,161,1645,258,416,137,55,52,112,71
1400000US53033005802,53033005802,"Census Tract 58.02, King County, Washington",4236,319,0,17,0,17,0,17,0,17,0,17,0,17,0,17,0,17,0,17,0,17,2,5,17,27,0,17,36,40,16,25,283,152,113,117,245,125,387,120,248,119,1839,316,778,237,148,79,124,85
1400000US53033005900,53033005900,"Census Tract 59, King County, Washington",4228,395,0,17,0,17,0,17,0,17,0,17,0,17,0,17,0,17,0,17,0,17,0,17,0,17,0,17,0,17,0,17,190,101,12,19,198,120,414,163,137,84,1728,319,884,222,468,242,197,98
1400000US53033006000,53033006000,"Census Tract 60, King County, Washington",4113,375,43,61,0,17,0,17,0,17,0,17,0,17,0,17,0,17,0,17,0,17,0,17,0,17,7,13,0,17,21,33,101,64,0,17,199,101,437,204,286,172,1485,278,925,236,387,184,222,93
1400000US53033006100,53033006100,"Census Tract 61, King County, Washington",4110,296,15,24,0,17,0,17,0,17,0,17,0,17,0,17,0,17,0,17,0,17,0,17,3,8,11,19,0,17,0,17,168,108,0,17,91,64,437,159,153,87,1994,307,784,197,324,154,130,83
1400000US53033006200,53033006200,"Census Tract 62, King County, Washington",2928,150,0,12,0,12,0,12,0,12,0,12,0,12,0,12,0,12,0,12,0,12,0,12,18,28,12,18,10,16,0,12,141,65,56,39,28,26,139,60,67,44,960,148,800,117,457,112,240,76
1400000US53033006300,53033006300,"Census Tract 63, King County, Washington",3912,268,0,12,0,12,0,12,0,12,0,12,0,12,0,12,0,12,0,12,0,12,5,11,20,33,0,12,5,10,0,12,129,90,9,14,47,40,498,160,123,87,1408,233,1008,215,446,156,214,94
1400000US53033006400,53033006400,"Census Tract 64, King County, Washington",2456,127,14,23,0,12,0,12,0,12,0,12,0,12,0,12,0,12,0,12,0,12,10,17,0,12,5,12,0,12,0,12,65,44,38,33,59,37,138,57,86,47,1021,148,442,113,398,102,180,62
1400000US53033006500,53033006500,"Census Tract 65, King County, Washington",3627,280,1,2,0,12,0,12,0,12,0,12,0,12,0,12,0,12,0,12,1,2,0,12,2,4,0,12,22,32,43,69,126,83,17,24,98,106,452,217,195,137,1164,203,801,225,369,131,336,128
1400000US53033006600,53033006600,"Census Tract 66, King County, Washington",3080,353,0,12,0,12,0,12,0,12,0,12,0,12,0,12,0,12,3,9,0,12,0,12,0,12,0,12,20,32,0,12,132,104,18,27,79,64,209,111,307,112,1376,299,655,164,59,46,222,138
1400000US53033006700,53033006700,"Census Tract 67, King County, Washington",6478,497,36,41,0,17,0,17,0,17,0,17,0,17,0,17,0,17,8,20,0,17,15,24,33,47,32,52,0,17,0,17,257,135,98,65,75,63,871,282,358,192,2585,352,1591,456,396,181,123,83
1400000US53033006800,53033006800,"Census Tract 68, King County, Washington",2332,187,6,10,0,12,0,12,0,12,0,12,0,12,0,12,0,12,0,12,0,12,0,12,0,12,0,12,7,11,11,13,93,55,19,22,14,17,226,82,152,69,1112,172,456,121,166,60,70,40
1400000US53033006900,53033006900,"Census Tract 69, King County, Washington",3677,216,74,117,0,12,0,12,0,12,0,12,0,12,0,12,0,12,0,12,0,12,0,12,0,12,16,23,16,25,15,22,143,77,51,46,116,69,333,138,208,99,1564,211,748,194,309,123,84,70
1400000US53033007000,53033007000,"Census Tract 70, King County, Washington",6557,424,80,76,0,17,0,17,0,17,0,17,0,17,0,17,118,150,0,17,0,17,0,17,6,12,0,17,72,116,56,65,358,136,99,91,243,140,705,235,450,223,2964,408,953,336,208,101,245,155
1400000US53033007100,53033007100,"Census Tract 71, King County, Washington",3286,301,0,12,0,12,0,12,0,12,0,12,0,12,0,12,0,12,5,11,5,12,7,13,0,12,0,12,24,27,0,12,341,200,88,58,83,46,354,126,99,64,1348,225,719,183,187,87,26,28
1400000US53033007200,53033007200,"Census Tract 72, King County, Washington",5482,453,91,105,0,17,0,17,0,17,0,17,0,17,0,17,0,17,4,11,0,17,34,59,0,17,0,17,5,12,107,67,183,124,131,88,41,49,616,227,540,215,2127,384,1403,299,131,98,69,73
1400000US53033007300,53033007300,"Census Tract 73, King County, Washington",4710,363,0,17,0,17,0,17,0,17,26,41,0,17,15,25,40,63,9,15,0,17,15,20,6,15,28,32,44,38,45,37,295,109,49,47,142,91,1046,248,116,67,1559,315,819,224,322,124,134,94
1400000US53033007401,53033007401,"Census Tract 74.01, King County, Washington",4453,311,38,45,0,17,0,17,0,17,0,17,0,17,0,17,0,17,0,17,0,17,0,17,0,17,59,96,0,17,19,31,160,115,18,28,143,84,575,195,373,238,1898,267,828,219,101,74,241,140
1400000US53033007402,53033007402,"Census Tract 74.02, King County, Washington",4433,357,0,17,0,17,0,17,0,17,0,17,0,17,0,17,0,17,0,17,0,17,0,17,0,17,20,33,25,33,35,42,469,191,76,43,144,93,698,235,410,280,1589,307,619,200,191,94,157,76
1400000US53033007500,53033007500,"Census Tract 75, King County, Washington",6334,567,0,17,0,17,2,4,0,17,0,17,0,17,1,3,0,17,0,17,0,17,0,17,20,33,0,17,0,17,30,45,220,197,25,38,227,165,842,286,726,412,2776,438,925,308,406,220,134,101
1400000US53033007600,53033007600,"Census Tract 76, King County, Washington",3041,251,8,13,0,12,0,12,0,12,0,12,0,12,0,12,0,12,0,12,2,4,0,12,9,17,11,16,16,25,6,12,245,136,10,12,35,31,383,129,159,72,1164,177,610,144,251,115,132,62
1400000US53033007700,53033007700,"Census Tract 77, King County, Washington",3647,320,44,69,0,17,0,17,0,17,0,17,0,17,0,17,0,17,3,9,0,17,0,17,0,17,33,54,0,17,0,17,409,211,77,75,134,74,350,123,223,92,1338,242,689,154,137,76,210,101
1400000US53033007800,53033007800,"Census Tract 78, King County, Washington",4137,318,11,17,0,17,0,17,0,17,0,17,0,17,0,17,0,17,39,55,0,17,0,17,16,24,38,62,38,58,0,17,131,108,38,50,126,86,302,121,125,89,1408,235,1005,221,632,207,228,108
1400000US53033007900,53033007900,"Census Tract 79, King County, Washington",4971,451,17,26,0,17,0,17,0,17,1,2,0,17,0,17,0,17,0,17,14,23,18,29,11,20,75,77,58,73,0,17,240,115,96,66,240,139,591,188,295,96,2186,426,608,169,263,101,258,199
1400000US53033008001,53033008001,"Census Tract 80.01, King County, Washington",5452,598,0,17,0,17,0,17,0,17,0,17,0,17,0,17,0,17,0,17,0,17,0,17,75,120,20,46,0,17,26,43,372,191,177,110,361,248,639,244,129,91,1727,438,1289,507,369,204,268,163
1400000US53033008002,53033008002,"Census Tract 80.02, King County, Washington",2814,253,15,24,0,12,0,12,0,12,0,12,0,12,0,12,0,12,0,12,11,27,0,12,0,12,0,12,26,34,40,37,263,131,174,100,150,85,576,194,140,93,912,170,344,156,79,49,84,71
1400000US53033008100,53033008100,"Census Tract 81, King County, Washington",3992,512,0,12,0,12,0,12,0,12,0,12,0,12,0,12,0,12,26,34,23,46,91,139,57,55,50,41,96,74,49,39,477,184,218,79,127,74,509,156,184,129,1130,237,703,203,196,94,56,43
1400000US53033008200,53033008200,"Census Tract 82, King County, Washington",3216,351,0,12,0,12,0,12,0,12,0,12,0,12,0,12,0,12,0,12,0,12,0,12,0,12,0,12,15,24,0,12,180,128,15,23,256,138,494,196,105,69,1246,240,528,226,252,120,125,74
1400000US53033008300,53033008300,"Census Tract 83, King County, Washington",2485,260,0,12,0,12,0,12,0,12,0,12,0,12,0,12,0,12,11,17,6,15,8,18,8,18,10,14,6,14,40,50,184,94,90,84,112,53,428,146,179,77,857,138,425,111,108,68,13,18
1400000US53033008400,53033008400,"Census Tract 84, King County, Washington",3225,279,0,12,0,12,0,12,0,12,0,12,0,12,15,25,52,84,0,12,0,12,0,12,10,22,0,12,8,15,25,30,132,76,73,53,206,118,406,136,291,117,1246,198,469,140,157,71,135,83
1400000US53033008500,53033008500,"Census Tract 85, King County, Washington",3512,251,121,69,16,23,0,12,0,12,0,12,0,12,0,12,7,11,38,45,8,12,66,54,62,63,51,48,177,74,58,51,421,104,301,101,225,90,698,162,193,91,607,114,231,78,134,64,98,47
1400000US53033008600,53033008600,"Census Tract 86, King County, Washington",2304,346,78,60,0,12,47,21,0,12,0,12,0,12,28,46,10,15,0,12,7,13,26,33,45,72,8,12,31,70,39,30,66,47,114,100,72,43,133,69,98,70,925,199,358,150,89,62,130,86
1400000US53033008700,53033008700,"Census Tract 87, King County, Washington",3109,357,18,19,0,12,0,12,0,12,0,12,0,12,0,12,28,61,30,33,27,43,62,76,56,63,16,19,46,62,48,34,183,90,35,25,122,47,592,181,303,127,993,197,218,78,202,91,130,73
1400000US53033008800,53033008800,"Census Tract 88, King County, Washington",2862,293,0,12,0,12,0,12,0,12,33,38,51,78,0,12,22,34,28,43,0,12,12,12,9,13,18,17,21,31,18,16,243,104,19,20,138,79,429,184,129,57,1117,207,402,109,129,58,44,32
1400000US53033008900,53033008900,"Census Tract 89, King County, Washington",3557,388,0,12,0,12,0,12,0,12,0,12,8,19,0,12,9,19,53,82,9,19,18,27,9,19,35,42,31,51,9,31,454,153,0,12,92,70,463,194,264,134,1308,320,436,161,336,159,23,32
1400000US53033009000,53033009000,"Census Tract 90, King County, Washington",2713,207,69,49,0,12,6,10,0,12,13,19,25,35,18,18,19,22,32,41,0,12,59,51,36,39,53,46,26,39,87,64,476,145,28,33,65,34,356,109,175,71,663,166,350,94,98,62,59,44
1400000US53033009100,53033009100,"Census Tract 91, King County, Washington",1987,189,93,62,0,12,0,12,17,21,6,15,90,74,16,26,21,33,70,49,0,12,25,39,198,133,86,75,0,12,75,68,328,124,30,26,66,38,221,101,161,112,362,132,66,40,48,37,8,13
1400000US53033009200,53033009200,"Census Tract 92, King County, Washington",2186,273,89,49,0,12,0,12,0,12,0,12,21,33,5,12,14,19,48,45,5,12,119,87,34,39,12,15,15,17,62,46,195,77,117,49,140,68,408,153,138,68,580,132,120,76,47,31,17,20
1400000US53033009300,53033009300,"Census Tract 93, King County, Washington",2236,266,68,55,0,12,0,12,0,12,0,12,6,10,18,31,0,12,15,26,44,47,20,27,14,20,31,30,53,42,71,55,295,120,115,66,90,47,280,116,146,61,645,151,202,63,60,39,63,43
1400000US53033009400,53033009400,"Census Tract 94, King County, Washington",4377,428,189,108,0,17,0,17,0,17,98,77,10,18,19,30,17,27,201,171,0,17,35,42,123,105,79,101,74,89,133,86,488,262,119,82,175,118,508,174,332,110,1377,301,241,111,143,74,16,24
1400000US53033009500,53033009500,"Census Tract 95, King County, Washington",4617,424,43,41,0,17,0,17,0,17,0,17,28,32,7,15,0,17,0,17,13,21,86,78,18,25,144,100,0,17,89,74,537,233,68,82,171,116,599,191,116,74,1405,282,681,164,441,128,171,97
1400000US53033009600,53033009600,"Census Tract 96, King County, Washington",4343,430,15,24,0,17,0,17,0,17,19,37,0,17,0,17,0,17,33,49,6,12,20,28,0,17,119,92,3,7,24,28,300,139,20,26,264,128,480,177,412,169,1648,288,533,155,360,160,87,46
1400000US53033009701,53033009701,"Census Tract 97.01, King County, Washington",4636,327,15,34,0,17,0,17,0,17,0,17,0,17,0,17,0,17,0,17,0,17,0,17,49,74,0,17,15,25,11,21,363,133,30,33,196,89,559,146,401,159,1960,262,714,242,265,130,58,55
1400000US53033009702,53033009702,"Census Tract 97.02, King County, Washington",4137,242,33,27,0,17,0,17,0,17,0,17,0,17,0,17,0,17,14,22,3,6,2,7,0,17,3,6,36,43,34,39,396,140,65,62,164,76,370,132,334,134,1725,237,562,142,281,100,115,78
1400000US53033009800,53033009800,"Census Tract 98, King County, Washington",5021,268,14,24,0,17,0,17,0,17,0,17,0,17,0,17,0,17,0,17,0,17,0,17,19,29,35,41,16,25,0,17,462,142,86,63,185,91,687,182,567,203,1891,327,740,232,229,103,90,68
1400000US53033009900,53033009900,"Census Tract 99, King County, Washington",4125,255,133,179,0,17,0,17,0,17,0,17,0,17,0,17,33,52,0,17,0,17,1,2,0,17,14,21,29,32,46,42,370,157,27,30,225,119,497,195,312,140,1720,266,540,144,125,88,53,53
1400000US53033010001,53033010001,"Census Tract 100.01, King County, Washington",2855,220,266,117,0,12,0,12,61,80,0,12,0,12,0,12,54,73,104,73,0,12,49,53,36,45,0,12,10,15,47,54,371,149,38,51,133,80,492,152,173,78,584,152,317,85,95,62,25,26
1400000US53033010002,53033010002,"Census Tract 100.02, King County, Washington",3583,351,125,71,0,12,0,12,50,73,9,15,0,12,0,12,34,40,182,102,8,13,77,107,173,181,12,16,0,12,56,39,549,214,58,45,182,76,471,142,179,92,926,169,385,119,73,48,34,43
1400000US53033010100,53033010100,"Census Tract 101, King County, Washington",5147,493,68,54,0,17,0,17,0,17,32,54,19,32,0,17,5,11,26,43,0,17,69,82,60,52,59,51,208,149,56,52,536,236,179,121,363,131,672,181,360,176,1289,219,782,201,289,110,75,61
1400000US53033010200,53033010200,"Census Tract 102, King County, Washington",3506,235,123,75,0,12,0,12,0,12,0,12,17,23,0,12,0,12,8,13,0,12,22,33,24,30,14,17,35,43,60,53,300,95,91,66,78,45,439,104,200,74,1111,144,663,131,215,78,106,46
1400000US53033010300,53033010300,"Census Tract 103, King County, Washington",4897,379,61,72,0,17,0,17,0,17,0,17,62,49,0,17,34,55,28,38,0,17,81,71,18,24,7,18,76,84,129,95,974,231,166,122,275,217,881,293,412,187,1109,251,380,127,137,96,67,54
1400000US53033010401,53033010401,"Census Tract 104.01, King County, Washington",3541,485,269,101,0,12,11,19,0,12,0,12,63,49,0,12,65,85,107,75,23,28,60,39,121,164,84,107,15,35,195,102,562,171,127,75,62,40,341,130,308,111,747,149,301,97,41,29,39,35
1400000US53033010402,53033010402,"Census Tract 104.02, King County, Washington",3880,499,124,82,0,17,0,17,0,17,2,4,54,63,3,7,64,65,27,25,74,83,70,65,100,94,57,49,52,37,244,219,559,149,32,32,295,109,544,190,371,120,970,301,155,83,57,56,26,37
1400000US53033010500,53033010500,"Census Tract 105, King County, Washington",5283,284,19,32,0,17,1,3,0,17,0,17,1,5,6,13,6,12,0,17,20,27,2,4,8,20,0,17,38,61,109,106,762,217,124,84,215,79,661,207,479,148,1591,283,954,261,142,74,145,84
1400000US53033010600,53033010600,"Census Tract 106, King County, Washington",6241,312,0,17,0,17,0,17,0,17,0,17,0,17,0,17,0,17,11,18,19,29,37,60,0,17,23,36,18,27,18,29,716,156,74,63,344,136,853,217,492,147,2390,300,877,208,253,103,116,82
1400000US53033010701,53033010701,"Census Tract 107.01, King County, Washington",2253,248,44,36,0,12,0,12,0,12,0,12,46,71,0,12,23,32,51,47,0,12,9,15,45,37,15,18,31,29,23,22,222,99,102,55,84,49,435,122,403,170,465,149,214,84,26,30,15,22
1400000US53033010702,53033010702,"Census Tract 107.02, King County, Washington",2508,231,129,91,0,12,0,12,0,12,51,54,0,12,29,47,33,50,29,46,0,12,124,74,0,12,0,12,53,50,45,34,389,173,68,42,122,61,367,111,195,75,664,178,132,61,71,45,7,10
1400000US53033010800,53033010800,"Census Tract 108, King County, Washington",3127,206,43,32,0,12,0,12,0,12,0,12,9,15,0,12,0,12,24,35,0,12,0,12,2,3,9,15,15,17,54,48,468,120,144,95,173,85,558,147,359,106,826,182,374,116,49,34,20,19
1400000US53033010900,53033010900,"Census Tract 109, King County, Washington",849,107,5,8,0,12,0,12,0,12,0,12,0,12,0,12,0,12,1,6,0,12,20,31,11,14,13,14,10,12,14,15,61,46,46,37,97,54,135,57,69,32,289,75,71,35,0,12,7,10
1400000US53033011001,53033011001,"Census Tract 110.01, King County, Washington",3231,347,317,140,15,24,21,27,0,12,0,12,13,20,29,30,18,20,8,13,11,17,27,31,158,100,103,87,124,95,184,147,594,144,129,77,186,110,344,156,244,108,498,181,114,68,38,57,56,55
1400000US53033011002,53033011002,"Census Tract 110.02, King County, Washington",2971,286,341,119,0,12,0,12,0,12,8,13,9,15,9,14,40,33,186,122,55,56,147,82,134,116,78,58,27,34,86,49,793,197,113,74,122,78,176,69,122,67,414,135,87,52,24,28,0,12
1400000US53033011101,53033011101,"Census Tract 111.01, King County, Washington",3923,352,277,112,0,17,0,17,0,17,29,46,48,61,77,65,0,17,103,71,22,32,122,81,39,51,90,62,57,43,49,32,757,183,193,101,320,127,518,172,205,75,653,129,302,117,29,25,33,30
1400000US53033011102,53033011102,"Census Tract 111.02, King County, Washington",3048,352,164,133,0,12,7,11,0,12,0,12,24,31,9,16,0,12,227,179,9,15,0,12,116,73,22,28,63,65,18,19,528,168,57,39,93,46,318,125,112,61,739,130,385,99,84,43,73,51
1400000US53033011200,53033011200,"Census Tract 112, King County, Washington",2573,183,53,42,0,12,0,12,0,12,0,12,0,12,6,12,0,12,41,45,65,43,10,17,177,89,83,67,170,102,99,72,458,136,184,84,192,94,465,167,101,56,340,124,129,76,0,12,0,12
1400000US53033011300,53033011300,"Census Tract 113, King County, Washington",5083,396,142,144,0,17,0,17,0,17,0,17,0,17,119,171,21,30,87,57,20,33,90,56,43,53,51,65,91,56,107,62,723,208,199,127,328,118,1199,245,492,133,1077,276,239,125,55,45,0,17
1400000US53033011401,53033011401,"Census Tract 114.01, King County, Washington",2953,286,80,82,0,12,10,17,0,12,0,12,0,12,0,12,0,12,29,43,36,41,0,12,73,57,58,49,47,53,81,63,512,134,120,97,179,72,628,143,303,95,598,120,181,79,0,12,18,20
1400000US53033011402,53033011402,"Census Tract 114.02, King County, Washington",3147,205,74,52,0,12,0,12,0,12,0,12,28,44,9,13,27,44,58,50,36,55,0,12,16,29,117,84,52,43,32,29,564,191,97,64,211,89,571,156,267,96,691,157,212,78,59,46,26,23
1400000US53033011500,53033011500,"Census Tract 115, King County, Washington",3302,174,20,17,0,12,0,12,0,12,0,12,0,12,0,12,0,12,0,12,0,12,0,12,11,15,42,43,65,49,46,50,527,119,106,55,230,96,451,125,242,90,1098,145,388,96,55,35,21,19
1400000US53033011600,53033011600,"Census Tract 116, King County, Washington",5163,263,15,23,0,17,0,17,0,17,0,17,0,17,0,17,0,17,0,17,3,8,20,31,3,7,98,104,64,89,14,22,612,179,61,45,308,114,749,208,365,124,1842,240,648,181,278,101,83,54
1400000US53033011700,53033011700,"Census Tract 117, King County, Washington",3749,331,118,70,0,17,0,17,0,17,23,25,22,26,32,29,35,31,112,76,69,44,96,82,82,49,60,59,122,81,171,78,799,222,140,77,144,88,349,158,303,130,777,211,176,78,67,57,52,43
1400000US53033011800,53033011800,"Census Tract 118, King County, Washington",4953,414,321,127,0,17,23,33,0,17,47,51,133,103,0,17,15,25,227,164,86,98,49,47,157,106,120,75,76,80,133,101,747,202,124,80,290,130,753,235,320,189,876,221,346,128,0,17,110,90
1400000US53033011900,53033011900,"Census Tract 119, King County, Washington",5195,442,142,105,0,17,0,17,0,17,0,17,0,17,20,31,74,68,152,167,51,75,11,22,35,41,60,73,80,67,126,100,1226,295,243,147,313,136,630,233,483,145,1009,244,391,198,76,60,73,64
1400000US53033012000,53033012000,"Census Tract 120, King County, Washington",2493,165,7,13,0,12,0,12,0,12,0,12,0,12,0,12,0,12,0,12,0,12,0,12,24,26,43,50,35,29,6,12,380,123,73,49,97,46,310,99,242,90,894,170,273,107,64,43,45,43
1400000US53033012100,53033012100,"Census Tract 121, King County, Washington",2176,110,0,12,0,12,0,12,0,12,0,12,0,12,0,12,0,12,1,2,1,2,0,12,14,18,0,12,0,12,12,16,229,76,36,32,168,66,282,81,201,70,738,148,328,94,138,68,28,27
1400000US53033020100,53033020100,"Census Tract 201, King County, Washington",2470,204,13,18,0,12,0,12,0,12,0,12,0,12,0,12,0,12,0,12,0,12,20,20,0,12,49,36,12,26,12,17,205,72,24,26,122,43,394,142,191,70,899,143,334,91,90,42,105,51
1400000US53033020200,53033020200,"Census Tract 202, King County, Washington",4241,273,5,11,0,17,0,17,0,17,4,11,4,11,10,22,21,33,8,17,0,17,22,24,64,62,0,17,0,17,53,45,509,154,65,71,218,89,578,157,494,145,1524,223,389,131,109,81,164,91
1400000US53033020300,53033020300,"Census Tract 203, King County, Washington",4871,433,120,80,0,17,0,17,19,31,18,29,80,78,47,74,0,17,88,100,27,63,44,49,17,27,36,53,68,101,147,178,558,173,118,74,321,141,852,241,459,132,1351,241,418,127,70,54,13,21
1400000US53033020401,53033020401,"Census Tract 204.01, King County, Washington",2594,206,48,59,0,12,0,12,0,12,0,12,8,12,0,12,9,21,26,39,0,12,17,20,13,18,35,50,28,25,82,46,404,105,34,44,293,93,375,93,267,86,560,128,319,124,47,41,29,24
1400000US53033020402,53033020402,"Census Tract 204.02, King County, Washington",3955,274,0,17,0,17,0,17,0,17,0,17,0,17,32,53,15,25,2,7,0,17,9,15,27,33,25,28,164,102,167,125,570,222,35,41,277,128,715,187,360,132,1006,196,346,127,107,67,98,66
1400000US53033020500,53033020500,"Census Tract 205, King County, Washington",4688,249,133,122,0,17,0,17,0,17,0,17,6,15,15,24,15,20,25,30,0,17,0,17,31,37,32,50,13,20,56,46,502,194,83,51,254,111,959,246,515,183,1199,289,640,166,136,94,74,59
1400000US53033020600,53033020600,"Census Tract 206, King County, Washington",2553,146,37,32,0,12,0,12,0,12,3,7,0,12,0,12,0,12,23,28,9,14,0,12,16,19,12,15,48,55,74,47,453,127,83,42,121,62,477,112,372,141,571,131,105,49,81,60,68,40
1400000US53033020700,53033020700,"Census Tract 207, King County, Washington",2502,172,4,8,0,12,0,12,0,12,21,32,0,12,0,12,13,19,29,45,10,15,19,20,28,49,31,37,124,89,54,49,371,122,63,41,168,81,523,145,267,91,561,128,156,71,18,25,42,35
1400000US53033020800,53033020800,"Census Tract 208, King County, Washington",3219,151,16,22,0,12,0,12,0,12,0,12,0,12,0,12,0,12,10,16,7,12,0,12,0,12,7,11,16,14,34,38,343,100,54,38,186,87,389,97,209,86,1045,154,526,115,246,89,131,54
1400000US53033020900,53033020900,"Census Tract 209, King County, Washington",2883,238,66,69,0,12,0,12,0,12,0,12,12,19,3,8,0,12,0,12,0,12,15,17,33,47,45,63,23,22,19,22,351,96,89,68,128,58,351,105,282,83,948,185,299,101,148,77,71,55
1400000US53033021000,53033021000,"Census Tract 210, King County, Washington",4287,299,19,32,0,17,0,17,18,27,0,17,0,17,0,17,0,17,7,15,0,17,21,34,22,33,88,101,35,36,149,113,792,239,148,98,262,113,682,209,500,171,1057,222,353,146,109,77,25,28
1400000US53033021100,53033021100,"Census Tract 211, King County, Washington",3457,435,90,62,0,12,9,14,0,12,0,12,0,12,13,29,14,19,35,45,25,59,6,13,26,29,11,25,93,82,101,70,514,215,96,55,266,100,679,195,358,89,728,149,282,93,67,55,44,33
1400000US53033021300,53033021300,"Census Tract 213, King County, Washington",2951,179,0,12,2,4,0,12,1,5,0,12,0,12,0,12,0,12,0,12,3,6,0,12,14,17,0,12,0,12,44,42,264,99,49,38,192,81,415,119,277,89,954,167,424,140,195,87,117,64
1400000US53033021400,53033021400,"Census Tract 214, King County, Washington",3034,216,13,18,0,12,0,12,0,12,0,12,2,5,2,5,0,12,11,14,0,12,0,12,60,53,0,12,63,57,88,76,327,115,79,48,162,50,472,129,123,62,962,151,403,113,135,73,132,52
1400000US53033021500,53033021500,"Census Tract 215, King County, Washington",3369,195,0,12,0,12,0,12,0,12,0,12,0,12,0,12,0,12,4,7,3,6,8,12,9,12,12,16,0,12,31,24,346,129,28,21,216,96,444,113,251,86,1185,187,510,100,149,71,173,57
1400000US53033021600,53033021600,"Census Tract 216, King County, Washington",3495,223,28,27,0,12,0,12,0,12,0,12,0,12,0,12,8,12,2,4,12,18,0,12,1,4,14,24,37,44,54,44,437,106,52,36,244,74,728,159,249,77,1162,170,313,98,74,47,80,42
1400000US53033021700,53033021700,"Census Tract 217, King County, Washington",5726,305,15,25,0,17,0,17,0,17,0,17,0,17,0,17,0,17,106,94,2,4,0,17,201,151,89,59,26,28,189,87,793,212,168,77,445,175,615,149,472,145,1711,227,578,147,179,108,137,80
1400000US53033021802,53033021802,"Census Tract 218.02, King County, Washington",3559,275,55,40,0,17,0,17,0,17,0,17,0,17,0,17,0,17,0,17,0,17,0,17,17,29,0,17,47,55,35,41,429,134,16,28,206,111,619,255,341,117,1207,232,471,147,13,22,103,69
1400000US53033021803,53033021803,"Census Tract 218.03, King County, Washington",3336,198,0,12,0,12,0,12,0,12,0,12,0,12,0,12,18,29,24,37,0,12,0,12,0,12,16,22,0,12,13,21,446,133,81,57,279,105,623,121,339,93,938,165,372,89,80,53,107,58
1400000US53033021804,53033021804,"Census Tract 218.04, King County, Washington",3038,214,12,18,0,12,0,12,0,12,0,12,0,12,0,12,0,12,71,71,0,12,3,6,37,40,43,49,14,18,134,86,514,149,54,38,124,49,517,145,274,84,907,163,255,97,48,36,31,28
1400000US53033021903,53033021903,"Census Tract 219.03, King County, Washington",4051,345,58,75,0,17,0,17,0,17,0,17,0,17,0,17,7,16,0,17,0,17,0,17,0,17,4,10,29,48,57,48,531,150,92,130,312,141,626,170,479,169,1084,256,607,182,129,81,36,40
1400000US53033021904,53033021904,"Census Tract 219.04, King County, Washington",3393,152,108,70,0,12,0,12,0,12,0,12,15,23,0,12,0,12,40,44,13,20,0,12,8,13,47,49,25,24,65,42,440,126,47,36,250,89,522,175,346,116,915,152,427,95,43,28,82,41
1400000US53033021905,53033021905,"Census Tract 219.05, King County, Washington",4216,313,54,57,0,17,0,17,0,17,13,36,0,17,10,22,0,17,47,65,0,17,43,65,0,17,11,17,37,47,79,96,575,180,87,76,190,102,657,199,300,122,1592,253,368,131,53,82,100,69
1400000US53033021906,53033021906,"Census Tract 219.06, King County, Washington",2710,160,9,14,0,12,0,12,0,12,0,12,0,12,0,12,0,12,0,12,0,12,0,12,0,12,19,23,44,65,25,31,393,150,63,41,98,58,450,105,292,105,919,154,271,70,50,29,77,49
1400000US53033022001,53033022001,"Census Tract 220.01, King County, Washington",3621,287,27,38,0,17,0,17,0,17,27,39,0,17,0,17,0,17,0,17,0,17,11,18,20,27,0,17,17,30,13,19,662,167,9,16,272,121,639,162,231,118,1201,200,380,146,26,32,86,72
1400000US53033022003,53033022003,"Census Tract 220.03, King County, Washington",3622,232,50,56,0,17,0,17,0,17,0,17,0,17,0,17,0,17,0,17,42,53,8,12,55,57,17,20,21,24,13,17,604,180,120,69,238,85,583,148,337,124,1094,193,350,116,45,34,45,33
1400000US53033022005,53033022005,"Census Tract 220.05, King County, Washington",3746,297,0,12,0,12,0,12,0,12,42,65,0,12,0,12,0,12,0,12,41,64,18,30,0,12,0,12,44,68,0,12,430,161,18,31,185,84,474,172,437,163,1262,277,579,192,135,100,81,88
1400000US53033022006,53033022006,"Census Tract 220.06, King County, Washington",2811,214,88,60,0,12,0,12,0,12,0,12,0,12,0,12,0,12,33,53,10,15,37,60,10,15,0,12,0,12,13,22,406,113,30,28,155,55,466,119,244,76,939,151,283,83,78,50,19,28
1400000US53033022101,53033022101,"Census Tract 221.01, King County, Washington",3403,203,0,12,0,12,0,12,0,12,0,12,0,12,7,11,5,9,0,12,0,12,0,12,0,12,0,12,11,17,8,13,474,115,89,59,135,50,470,98,243,93,1113,162,593,109,131,61,124,57
1400000US53033022102,53033022102,"Census Tract 221.02, King County, Washington",4220,235,22,35,0,17,0,17,0,17,0,17,0,17,0,17,0,17,0,17,0,17,2,5,16,29,22,25,3,8,31,35,280,109,45,42,227,110,604,152,326,125,1740,215,581,177,166,90,155,77
1400000US53033022201,53033022201,"Census Tract 222.01, King County, Washington",3266,205,15,18,0,12,0,12,0,12,0,12,0,12,0,12,0,12,0,12,0,12,0,12,20,28,0,12,23,25,51,35,601,144,61,37,224,83,532,133,354,141,1040,164,305,86,40,31,0,12
1400000US53033022202,53033022202,"Census Tract 222.02, King County, Washington",5729,276,33,37,0,17,0,17,0,17,0,17,0,17,15,23,0,17,0,17,36,37,0,17,0,17,0,17,42,49,60,59,609,210,51,40,328,146,848,217,629,204,2095,330,897,207,23,26,63,64
1400000US53033022203,53033022203,"Census Tract 222.03, King County, Washington",3674,255,11,17,0,17,0,17,0,17,9,15,9,15,0,17,0,17,0,17,0,17,0,17,0,17,0,17,0,17,9,13,423,152,40,35,95,52,526,126,360,126,1430,203,609,112,93,49,60,40
1400000US53033022300,53033022300,"Census Tract 223, King County, Washington",2013,142,0,12,0,12,0,12,0,12,0,12,10,16,0,12,0,12,2,4,0,12,8,14,0,12,0,12,0,12,7,11,158,110,16,13,39,25,207,76,105,56,746,126,449,107,148,74,118,66
1400000US53033022400,53033022400,"Census Tract 224, King County, Washington",6296,365,0,17,0,17,0,17,0,17,0,17,0,17,0,17,0,17,1,3,0,17,62,56,0,17,33,41,27,27,0,17,368,135,2,19,303,154,568,152,263,124,3107,356,1149,271,270,121,143,81
1400000US53033022500,53033022500,"Census Tract 225, King County, Washington",5646,344,0,17,0,17,0,17,0,17,0,17,0,17,0,17,0,17,0,17,0,17,0,17,0,17,17,27,64,82,13,22,304,119,64,78,353,120,614,171,349,165,2423,353,1025,252,282,139,138,66
1400000US53033022603,53033022603,"Census Tract 226.03, King County, Washington",4211,268,37,45,0,17,0,17,0,17,0,17,0,17,0,17,0,17,24,33,0,17,0,17,23,33,22,28,44,52,40,44,389,123,93,84,155,67,818,221,386,153,1408,235,653,212,92,87,27,31
1400000US53033022604,53033022604,"Census Tract 226.04, King County, Washington",3156,146,19,21,0,12,0,12,0,12,0,12,0,12,0,12,0,12,8,11,8,13,19,21,7,11,33,32,0,12,13,22,397,115,28,28,132,74,455,132,257,106,1058,155,531,123,118,55,73,44
1400000US53033022605,53033022605,"Census Tract 226.05, King County, Washington",4215,336,168,120,0,17,0,17,0,17,0,17,0,17,0,17,55,89,0,17,73,117,16,26,81,98,0,17,88,95,40,51,536,252,51,55,277,145,492,163,348,140,1377,334,442,138,67,70,104,85
1400000US53033022606,53033022606,"Census Tract 226.06, King County, Washington",4566,397,0,17,0,17,0,17,0,17,0,17,0,17,0,17,0,17,19,29,20,30,0,17,29,35,0,17,49,44,136,141,332,147,55,69,146,78,777,283,411,195,1534,318,898,258,60,54,100,91
1400000US53033022701,53033022701,"Census Tract 227.01, King County, Washington",1999,181,9,14,0,12,0,12,0,12,0,12,0,12,0,12,0,12,0,12,0,12,0,12,8,12,8,12,0,12,0,12,130,65,0,12,94,48,265,84,112,62,768,133,424,108,123,49,58,35
1400000US53033022702,53033022702,"Census Tract 227.02, King County, Washington",2505,164,0,12,0,12,0,12,0,12,0,12,0,12,0,12,0,12,0,12,0,12,5,9,2,4,0,12,0,12,19,21,144,78,10,16,100,58,391,158,145,61,1053,182,389,94,167,76,80,44
1400000US53033022703,53033022703,"Census Tract 227.03, King County, Washington",1605,93,0,12,0,12,0,12,0,12,0,12,0,12,0,12,0,12,11,18,0,12,0,12,11,18,0,12,5,7,11,12,208,65,41,25,61,35,173,54,94,38,513,91,366,59,68,32,43,23
1400000US53033022801,53033022801,"Census Tract 228.01, King County, Washington",6309,365,35,40,0,17,15,25,0,17,0,17,0,17,0,17,23,37,0,17,0,17,0,17,47,74,0,17,0,17,60,63,276,128,46,43,225,112,466,167,280,126,2731,405,1688,317,147,88,270,176
1400000US53033022802,53033022802,"Census Tract 228.02, King County, Washington",3375,196,0,12,0,12,0,12,0,12,0,12,0,12,0,12,10,16,0,12,0,12,1,2,13,20,3,6,8,12,33,36,311,85,16,17,130,66,384,97,267,104,1141,208,934,190,50,38,74,57
1400000US53033022803,53033022803,"Census Tract 228.03, King County, Washington",3869,289,23,35,0,17,0,17,0,17,0,17,0,17,7,12,14,22,29,48,0,17,0,17,0,17,6,12,0,17,32,36,284,122,17,26,62,44,278,140,240,111,1550,325,1070,233,105,75,152,79
1400000US53033022901,53033022901,"Census Tract 229.01, King County, Washington",2162,204,25,29,0,12,0,12,0,12,8,12,0,12,0,12,8,13,0,12,26,35,2,12,24,28,25,38,12,21,0,12,216,123,59,91,90,47,159,80,137,59,793,140,429,107,87,56,62,43
1400000US53033022902,53033022902,"Census Tract 229.02, King County, Washington",4621,299,0,17,0,17,0,17,0,17,0,17,0,17,0,17,0,17,2,4,1,5,20,29,0,17,22,32,19,30,82,71,217,110,16,25,157,81,434,148,279,125,2123,308,977,201,108,61,164,85
1400000US53033023000,53033023000,"Census Tract 230, King County, Washington",3728,183,28,34,0,17,0,17,0,17,0,17,0,17,0,17,8,14,28,43,20,46,0,17,8,14,9,13,7,14,49,38,609,173,98,56,134,67,354,103,271,94,1344,187,529,94,135,53,97,51
1400000US53033023100,53033023100,"Census Tract 231, King County, Washington",2860,219,52,66,0,12,0,12,0,12,8,13,9,14,6,10,0,12,7,11,0,12,0,12,2,4,0,12,0,12,39,32,323,96,49,42,171,73,450,127,128,55,1115,152,343,79,87,73,71,52
1400000US53033023201,53033023201,"Census Tract 232.01, King County, Washington",4904,482,48,58,0,17,0,17,0,17,29,48,3,9,0,17,26,44,59,92,48,75,0,17,58,82,0,17,0,17,35,34,424,92,119,88,79,55,305,120,140,66,1938,438,1303,293,107,71,183,97
1400000US53033023202,53033023202,"Census Tract 232.02, King County, Washington",3303,260,96,64,0,12,0,12,0,12,25,29,0,12,19,27,26,41,73,52,7,11,85,95,74,65,44,57,1,2,75,51,654,176,28,21,140,56,375,103,270,95,816,137,443,128,0,12,52,34
1400000US53033023300,53033023300,"Census Tract 233, King County, Washington",4559,522,85,82,0,17,0,17,0,17,9,17,0,17,0,17,75,83,79,99,0,17,132,195,3,6,17,28,0,17,33,34,770,347,68,62,144,113,428,145,471,167,1565,284,507,158,135,127,38,36
1400000US53033023401,53033023401,"Census Tract 234.01, King County, Washington",2583,193,25,32,0,12,0,12,0,12,0,12,0,12,0,12,0,12,42,46,17,25,0,12,15,18,0,12,27,37,0,12,273,97,35,33,120,70,208,60,169,59,910,141,597,153,62,66,83,56
1400000US53033023403,53033023403,"Census Tract 234.03, King County, Washington",3142,218,38,40,0,12,4,8,0,12,0,12,0,12,0,12,0,12,0,12,0,12,13,22,0,12,30,28,0,12,33,45,357,156,43,52,155,70,415,90,205,96,1099,172,531,128,67,38,152,69
1400000US53033023404,53033023404,"Census Tract 234.04, King County, Washington",2231,162,7,12,0,12,0,12,0,12,0,12,0,12,0,12,0,12,0,12,10,15,9,16,0,12,15,28,20,31,0,12,99,42,0,12,31,30,173,81,214,82,939,178,478,126,137,82,99,58
1400000US53033023500,53033023500,"Census Tract 235, King County, Washington",2636,219,0,12,0,12,0,12,0,12,0,12,2,6,0,12,0,12,24,33,0,12,17,21,0,12,13,16,0,12,23,25,180,80,22,23,162,73,397,92,140,66,965,159,544,149,63,38,84,49
1400000US53033023601,53033023601,"Census Tract 236.01, King County, Washington",2780,185,14,17,8,17,0,12,0,12,0,12,0,12,0,12,11,17,0,12,10,16,0,12,21,27,17,20,10,15,20,22,118,49,6,9,113,77,370,118,258,80,997,154,562,123,129,83,116,59
1400000US53033023603,53033023603,"Census Tract 236.03, King County, Washington",4334,394,40,39,0,17,0,17,0,17,0,17,0,17,0,17,0,17,0,17,0,17,8,14,12,19,29,37,43,69,47,45,492,252,89,100,81,46,567,228,336,160,1453,382,910,218,109,89,118,70
1400000US53033023604,53033023604,"Census Tract 236.04, King County, Washington",4242,420,45,49,0,17,0,17,0,17,0,17,98,118,0,17,0,17,98,105,36,60,64,51,12,26,46,71,40,36,68,48,420,139,28,36,116,74,560,222,482,190,1288,285,627,171,43,35,171,96
1400000US53033023700,53033023700,"Census Tract 237, King County, Washington",2909,156,0,12,0,12,0,12,0,12,0,12,0,12,0,12,11,16,2,5,0,12,0,12,0,12,0,12,17,19,0,12,169,85,21,23,80,45,310,117,224,85,1109,149,619,135,233,84,114,44
1400000US53033023801,53033023801,"Census Tract 238.01, King County, Washington",1709,139,35,33,0,12,0,12,0,12,0,12,0,12,0,12,0,12,0,12,0,12,0,12,0,12,0,12,0,12,8,12,121,49,17,19,116,46,116,56,162,86,587,114,347,103,113,58,87,32
1400000US53033023803,53033023803,"Census Tract 238.03, King County, Washington",4193,430,37,42,0,17,0,17,0,17,0,17,0,17,0,17,0,17,0,17,0,17,0,17,0,17,0,17,0,17,91,100,152,81,81,75,18,29,461,218,162,95,2006,311,815,284,301,162,69,59
1400000US53033023804,53033023804,"Census Tract 238.04, King County, Washington",5094,436,16,25,0,17,0,17,0,17,0,17,0,17,0,17,0,17,38,42,0,17,0,17,1,2,0,17,62,98,61,58,251,122,2,3,123,94,614,298,369,158,1860,405,1300,348,126,83,271,181
1400000US53033023900,53033023900,"Census Tract 239, King County, Washington",5083,422,0,17,0,17,0,17,0,17,0,17,12,19,0,17,0,17,83,109,15,23,0,17,0,17,0,17,0,17,107,63,353,126,31,42,327,217,480,164,244,127,2212,269,909,164,265,119,45,39
1400000US53033024000,53033024000,"Census Tract 240, King County, Washington",5802,431,27,34,0,17,0,17,0,17,0,17,0,17,0,17,0,17,0,17,0,17,0,17,0,17,26,40,2,5,0,17,521,195,105,113,145,72,530,209,269,121,2253,378,1312,252,374,121,238,104
1400000US53033024100,53033024100,"Census Tract 241, King County, Washington",3237,123,7,9,0,12,0,12,3,4,0,12,0,12,0,12,0,12,0,12,0,12,8,11,2,3,3,4,25,14,19,14,124,34,26,29,82,39,241,58,194,59,1456,125,638,72,321,59,88,33
1400000US53033024200,53033024200,"Census Tract 242, King County, Washington",1994,110,0,12,0,12,0,12,0,12,0,12,0,12,0,12,0,12,0,12,0,12,6,9,0,12,0,12,0,12,4,6,105,41,7,8,35,19,113,44,85,33,946,103,428,75,192,54,73,37
1400000US53033024300,53033024300,"Census Tract 243, King County, Washington",6039,268,20,32,0,17,0,17,0,17,0,17,0,17,0,17,0,17,21,32,0,17,14,14,41,42,15,24,49,78,42,46,456,171,21,29,139,85,533,167,217,76,2433,308,1263,259,529,161,246,119
1400000US53033024400,53033024400,"Census Tract 244, King County, Washington",1995,153,0,12,0,12,0,12,0,12,0,12,0,12,7,10,0,12,0,12,0,12,0,12,0,12,0,12,18,24,0,12,70,43,43,46,74,40,216,71,180,75,762,129,374,108,180,92,71,57
1400000US53033024500,53033024500,"Census Tract 245, King County, Washington",3404,188,31,28,0,17,0,17,0,17,0,17,0,17,0,17,0,17,29,43,16,24,0,17,0,17,30,23,0,17,22,25,114,54,1,2,37,29,206,76,204,77,1470,212,716,143,342,91,186,70
1400000US53033024601,53033024601,"Census Tract 246.01, King County, Washington",3212,144,0,12,0,12,0,12,0,12,0,12,0,12,0,12,0,12,0,12,9,14,10,15,0,12,0,12,0,12,0,12,106,63,20,22,73,50,203,69,164,87,1368,170,659,147,540,140,60,34
1400000US53033024602,53033024602,"Census Tract 246.02, King County, Washington",2489,130,0,12,0,12,0,12,0,12,0,12,0,12,0,12,0,12,0,12,0,12,0,12,0,12,0,12,0,12,0,12,135,63,0,12,60,53,233,73,40,29,1050,151,565,108,297,104,109,56
1400000US53033024701,53033024701,"Census Tract 247.01, King County, Washington",2567,187,0,12,0,12,0,12,0,12,0,12,0,12,0,12,0,12,0,12,0,12,0,12,0,12,41,49,9,14,32,33,255,96,41,62,146,78,340,103,282,103,898,145,350,102,67,45,106,68
1400000US53033024702,53033024702,"Census Tract 247.02, King County, Washington",5565,351,14,32,0,17,0,17,0,17,0,17,0,17,0,17,0,17,0,17,30,34,0,17,18,29,44,59,17,23,69,60,777,199,108,67,344,101,600,188,427,140,1746,248,939,229,183,114,249,147
1400000US53033024800,53033024800,"Census Tract 248, King County, Washington",3956,423,107,91,0,17,0,17,0,17,0,17,0,17,0,17,0,17,0,17,16,24,143,160,29,32,16,26,0,17,57,69,650,244,101,97,230,100,489,172,473,139,1120,264,377,163,71,51,77,48
1400000US53033024901,53033024901,"Census Tract 249.01, King County, Washington",3567,171,9,14,0,17,0,17,0,17,6,11,0,17,0,17,0,17,1,3,1,3,0,17,10,15,0,17,10,15,9,13,321,146,50,49,138,59,283,96,262,98,1335,165,732,118,168,56,232,77
1400000US53033024902,53033024902,"Census Tract 249.02, King County, Washington",2638,156,0,12,5,8,0,12,0,12,0,12,0,12,0,12,0,12,0,12,7,17,0,12,0,12,0,12,13,21,0,12,188,75,0,12,78,57,339,86,190,73,1087,171,413,90,201,75,117,57
1400000US53033024903,53033024903,"Census Tract 249.03, King County, Washington",4581,256,9,16,0,17,0,17,0,17,0,17,21,34,0,17,0,17,30,47,0,17,0,17,0,17,14,21,0,17,19,29,280,148,77,75,92,62,470,144,209,115,1915,230,869,198,334,139,242,100
1400000US53033025001,53033025001,"Census Tract 250.01, King County, Washington",3490,205,0,12,0,12,0,12,0,12,0,12,0,12,0,12,0,12,0,12,0,12,0,12,0,12,15,24,9,15,18,19,459,133,42,46,176,56,503,117,311,88,1323,170,450,87,99,39,85,47
1400000US53033025003,53033025003,"Census Tract 250.03, King County, Washington",4866,325,51,57,0,17,0,17,0,17,0,17,0,17,0,17,0,17,0,17,0,17,0,17,0,17,0,17,3,8,52,63,521,273,47,58,100,64,586,162,396,129,1659,236,998,242,294,120,159,79
1400000US53033025005,53033025005,"Census Tract 250.05, King County, Washington",3310,268,0,12,0,12,0,12,0,12,0,12,0,12,9,17,0,12,0,12,0,12,0,12,7,11,0,12,9,15,14,18,394,191,24,38,127,56,278,77,395,185,1038,213,743,192,139,48,133,68
1400000US53033025006,53033025006,"Census Tract 250.06, King County, Washington",3853,259,0,17,0,17,0,17,0,17,0,17,0,17,0,17,0,17,0,17,0,17,0,17,0,17,0,17,0,17,36,42,331,200,17,30,82,70,355,154,264,153,1389,245,908,226,350,160,121,88
1400000US53033025101,53033025101,"Census Tract 251.01, King County, Washington",3846,259,0,17,11,19,0,17,0,17,0,17,0,17,0,17,0,17,57,66,0,17,48,75,13,22,0,17,36,43,67,62,545,166,83,71,250,115,607,196,320,126,1355,268,352,141,75,53,27,31
1400000US53033025102,53033025102,"Census Tract 251.02, King County, Washington",5067,352,153,107,0,17,0,17,0,17,0,17,0,17,64,53,0,17,45,55,0,17,30,35,23,33,119,77,49,48,38,40,787,218,129,76,228,101,743,225,293,104,1557,311,474,162,156,86,179,106
1400000US53033025200,53033025200,"Census Tract 252, King County, Washington",5921,391,60,57,0,17,0,17,0,17,0,17,21,32,21,32,69,91,119,105,0,17,143,123,52,57,142,109,16,26,147,72,967,224,218,123,454,133,930,237,488,153,1450,275,340,133,173,110,111,105
1400000US53033025301,53033025301,"Census Tract 253.01, King County, Washington",4511,356,48,77,0,17,0,17,0,17,0,17,0,17,39,63,0,17,0,17,0,17,89,84,0,17,0,17,0,17,214,176,910,303,68,62,251,172,770,193,331,125,1280,305,455,161,56,62,0,17
1400000US53033025302,53033025302,"Census Tract 253.02, King County, Washington",3746,425,36,58,0,17,0,17,0,17,0,17,0,17,21,30,0,17,1,2,0,17,0,17,24,31,29,36,3,6,114,90,829,263,137,88,461,189,702,206,294,143,711,195,213,97,105,98,66,60
1400000US53033025400,53033025400,"Census Tract 254, King County, Washington",4936,355,114,109,0,17,0,17,44,71,0,17,40,60,14,22,0,17,187,147,0,17,59,50,55,52,92,90,121,67,200,103,1031,255,71,56,514,177,855,198,499,140,855,262,183,99,2,5,0,17
1400000US53033025500,53033025500,"Census Tract 255, King County, Washington",3550,214,93,70,0,17,0,17,0,17,0,17,0,17,45,72,0,17,37,45,0,17,48,60,43,42,111,124,92,81,103,58,1001,212,178,94,187,88,431,135,221,73,803,185,132,59,19,22,6,10
1400000US53033025601,53033025601,"Census Tract 256.01, King County, Washington",3610,246,48,36,0,17,0,17,0,17,32,52,0,17,0,17,13,21,7,11,25,28,51,65,65,96,37,51,49,57,85,60,785,205,82,49,184,84,661,171,354,121,778,189,278,106,51,30,25,39
1400000US53033025602,53033025602,"Census Tract 256.02, King County, Washington",4284,308,143,98,0,17,0,17,0,17,0,17,0,17,0,17,0,17,110,88,0,17,18,31,27,44,8,13,15,14,54,38,594,208,184,113,195,94,709,167,367,118,1348,206,339,120,60,50,113,67
1400000US53033025701,53033025701,"Census Tract 257.01, King County, Washington",3739,329,43,44,0,17,0,17,0,17,0,17,0,17,15,27,6,11,46,61,0,17,0,17,39,57,4,11,0,17,38,45,585,255,184,107,275,100,723,199,489,184,783,220,407,165,43,39,59,36
1400000US53033025702,53033025702,"Census Tract 257.02, King County, Washington",2602,134,37,46,0,12,0,12,0,12,0,12,0,12,0,12,0,12,10,15,0,12,0,12,41,37,7,14,22,23,17,24,486,131,76,56,189,70,457,117,387,103,592,142,238,100,16,18,27,25
1400000US53033025803,53033025803,"Census Tract 258.03, King County, Washington",3052,289,105,89,0,17,0,17,0,17,0,17,0,17,8,12,28,46,20,29,7,12,46,58,71,69,85,53,109,75,108,92,874,181,93,48,182,92,450,137,185,85,555,136,71,39,16,20,39,46
1400000US53033025804,53033025804,"Census Tract 258.04, King County, Washington",2607,274,14,21,0,12,0,12,0,12,0,12,0,12,0,12,0,12,0,12,0,12,42,35,21,27,31,30,46,35,64,45,711,145,112,59,212,83,288,97,258,79,690,242,101,47,17,20,0,12
1400000US53033025805,53033025805,"Census Tract 258.05, King County, Washington",3730,469,46,30,0,17,0,17,0,17,0,17,0,17,38,50,36,56,29,54,0,17,85,57,59,50,83,101,27,25,72,57,917,227,283,213,326,145,713,201,313,100,521,140,174,78,8,13,0,17
1400000US53033025806,53033025806,"Census Tract 258.06, King County, Washington",3379,322,80,70,0,12,0,12,0,12,0,12,0,12,0,12,55,58,0,12,0,12,17,18,3,7,55,38,21,23,38,29,724,179,121,82,197,92,471,123,315,92,801,252,445,113,18,20,18,20
1400000US53033026001,53033026001,"Census Tract 260.01, King County, Washington",4262,241,68,51,0,17,0,17,0,17,10,23,0,17,9,15,59,60,0,17,29,40,38,42,69,58,70,73,54,43,153,95,676,191,217,109,113,73,580,136,358,100,1192,200,336,118,179,135,52,40
1400000US53033026002,53033026002,"Census Tract 260.02, King County, Washington",5479,436,62,54,0,17,0,17,0,17,0,17,15,23,82,94,51,67,81,81,82,74,62,40,110,93,35,40,71,52,255,141,1074,261,240,137,451,184,830,242,528,184,1054,231,283,135,65,81,48,44
1400000US53033026100,53033026100,"Census Tract 261, King County, Washington",4423,404,267,173,0,17,0,17,0,17,0,17,0,17,26,43,120,136,18,30,33,40,46,68,97,92,150,111,116,108,47,57,1294,281,58,50,380,202,833,252,471,151,317,140,79,54,59,68,12,20
1400000US53033026200,53033026200,"Census Tract 262, King County, Washington",3820,232,72,68,0,17,0,17,0,17,0,17,0,17,0,17,0,17,34,47,0,17,8,21,70,74,94,109,0,17,63,59,855,199,179,162,209,144,657,171,471,136,762,196,313,132,33,43,0,17
1400000US53033026300,53033026300,"Census Tract 263, King County, Washington",1061,100,56,35,0,12,0,12,0,12,0,12,0,12,0,12,0,12,0,12,0,12,18,19,0,12,71,42,28,25,43,28,310,91,27,25,157,51,147,66,39,36,142,65,10,12,4,7,9,13
1400000US53033026400,53033026400,"Census Tract 264, King County, Washington",3716,391,76,58,0,17,0,17,0,17,0,17,0,17,50,78,0,17,118,92,0,17,60,57,43,37,57,59,217,139,139,101,969,270,227,109,192,119,672,215,339,150,383,138,155,70,4,25,15,24
1400000US53033026500,53033026500,"Census Tract 265, King County, Washington",2885,203,115,69,0,12,5,7,22,35,0,12,30,40,19,20,5,8,42,38,21,32,61,45,64,59,51,36,78,53,134,81,858,210,114,85,236,72,431,130,216,99,292,92,79,49,12,14,0,12
1400000US53033026600,53033026600,"Census Tract 266, King County, Washington",1866,178,94,61,0,12,0,12,0,12,0,12,6,10,16,25,16,18,27,31,61,86,4,6,0,12,28,26,33,33,44,35,382,104,30,21,115,43,374,111,200,69,322,89,101,41,13,14,0,12
1400000US53033026700,53033026700,"Census Tract 267, King County, Washington",3637,294,34,41,0,17,0,17,0,17,0,17,41,65,0,17,28,31,16,27,68,90,129,98,101,132,31,37,15,24,128,90,553,202,137,88,229,118,562,176,337,113,801,185,266,117,112,73,49,53
1400000US53033026801,53033026801,"Census Tract 268.01, King County, Washington",3757,435,220,121,0,17,0,17,0,17,0,17,53,62,29,46,0,17,246,217,15,24,0,17,109,73,62,55,77,57,221,143,760,211,165,99,468,226,420,184,262,144,416,184,224,123,10,15,0,17
1400000US53033026802,53033026802,"Census Tract 268.02, King County, Washington",2919,237,147,85,0,12,0,12,0,12,11,20,17,28,41,45,64,61,41,41,0,12,74,52,87,70,27,42,102,63,84,51,693,158,129,65,137,74,458,155,363,125,302,137,101,53,34,41,7,11
1400000US53033027000,53033027000,"Census Tract 270, King County, Washington",2409,216,91,60,0,12,0,12,0,12,34,35,32,27,0,12,22,34,35,26,0,12,0,12,52,52,61,36,48,33,37,21,617,141,82,81,246,83,458,114,101,58,345,139,119,49,29,38,0,12
1400000US53033027100,53033027100,"Census Tract 271, King County, Washington",2041,216,97,55,0,12,0,12,0,12,0,12,0,12,6,14,2,5,37,34,2,5,0,12,123,96,37,33,74,59,99,71,525,122,84,65,176,101,329,100,117,104,246,83,66,59,12,18,9,13
1400000US53033027200,53033027200,"Census Tract 272, King County, Washington",1639,142,37,32,0,12,0,12,0,12,0,12,0,12,14,22,0,12,58,43,1,10,51,42,25,28,25,31,56,35,14,14,381,79,82,47,90,44,264,84,182,63,248,72,87,39,13,19,11,14
1400000US53033027300,53033027300,"Census Tract 273, King County, Washington",4048,257,333,125,0,17,0,17,0,17,10,17,18,21,67,57,49,45,126,68,17,19,103,74,106,52,29,33,166,73,28,27,1163,238,192,91,229,81,459,135,186,76,532,136,135,79,94,62,6,10
1400000US53033027400,53033027400,"Census Tract 274, King County, Washington",3472,294,152,111,0,17,0,17,0,17,0,17,10,16,0,17,0,17,38,33,0,17,33,34,29,28,77,69,92,67,79,46,991,226,198,102,430,120,409,105,276,113,543,122,107,53,0,17,8,14
1400000US53033027500,53033027500,"Census Tract 275, King County, Washington",3501,263,84,88,0,12,9,14,0,12,43,53,0,12,41,50,33,52,35,50,7,17,7,11,106,77,63,61,97,62,177,98,941,211,98,51,259,108,517,108,331,108,534,118,79,41,27,26,13,20
1400000US53033027600,53033027600,"Census Tract 276, King County, Washington",3066,263,47,59,0,12,0,12,0,12,37,43,0,12,57,64,8,13,118,86,9,13,18,39,122,72,11,18,123,87,38,36,453,148,116,74,220,88,534,160,238,101,635,124,221,68,46,26,15,17
1400000US53033027701,53033027701,"Census Tract 277.01, King County, Washington",4230,361,0,17,0,17,0,17,0,17,0,17,0,17,14,25,1,2,0,17,5,11,29,33,2,4,41,39,2,4,240,164,423,186,54,52,219,145,584,177,251,118,1215,229,848,251,166,74,136,74
1400000US53033027702,53033027702,"Census Tract 277.02, King County, Washington",3791,360,15,23,0,12,0,12,0,12,0,12,0,12,0,12,0,12,0,12,0,12,41,66,13,21,0,12,0,12,0,12,658,279,72,60,319,183,362,113,238,103,1075,229,744,262,139,83,115,67
1400000US53033027800,53033027800,"Census Tract 278, King County, Washington",2522,162,23,24,0,12,0,12,0,12,0,12,0,12,0,12,0,12,1,2,0,12,0,12,13,20,0,12,36,41,42,44,312,88,69,37,135,62,442,135,171,69,753,140,386,80,84,44,55,48
1400000US53033027900,53033027900,"Census Tract 279, King County, Washington",5337,342,28,42,0,17,0,17,0,17,0,17,61,99,0,17,0,17,24,40,0,17,0,17,27,31,75,59,118,121,108,76,994,250,197,115,393,123,1237,246,616,186,990,250,357,130,29,34,83,98
1400000US53033028000,53033028000,"Census Tract 280, King County, Washington",2420,234,17,19,2,4,0,12,47,50,28,38,0,12,26,35,11,18,257,169,38,34,42,47,73,44,74,67,74,56,129,70,617,167,73,44,141,71,358,104,168,70,232,88,13,20,0,12,0,12
1400000US53033028100,53033028100,"Census Tract 281, King County, Washington",1667,151,191,98,0,12,0,12,0,12,0,12,34,30,11,12,0,12,21,30,25,41,0,12,71,51,9,14,24,33,11,14,418,92,162,92,165,64,159,69,149,55,173,64,44,36,0,12,0,12
1400000US53033028200,53033028200,"Census Tract 282, King County, Washington",3186,253,134,105,0,12,0,12,0,12,0,12,56,60,23,35,9,17,44,48,0,12,54,60,150,102,14,21,68,48,75,60,834,269,81,58,127,63,669,174,283,114,418,151,136,60,11,17,0,12
1400000US53033028300,53033028300,"Census Tract 283, King County, Washington",3564,292,29,26,0,17,0,17,0,17,5,8,16,25,0,17,11,18,30,23,22,27,0,17,62,49,24,24,38,30,67,61,697,180,161,90,155,65,661,230,385,117,890,203,285,112,0,17,26,33
1400000US53033028402,53033028402,"Census Tract 284.02, King County, Washington",3168,304,94,87,0,12,0,12,65,104,0,12,0,12,0,12,0,12,98,62,8,13,7,11,55,43,40,31,43,33,73,53,844,251,182,96,178,83,687,159,317,99,349,101,119,71,9,14,0,12
1400000US53033028403,53033028403,"Census Tract 284.03, King County, Washington",3806,360,81,102,0,17,0,17,0,17,17,29,0,17,214,196,0,17,0,17,7,17,0,17,0,17,158,117,61,66,102,84,1455,334,80,77,218,111,724,255,219,139,274,106,169,137,27,37,0,17
1400000US53033028500,53033028500,"Census Tract 285, King County, Washington",2582,209,75,53,0,12,0,12,0,12,0,12,0,12,0,12,0,12,0,12,11,15,21,36,0,12,43,46,90,72,51,34,618,157,173,64,203,79,508,138,253,96,396,113,127,51,0,12,13,18
1400000US53033028600,53033028600,"Census Tract 286, King County, Washington",4656,282,0,17,0,17,0,17,0,17,0,17,0,17,0,17,0,17,0,17,0,17,54,66,84,94,19,32,0,17,44,50,510,181,93,55,272,142,851,213,312,139,1483,221,625,154,209,92,100,69
1400000US53033028700,53033028700,"Census Tract 287, King County, Washington",3499,256,39,46,0,17,0,17,0,17,0,17,2,6,0,17,0,17,0,17,9,33,19,35,36,31,11,17,68,41,86,56,729,146,188,82,274,89,654,135,484,126,603,146,236,98,61,64,0,17
1400000US53033028801,53033028801,"Census Tract 288.01, King County, Washington",2237,270,29,25,0,12,0,12,0,12,12,21,24,38,0,12,0,12,31,29,30,39,15,17,34,31,33,38,70,65,23,28,460,142,211,91,191,107,383,131,204,86,248,80,136,57,66,52,37,37
1400000US53033028802,53033028802,"Census Tract 288.02, King County, Washington",4408,411,210,123,0,17,0,17,0,17,33,52,0,17,33,38,0,17,144,76,30,47,97,77,111,109,57,67,93,97,81,58,999,266,148,97,350,137,771,256,384,148,591,232,257,143,19,31,0,17
1400000US53033028901,53033028901,"Census Tract 289.01, King County, Washington",2597,218,37,31,0,12,0,12,0,12,0,12,0,12,13,23,0,12,22,37,0,12,0,12,19,22,19,20,60,47,19,21,621,200,64,52,222,84,613,142,231,106,469,115,117,60,27,24,44,46
1400000US53033028902,53033028902,"Census Tract 289.02, King County, Washington",4460,565,222,190,0,17,0,17,74,83,99,104,52,81,0,17,0,17,52,69,82,93,30,39,197,172,63,71,57,57,283,154,1044,291,259,138,347,152,692,202,382,180,354,129,152,145,19,34,0,17
1400000US53033029001,53033029001,"Census Tract 290.01, King County, Washington",3283,270,40,39,0,12,0,12,0,12,0,12,26,29,0,12,0,12,10,17,0,12,38,48,37,44,81,68,19,21,67,42,774,161,61,46,248,92,621,131,276,92,642,158,258,90,48,34,37,29
1400000US53033029003,53033029003,"Census Tract 290.03, King County, Washington",3895,350,78,65,0,17,0,17,10,17,6,14,22,34,10,16,0,17,99,112,0,17,20,24,353,240,121,100,49,44,183,118,777,232,129,69,385,161,803,272,221,116,506,163,115,74,8,13,0,17
1400000US53033029004,53033029004,"Census Tract 290.04, King County, Washington",1963,186,88,60,0,12,0,12,0,12,31,34,30,31,33,35,0,12,88,73,32,34,52,44,168,96,35,41,82,45,75,44,444,120,57,35,93,41,239,89,226,69,115,61,52,31,23,34,0,12
1400000US53033029101,53033029101,"Census Tract 291.01, King County, Washington",1976,167,33,37,0,12,0,12,0,12,0,12,0,12,0,12,0,12,0,12,0,12,0,12,0,12,19,28,3,24,57,45,247,112,59,47,148,62,307,117,210,86,692,161,154,69,28,26,19,30
1400000US53033029102,53033029102,"Census Tract 291.02, King County, Washington",2772,219,78,46,0,12,0,12,0,12,0,12,0,12,0,12,0,12,130,55,0,12,46,52,15,23,58,46,22,25,54,52,660,180,130,80,264,95,543,107,261,94,318,103,111,63,67,77,15,16
1400000US53033029203,53033029203,"Census Tract 292.03, King County, Washington",2419,260,57,60,0,12,0,12,0,12,0,12,19,32,26,41,13,27,58,50,0,12,102,70,34,58,55,58,109,62,32,36,435,129,260,125,221,99,509,132,215,82,180,70,75,55,7,12,12,18
1400000US53033029204,53033029204,"Census Tract 292.04, King County, Washington",4189,302,33,43,0,17,0,17,0,17,0,17,0,17,0,17,0,17,43,70,29,55,24,34,45,70,93,97,57,60,82,62,893,250,155,82,397,139,659,205,519,185,672,210,408,175,12,23,68,66
1400000US53033029205,53033029205,"Census Tract 292.05, King County, Washington",3452,494,25,47,0,17,0,17,0,17,0,17,104,128,0,17,0,17,0,17,23,20,0,17,0,17,106,86,49,37,91,99,900,377,108,59,234,142,621,200,316,141,617,213,183,96,60,52,15,24
1400000US53033029206,53033029206,"Census Tract 292.06, King County, Washington",2554,255,30,34,0,12,0,12,33,44,0,12,0,12,0,12,0,12,123,78,15,26,105,77,75,82,71,59,71,63,100,90,539,168,194,112,184,68,392,120,172,89,358,111,73,47,0,12,19,24
1400000US53033029303,53033029303,"Census Tract 293.03, King County, Washington",5503,316,43,36,0,17,0,17,0,17,0,17,0,17,0,17,0,17,34,46,0,17,0,17,58,41,113,85,34,47,166,113,914,184,365,229,313,133,831,240,701,172,1438,320,333,147,105,71,55,46
1400000US53033029304,53033029304,"Census Tract 293.04, King County, Washington",3662,181,61,67,0,17,2,3,0,17,0,17,0,17,0,17,10,15,1,2,0,17,23,24,43,35,46,55,57,36,67,43,685,141,56,36,273,68,724,182,351,102,934,170,292,104,14,21,23,26
1400000US53033029305,53033029305,"Census Tract 293.05, King County, Washington",2714,240,47,55,0,12,6,13,0,12,0,12,39,52,15,23,11,18,0,12,6,14,0,12,10,16,154,88,104,83,92,76,530,161,72,42,220,87,389,126,307,136,559,154,82,36,53,44,18,22
1400000US53033029306,53033029306,"Census Tract 293.06, King County, Washington",2346,190,39,35,0,12,0,12,0,12,0,12,0,12,6,10,0,12,0,12,40,40,0,12,8,13,22,23,81,60,19,24,545,159,63,38,139,57,451,178,254,90,464,124,156,80,32,30,27,23
1400000US53033029307,53033029307,"Census Tract 293.07, King County, Washington",2954,234,41,41,0,12,0,12,0,12,0,12,0,12,30,45,36,54,27,22,26,41,1,3,27,25,23,22,17,24,38,46,447,109,68,53,208,86,477,96,377,120,826,132,262,72,14,20,9,15
1400000US53033029403,53033029403,"Census Tract 294.03, King County, Washington",3883,304,118,89,0,17,0,17,0,17,2,4,0,17,0,17,40,50,99,79,62,63,82,59,37,50,162,89,30,27,93,59,997,192,93,58,284,95,582,142,258,78,721,128,171,66,41,31,11,18
1400000US53033029405,53033029405,"Census Tract 294.05, King County, Washington",3745,235,56,61,0,17,0,17,0,17,0,17,0,17,13,13,27,39,31,28,43,37,32,25,0,17,0,17,27,32,90,52,781,161,154,72,382,126,611,108,410,106,774,142,256,88,32,28,26,21
1400000US53033029406,53033029406,"Census Tract 294.06, King County, Washington",3391,208,62,69,0,17,0,17,0,17,0,17,12,19,0,17,22,35,27,41,0,17,43,48,34,30,5,10,48,43,55,42,623,154,97,54,246,79,482,106,413,99,827,175,328,100,41,29,26,27
1400000US53033029407,53033029407,"Census Tract 294.07, King County, Washington",2994,238,28,33,0,12,0,12,15,23,3,8,43,49,50,44,8,13,44,46,29,36,3,7,97,60,73,60,37,38,86,52,808,148,120,69,191,77,474,127,280,95,468,102,81,55,49,39,7,11
1400000US53033029408,53033029408,"Census Tract 294.08, King County, Washington",2632,226,61,42,0,12,0,12,0,12,31,50,4,7,30,48,55,56,40,50,8,14,44,70,27,40,168,123,19,23,85,82,703,177,141,64,216,97,450,126,217,74,203,84,90,83,10,15,30,24
1400000US53033029502,53033029502,"Census Tract 295.02, King County, Washington",4402,293,206,128,0,17,0,17,0,17,17,27,11,20,0,17,0,17,35,43,0,17,54,70,0,17,69,59,45,36,117,84,1081,280,108,71,347,124,538,173,534,188,804,209,275,126,138,89,23,37
1400000US53033029503,53033029503,"Census Tract 295.03, King County, Washington",4904,505,191,100,0,17,0,17,0,17,0,17,48,60,96,92,0,17,136,96,34,54,124,117,201,235,234,176,83,84,84,92,1338,409,252,148,294,140,484,138,546,164,642,209,78,50,39,38,0,17
1400000US53033029504,53033029504,"Census Tract 295.04, King County, Washington",3835,376,34,48,0,17,0,17,25,40,13,21,27,44,12,22,0,17,0,17,0,17,68,115,54,76,6,14,30,42,82,72,844,291,212,106,513,203,787,266,538,243,455,176,135,74,0,17,0,17
1400000US53033029601,53033029601,"Census Tract 296.01, King County, Washington",3817,302,190,92,15,23,0,17,0,17,29,47,0,17,0,17,7,15,24,25,11,19,87,69,101,85,70,70,95,62,45,45,769,223,93,65,285,92,815,174,512,137,513,142,145,95,0,17,11,20
1400000US53033029602,53033029602,"Census Tract 296.02, King County, Washington",3416,201,49,41,0,17,0,17,0,17,0,17,25,42,0,17,0,17,0,17,0,17,32,26,0,17,54,52,59,47,38,28,701,204,136,81,177,71,337,95,487,137,956,158,269,89,58,43,38,28
1400000US53033029700,53033029700,"Census Tract 297, King County, Washington",5695,593,0,17,0,17,0,17,0,17,0,17,90,102,16,25,124,134,38,59,16,25,136,102,149,127,96,88,113,89,150,88,1537,385,315,152,308,111,1010,269,565,215,840,225,180,83,0,17,12,20
1400000US53033029801,53033029801,"Census Tract 298.01, King County, Washington",5916,624,57,74,0,17,0,17,0,17,0,17,0,17,10,21,0,17,149,139,29,36,124,103,13,20,189,229,21,26,130,71,1128,291,262,130,505,186,1006,262,560,186,1322,275,253,109,80,57,78,86
1400000US53033029802,53033029802,"Census Tract 298.02, King County, Washington",5782,421,78,59,0,17,0,17,0,17,0,17,0,17,0,17,12,21,27,44,36,68,103,71,41,47,29,32,61,64,134,105,1164,341,278,128,550,186,926,216,903,255,1114,273,233,103,18,29,75,68
1400000US53033029901,53033029901,"Census Tract 299.01, King County, Washington",3228,225,12,19,0,12,0,12,0,12,0,12,0,12,0,12,0,12,1,3,9,13,11,28,0,12,11,16,40,45,60,43,853,184,102,70,312,101,640,176,399,110,619,144,144,65,4,9,11,19
1400000US53033029902,53033029902,"Census Tract 299.02, King County, Washington",2913,210,32,36,0,12,0,12,0,12,0,12,0,12,0,12,0,12,12,21,14,24,4,8,0,12,116,99,40,38,58,56,711,147,69,49,200,86,414,116,442,113,474,134,250,90,49,40,28,25
1400000US53033030003,53033030003,"Census Tract 300.03, King County, Washington",4427,443,127,124,0,17,0,17,0,17,0,17,32,43,40,52,45,76,109,97,0,17,15,23,0,17,15,23,30,28,59,62,699,230,297,158,627,243,680,203,429,156,871,203,246,113,92,70,14,23
1400000US53033030004,53033030004,"Census Tract 300.04, King County, Washington",4916,553,262,185,0,17,0,17,0,17,0,17,49,67,5,13,4,12,152,169,0,17,68,85,24,40,144,146,88,84,205,123,1152,373,331,142,272,145,893,280,503,191,497,171,267,146,0,17,0,17
1400000US53033030005,53033030005,"Census Tract 300.05, King County, Washington",3277,216,93,61,0,17,0,17,0,17,0,17,0,17,33,39,54,61,31,35,23,27,63,48,83,63,47,44,69,48,116,72,907,203,215,91,353,110,498,135,273,104,313,91,99,60,0,17,7,14
1400000US53033030006,53033030006,"Census Tract 300.06, King County, Washington",2644,266,114,82,0,12,0,12,0,12,0,12,0,12,17,28,0,12,185,124,0,12,34,28,95,64,21,25,98,110,97,69,812,198,99,71,143,66,307,137,213,87,332,126,73,53,0,12,4,10
1400000US53033030100,53033030100,"Census Tract 301, King County, Washington",5592,350,41,55,0,17,0,17,0,17,0,17,14,22,34,54,57,51,1,2,46,76,62,53,55,59,45,72,13,21,6,15,728,234,195,127,534,148,1126,250,304,119,1452,289,645,152,186,93,48,49
1400000US53033030201,53033030201,"Census Tract 302.01, King County, Washington",3598,325,41,69,0,17,0,17,0,17,0,17,0,17,0,17,0,17,32,34,0,17,52,60,100,49,0,17,39,35,44,33,1076,293,110,82,370,141,492,145,379,112,559,159,263,105,23,33,18,21
1400000US53033030202,53033030202,"Census Tract 302.02, King County, Washington",4033,359,19,30,0,17,0,17,0,17,0,17,0,17,0,17,0,17,34,40,24,56,9,16,7,16,80,84,42,40,61,60,1321,274,59,76,358,158,712,215,507,167,515,166,227,111,37,40,21,34
1400000US53033030304,53033030304,"Census Tract 303.04, King County, Washington",2089,135,15,18,0,12,0,12,0,12,0,12,0,12,16,23,0,12,2,4,0,12,38,35,27,29,11,18,31,37,34,33,421,105,118,65,88,48,399,117,218,76,482,115,124,55,38,50,27,22
1400000US53033030305,53033030305,"Census Tract 303.05, King County, Washington",3708,329,15,27,0,17,0,17,0,17,0,17,0,17,0,17,0,17,15,25,26,28,0,17,0,17,0,17,75,76,47,56,649,201,39,54,417,163,791,210,508,212,798,180,266,120,62,48,0,17
1400000US53033030306,53033030306,"Census Tract 303.06, King County, Washington",4034,214,2,5,0,17,0,17,0,17,0,17,0,17,0,17,0,17,0,17,0,17,0,17,42,54,22,26,35,28,127,75,790,187,77,59,335,84,914,152,505,133,791,153,297,81,33,27,64,37
1400000US53033030308,53033030308,"Census Tract 303.08, King County, Washington",4024,407,43,48,0,17,0,17,0,17,0,17,0,17,0,17,0,17,0,17,0,17,0,17,83,74,15,23,14,23,0,17,963,275,186,108,225,113,890,219,567,209,715,202,250,105,44,42,29,34
1400000US53033030309,53033030309,"Census Tract 303.09, King County, Washington",4152,391,0,17,0,17,0,17,0,17,0,17,36,52,0,17,0,17,28,46,0,17,34,43,13,20,16,23,18,33,13,25,1063,387,125,115,380,209,956,251,460,194,532,163,374,164,62,61,42,42
1400000US53033030310,53033030310,"Census Tract 303.10, King County, Washington",3487,225,108,74,0,17,0,17,0,17,0,17,0,17,0,17,0,17,0,17,0,17,24,30,36,55,10,16,107,89,89,64,835,178,79,55,227,85,605,169,346,122,695,128,271,82,28,27,27,26
1400000US53033030311,53033030311,"Census Tract 303.11, King County, Washington",3290,265,47,48,0,17,0,17,10,17,0,17,10,18,17,20,0,17,93,81,0,17,93,89,116,86,0,17,51,45,78,48,756,190,165,74,241,81,530,103,370,99,601,119,101,38,11,15,0,17
1400000US53033030312,53033030312,"Census Tract 303.12, King County, Washington",3078,251,20,22,0,12,0,12,0,12,0,12,0,12,0,12,0,12,0,12,5,11,13,19,70,55,43,63,61,67,49,38,686,147,103,73,410,173,592,168,403,129,466,143,146,70,0,12,11,18
1400000US53033030313,53033030313,"Census Tract 303.13, King County, Washington",2666,285,41,40,0,12,0,12,0,12,25,39,0,12,0,12,0,12,19,31,0,12,30,40,61,79,48,39,23,26,21,24,580,159,182,91,307,116,534,187,280,130,417,121,62,42,36,48,0,12
1400000US53033030314,53033030314,"Census Tract 303.14, King County, Washington",3067,242,43,44,0,12,11,16,0,12,0,12,27,37,39,47,0,12,45,54,30,47,21,29,45,69,9,15,24,23,77,74,780,169,141,72,269,103,482,132,397,132,483,132,119,70,16,18,9,15
1400000US53033030401,53033030401,"Census Tract 304.01, King County, Washington",5705,379,51,56,0,17,0,17,0,17,0,17,0,17,0,17,0,17,0,17,0,17,51,44,0,17,85,86,41,51,152,77,960,259,496,206,483,180,1161,274,884,207,1025,255,189,119,85,75,42,48
1400000US53033030403,53033030403,"Census Tract 304.03, King County, Washington",3185,196,24,24,0,12,0,12,0,12,0,12,0,12,0,12,0,12,31,38,0,12,18,24,0,12,30,44,7,13,63,41,613,146,79,58,309,93,575,162,361,78,703,129,267,112,26,24,79,74
1400000US53033030404,53033030404,"Census Tract 304.04, King County, Washington",3138,167,6,10,0,12,0,12,0,12,0,12,0,12,11,17,0,12,32,38,8,13,1,3,0,12,17,20,0,12,61,55,859,148,179,80,298,102,481,116,361,97,640,153,152,61,20,22,12,17
1400000US53033030501,53033030501,"Census Tract 305.01, King County, Washington",1363,97,35,20,0,12,0,12,0,12,0,12,1,5,5,7,1,4,10,11,3,7,12,13,9,10,52,26,32,26,33,36,349,90,82,43,174,66,220,64,155,72,126,46,53,31,5,7,6,9
1400000US53033030503,53033030503,"Census Tract 305.03, King County, Washington",3481,261,95,106,0,17,0,17,0,17,0,17,0,17,0,17,78,85,66,77,0,17,22,33,0,17,36,33,115,87,63,54,1187,277,283,107,218,89,327,120,366,138,503,164,99,54,23,29,0,17
1400000US53033030504,53033030504,"Census Tract 305.04, King County, Washington",3085,210,35,27,0,12,0,12,0,12,0,12,0,12,0,12,29,48,16,21,27,35,29,47,68,51,81,49,110,64,67,39,951,207,163,77,301,87,493,107,244,101,364,119,85,37,22,22,0,12
1400000US53033030600,53033030600,"Census Tract 306, King County, Washington",3489,284,0,17,0,17,0,17,0,17,0,17,0,17,28,44,0,17,59,53,0,17,54,82,44,50,113,111,27,35,138,108,908,241,296,198,495,213,592,164,300,122,334,162,101,67,0,17,0,17
1400000US53033030700,53033030700,"Census Tract 307, King County, Washington",2518,229,51,42,0,12,0,12,0,12,0,12,0,12,9,14,24,26,73,46,26,24,21,24,18,23,103,71,82,50,79,65,864,190,130,63,277,100,317,95,179,97,186,77,65,46,0,12,14,21
1400000US53033030801,53033030801,"Census Tract 308.01, King County, Washington",4196,375,20,34,0,17,0,17,0,17,44,39,81,72,44,69,22,36,323,165,51,56,31,36,154,139,132,108,148,86,144,81,1224,294,317,145,340,142,548,160,328,118,196,113,19,25,0,17,30,44
1400000US53033030802,53033030802,"Census Tract 308.02, King County, Washington",2435,221,56,64,0,12,9,25,0,12,0,12,0,12,0,12,12,16,67,68,27,42,56,68,43,43,25,26,89,57,71,56,869,195,199,88,198,91,246,88,238,84,186,72,25,21,19,22,0,12
1400000US53033030901,53033030901,"Census Tract 309.01, King County, Washington",2290,197,5,7,0,12,0,12,0,12,5,7,0,12,0,12,24,35,36,29,0,12,32,24,48,32,117,60,56,40,53,30,737,116,160,67,183,58,403,114,237,85,133,45,55,56,6,10,0,12
1400000US53033030902,53033030902,"Census Tract 309.02, King County, Washington",3810,241,54,43,0,17,0,17,0,17,26,34,20,30,29,33,0,17,0,17,35,44,69,59,0,17,54,41,174,100,134,63,1068,227,145,66,409,138,606,178,477,128,415,141,95,73,0,17,0,17
1400000US53033031000,53033031000,"Census Tract 310, King County, Washington",2538,184,7,11,0,12,0,12,0,12,0,12,0,12,0,12,12,18,0,12,0,12,24,27,0,12,37,57,41,39,0,12,292,110,47,34,212,97,433,150,295,116,693,143,305,89,49,31,91,81
1400000US53033031100,53033031100,"Census Tract 311, King County, Washington",4815,263,90,49,0,17,3,4,5,7,0,17,17,12,9,9,5,8,43,29,46,63,99,69,40,23,93,41,161,86,41,19,1430,274,341,107,459,120,793,153,401,89,513,118,207,98,15,11,4,5
1400000US53033031202,53033031202,"Census Tract 312.02, King County, Washington",4212,222,7,12,0,17,0,17,0,17,0,17,0,17,0,17,2,3,6,7,55,61,31,26,19,13,50,23,99,44,47,41,1216,197,269,131,301,124,813,175,211,83,861,219,162,69,49,37,14,20
1400000US53033031204,53033031204,"Census Tract 312.04, King County, Washington",4346,338,18,29,31,50,0,17,0,17,0,17,0,17,0,17,0,17,0,17,0,17,0,17,0,17,111,110,34,48,51,58,1023,277,148,125,304,135,687,189,567,192,1025,263,238,123,92,66,17,27
1400000US53033031205,53033031205,"Census Tract 312.05, King County, Washington",4178,336,31,33,0,17,14,23,0,17,0,17,0,17,0,17,0,17,88,110,5,18,15,24,80,97,111,88,0,17,82,72,644,195,176,66,236,139,978,202,585,207,772,255,282,128,64,59,15,29
1400000US53033031206,53033031206,"Census Tract 312.06, King County, Washington",2888,231,18,20,0,17,0,17,0,17,0,17,10,15,0,17,0,17,33,38,20,25,29,35,123,115,25,21,44,33,44,30,579,148,182,89,312,107,456,120,298,84,488,117,175,66,42,31,10,15
1400000US53033031301,53033031301,"Census Tract 313.01, King County, Washington",1889,164,2,4,6,10,0,12,0,12,0,12,0,12,0,12,0,12,21,21,8,11,22,27,48,61,27,28,70,42,39,28,627,114,98,36,135,48,230,63,159,63,319,103,61,35,17,15,0,12
1400000US53033031302,53033031302,"Census Tract 313.02, King County, Washington",2708,205,7,11,0,12,0,12,0,12,0,12,0,12,0,12,0,12,5,9,12,18,25,26,25,30,44,34,74,79,76,48,766,158,156,69,292,102,427,118,207,71,324,100,151,57,68,54,49,37
1400000US53033031400,53033031400,"Census Tract 314, King County, Washington",4101,259,9,14,0,17,0,17,0,17,76,114,0,17,0,17,0,17,53,64,112,146,213,274,14,23,19,32,37,34,99,111,1121,290,170,103,386,130,822,193,381,158,438,153,135,82,0,17,16,26
1400000US53033031501,53033031501,"Census Tract 315.01, King County, Washington",3033,260,0,12,0,12,0,12,0,12,0,12,43,67,0,12,0,12,13,20,0,12,43,59,22,24,22,24,97,59,78,59,934,172,139,71,397,156,421,106,261,92,435,124,96,50,22,33,10,15
1400000US53033031502,53033031502,"Census Tract 315.02, King County, Washington",3134,218,21,26,0,12,0,12,0,12,0,12,0,12,0,12,0,12,6,11,0,12,6,10,22,24,72,72,114,79,48,37,946,220,100,78,265,89,474,157,312,102,453,156,136,59,122,102,37,47
1400000US53033031601,53033031601,"Census Tract 316.01, King County, Washington",3716,175,8,12,0,17,0,17,0,17,0,17,0,17,0,17,0,17,0,17,0,17,74,94,17,20,38,33,50,51,51,39,624,137,123,71,318,90,696,149,367,104,1010,160,291,89,38,29,11,17
1400000US53033031603,53033031603,"Census Tract 316.03, King County, Washington",3873,247,0,17,0,17,0,17,0,17,0,17,20,32,0,17,13,21,24,37,0,17,17,26,0,17,56,52,45,34,101,71,805,196,142,73,362,121,636,156,393,135,870,157,231,88,58,38,100,81
1400000US53033031604,53033031604,"Census Tract 316.04, King County, Washington",3253,205,13,18,0,17,0,17,0,17,0,17,0,17,0,17,0,17,0,17,0,17,0,17,0,17,0,17,50,45,0,17,504,142,146,84,217,89,520,159,472,163,955,197,324,122,21,24,31,28
1400000US53033031605,53033031605,"Census Tract 316.05, King County, Washington",2507,247,10,18,0,12,0,12,0,12,0,12,0,12,0,12,0,12,0,12,0,12,19,20,83,69,36,30,33,39,80,65,548,112,121,76,209,77,496,138,224,96,474,112,101,53,49,33,24,24
1400000US53033031703,53033031703,"Census Tract 317.03, King County, Washington",4972,279,51,66,0,17,0,17,0,17,42,62,0,17,0,17,24,36,0,17,17,27,10,17,53,58,76,76,68,65,128,123,941,248,37,44,399,137,897,215,656,233,878,208,451,185,181,71,63,52
1400000US53033031704,53033031704,"Census Tract 317.04, King County, Washington",3550,291,8,18,0,17,0,17,0,17,0,17,0,17,0,17,0,17,20,32,0,17,34,35,102,109,18,23,77,61,29,28,977,232,130,73,185,79,586,138,536,120,639,157,164,84,32,24,13,14
1400000US53033031705,53033031705,"Census Tract 317.05, King County, Washington",2872,208,29,18,0,12,0,12,0,12,0,12,0,12,0,12,13,16,0,12,0,12,25,21,0,12,0,12,73,66,40,35,544,147,170,85,300,107,399,117,405,145,672,186,166,83,36,33,0,12
1400000US53033031706,53033031706,"Census Tract 317.06, King County, Washington",4392,240,53,49,0,17,18,29,0,17,0,17,0,17,0,17,0,17,6,17,17,27,0,17,26,36,73,66,101,68,148,102,1037,214,188,94,323,129,687,166,517,150,872,196,294,117,16,19,16,27
1400000US53033031800,53033031800,"Census Tract 318, King County, Washington",3529,225,6,9,0,12,0,12,0,12,0,12,0,12,0,12,16,20,19,22,0,12,0,12,0,12,7,12,2,4,71,43,725,147,61,40,254,87,796,139,278,85,922,170,329,95,28,27,15,16
1400000US53033031903,53033031903,"Census Tract 319.03, King County, Washington",4507,257,23,39,0,17,0,17,0,17,17,30,5,6,32,39,0,17,64,84,0,17,0,17,8,17,21,32,69,61,86,54,1060,254,48,45,495,145,666,196,288,108,1072,211,336,146,88,62,129,84
1400000US53033031904,53033031904,"Census Tract 319.04, King County, Washington",2448,148,0,12,0,12,0,12,0,12,0,12,9,14,0,12,0,12,24,35,0,12,14,16,0,12,12,19,26,24,35,30,583,160,41,35,171,68,380,108,274,94,602,149,244,96,17,20,16,18
1400000US53033031906,53033031906,"Census Tract 319.06, King County, Washington",2696,217,63,74,0,12,0,12,0,12,0,12,1,5,0,12,0,12,43,59,9,15,53,73,0,12,0,12,39,36,19,23,357,113,121,73,157,52,281,108,276,92,1062,179,187,84,19,22,9,14
1400000US53033031907,53033031907,"Census Tract 319.07, King County, Washington",5437,386,105,91,0,17,1,3,0,17,0,17,1,3,0,17,0,17,1,3,0,17,63,78,35,55,87,102,24,28,18,26,521,181,85,89,230,122,858,254,565,200,1879,301,731,206,152,109,81,84
1400000US53033031908,53033031908,"Census Tract 319.08, King County, Washington",3228,326,67,73,1,3,0,12,0,12,0,12,2,4,0,12,1,3,2,4,0,12,44,53,10,17,25,25,58,58,59,40,678,205,38,24,176,83,528,145,465,135,772,195,198,69,72,56,32,35
1400000US53033031909,53033031909,"Census Tract 319.09, King County, Washington",2318,127,0,12,0,12,0,12,0,12,0,12,0,12,0,12,0,12,0,12,1,4,0,12,10,16,0,12,9,14,26,28,315,98,12,16,144,56,405,103,286,78,676,132,389,109,19,21,26,27
1400000US53033032002,53033032002,"Census Tract 320.02, King County, Washington",2495,184,0,12,0,12,0,12,0,12,0,12,0,12,0,12,0,12,0,12,0,12,0,12,0,12,18,29,43,47,21,23,557,178,116,61,308,125,551,120,148,65,521,122,179,99,33,42,0,12
1400000US53033032003,53033032003,"Census Tract 320.03, King County, Washington",3611,222,0,17,0,17,0,17,0,17,0,17,0,17,0,17,0,17,0,17,0,17,25,28,10,16,67,50,35,34,60,39,714,197,83,48,262,84,713,158,477,198,803,136,275,90,75,57,12,18
1400000US53033032005,53033032005,"Census Tract 320.05, King County, Washington",4620,337,0,17,0,17,0,17,0,17,0,17,0,17,0,17,0,17,0,17,0,17,0,17,59,50,75,74,116,106,113,77,1546,368,169,92,445,149,683,211,339,137,699,209,305,119,57,54,14,23
1400000US53033032006,53033032006,"Census Tract 320.06, King County, Washington",3427,178,24,28,0,12,0,12,0,12,0,12,0,12,0,12,0,12,12,19,0,12,10,17,34,39,31,29,28,26,83,53,667,127,78,47,375,110,660,164,344,87,794,151,247,85,40,31,0,12
1400000US53033032007,53033032007,"Census Tract 320.07, King County, Washington",2524,199,0,12,0,12,0,12,0,12,0,12,0,12,0,12,0,12,0,12,0,12,0,12,0,12,17,23,11,18,0,12,512,186,85,64,251,93,458,135,296,107,642,135,233,82,9,14,10,16
1400000US53033032008,53033032008,"Census Tract 320.08, King County, Washington",2878,191,0,12,0,12,0,12,0,12,0,12,0,12,0,12,15,23,0,12,0,12,0,12,0,12,12,19,28,42,39,25,708,183,53,40,165,69,716,156,299,88,593,129,204,74,21,23,25,22
1400000US53033032010,53033032010,"Census Tract 320.10, King County, Washington",3574,192,0,17,0,17,0,17,0,17,0,17,0,17,0,17,0,17,0,17,0,17,0,17,9,15,0,17,0,17,55,52,575,158,55,79,433,143,726,191,252,92,1135,171,320,112,14,23,0,17
1400000US53033032011,53033032011,"Census Tract 320.11, King County, Washington",2745,163,0,12,0,12,0,12,0,12,0,12,0,12,13,22,0,12,0,12,0,12,9,15,0,12,18,26,0,12,38,35,561,154,58,47,286,95,575,119,235,78,656,173,244,67,19,21,33,30
1400000US53033032102,53033032102,"Census Tract 321.02, King County, Washington",3716,188,0,17,0,17,0,17,0,17,0,17,30,47,0,17,0,17,0,17,0,17,0,17,17,21,0,17,15,16,72,48,576,124,77,56,137,74,638,151,244,78,1222,164,579,127,61,30,48,32
1400000US53033032103,53033032103,"Census Tract 321.03, King County, Washington",3260,276,23,36,0,12,0,12,0,12,0,12,0,12,0,12,0,12,0,12,0,12,0,12,8,13,14,22,31,28,29,33,459,172,34,55,237,115,738,195,286,122,825,168,454,156,103,46,19,24
1400000US53033032104,53033032104,"Census Tract 321.04, King County, Washington",4346,236,0,17,0,17,0,17,0,17,0,17,0,17,0,17,48,76,0,17,4,8,0,17,0,17,6,8,36,40,46,43,697,196,63,83,229,99,871,268,180,90,1414,261,584,182,119,76,49,34
1400000US53033032203,53033032203,"Census Tract 322.03, King County, Washington",5032,279,3,8,0,17,0,17,0,17,0,17,0,17,0,17,0,17,0,17,0,17,14,23,0,17,0,17,46,52,0,17,185,109,14,22,172,83,649,204,548,207,2227,252,917,216,121,73,136,109
1400000US53033032207,53033032207,"Census Tract 322.07, King County, Washington",2172,129,0,12,0,12,0,12,0,12,0,12,0,12,0,12,0,12,0,12,0,12,0,12,0,12,0,12,16,19,27,32,179,78,0,12,112,51,251,105,151,65,1042,120,274,91,81,50,39,30
1400000US53033032208,53033032208,"Census Tract 322.08, King County, Washington",6623,406,0,17,0,17,0,17,0,17,0,17,0,17,0,17,0,17,2,5,7,16,8,16,2,5,30,31,17,27,71,59,633,180,88,71,293,126,856,200,485,142,2437,384,1175,303,243,118,276,111
1400000US53033032210,53033032210,"Census Tract 322.10, King County, Washington",8005,500,0,19,0,19,0,19,0,19,0,19,0,19,0,19,0,19,0,19,0,19,0,19,0,19,65,68,71,100,15,27,620,240,43,48,402,164,970,362,577,211,2999,424,1650,342,340,179,253,138
1400000US53033032211,53033032211,"Census Tract 322.11, King County, Washington",3305,190,0,12,0,12,0,12,0,12,0,12,0,12,0,12,2,5,0,12,0,12,0,12,0,12,0,12,12,19,32,26,179,67,38,24,113,68,510,174,216,88,1311,178,726,126,46,34,120,58
1400000US53033032212,53033032212,"Census Tract 322.12, King County, Washington",5628,393,50,79,0,17,0,17,0,17,0,17,0,17,0,17,0,17,23,36,0,17,11,19,0,17,25,33,0,17,24,37,497,217,20,32,137,90,418,137,437,149,2443,290,1197,259,182,96,164,92
1400000US53033032213,53033032213,"Census Tract 322.13, King County, Washington",2840,152,25,40,0,12,0,12,0,12,0,12,0,12,0,12,0,12,2,4,0,12,0,12,6,12,12,18,1,3,26,24,187,80,21,24,114,64,243,81,225,90,1209,161,469,107,135,73,165,64
1400000US53033032214,53033032214,"Census Tract 322.14, King County, Washington",3822,169,23,25,0,17,0,17,0,17,0,17,0,17,1,2,0,17,0,17,0,17,0,17,4,10,11,17,1,2,29,29,268,130,64,75,109,59,320,114,199,67,1664,215,886,133,138,72,105,54
1400000US53033032215,53033032215,"Census Tract 322.15, King County, Washington",2942,147,0,17,0,17,0,17,0,17,0,17,0,17,0,17,0,17,0,17,0,17,10,15,10,16,20,24,0,17,4,7,90,52,0,17,65,39,184,97,115,58,1435,187,780,145,104,63,125,54
1400000US53033032307,53033032307,"Census Tract 323.07, King County, Washington",4499,276,0,17,0,17,0,17,0,17,0,17,0,17,0,17,0,17,0,17,0,17,0,17,18,29,0,17,43,50,48,52,611,211,39,37,357,186,710,173,365,152,1456,214,703,191,71,55,78,68
1400000US53033032309,53033032309,"Census Tract 323.09, King County, Washington",4582,527,0,17,0,17,0,17,0,17,0,17,0,17,3,6,2,7,0,17,0,17,19,21,0,17,0,17,0,17,0,17,279,139,0,17,38,48,405,210,297,138,1708,312,1493,287,150,130,188,123
1400000US53033032311,53033032311,"Census Tract 323.11, King County, Washington",4057,249,23,36,0,17,0,17,0,17,0,17,0,17,0,17,0,17,0,17,0,17,0,17,0,17,20,33,0,17,18,29,449,179,66,60,229,112,629,187,349,151,1309,259,763,206,160,90,42,41
1400000US53033032313,53033032313,"Census Tract 323.13, King County, Washington",4724,375,13,22,0,17,0,17,0,17,50,82,0,17,0,17,0,17,278,343,0,17,0,17,13,19,25,27,26,29,34,36,339,105,17,29,104,80,599,163,391,183,1326,215,1313,264,99,70,97,54
1400000US53033032315,53033032315,"Census Tract 323.15, King County, Washington",3788,194,9,14,0,17,0,17,0,17,0,17,0,17,10,15,0,17,0,17,0,17,0,17,0,17,0,17,33,29,8,14,471,142,72,50,254,91,548,141,221,80,1467,179,525,147,114,59,56,42
1400000US53033032316,53033032316,"Census Tract 323.16, King County, Washington",3630,171,7,11,0,17,0,17,0,17,0,17,0,17,7,12,0,17,15,23,0,17,0,17,0,17,0,17,12,20,18,20,176,83,8,13,136,53,235,75,188,86,1730,191,831,118,148,71,119,50
1400000US53033032317,53033032317,"Census Tract 323.17, King County, Washington",4191,214,19,30,0,17,0,17,0,17,0,17,0,17,109,164,0,17,30,34,0,17,0,17,18,28,0,17,0,17,16,28,155,75,37,40,113,65,355,119,343,126,1768,300,965,178,87,53,176,90
1400000US53033032318,53033032318,"Census Tract 323.18, King County, Washington",3636,147,0,17,0,17,0,17,0,17,0,17,0,17,0,17,0,17,0,17,0,17,0,17,0,17,8,12,0,17,1,6,206,80,21,23,68,40,269,85,233,78,1582,156,967,173,108,61,173,107
1400000US53033032319,53033032319,"Census Tract 323.19, King County, Washington",3576,277,0,17,0,17,0,17,0,17,0,17,0,17,0,17,0,17,0,17,0,17,0,17,0,17,22,34,94,87,0,17,549,248,66,58,154,96,607,189,284,139,1063,269,510,164,174,104,53,41
1400000US53033032320,53033032320,"Census Tract 323.20, King County, Washington",3086,176,0,12,0,12,0,12,0,12,0,12,0,12,0,12,0,12,0,12,0,12,22,34,6,9,28,30,1,4,6,11,475,185,37,33,132,74,263,94,286,112,1141,180,526,98,88,51,75,55
1400000US53033032321,53033032321,"Census Tract 323.21, King County, Washington",3519,216,12,18,0,17,0,17,0,17,0,17,0,17,0,17,0,17,0,17,0,17,2,9,18,29,7,11,14,20,0,17,184,76,54,49,103,58,273,87,198,72,1350,201,929,156,166,60,209,81
1400000US53033032322,53033032322,"Census Tract 323.22, King County, Washington",2382,119,15,20,0,12,0,12,0,12,0,12,0,12,0,12,0,12,0,12,0,12,0,12,0,12,0,12,9,13,35,30,87,57,12,17,109,55,307,103,200,75,936,114,469,98,106,54,97,53
1400000US53033032323,53033032323,"Census Tract 323.23, King County, Washington",3989,239,11,18,0,17,0,17,0,17,0,17,0,17,0,17,0,17,0,17,0,17,0,17,13,21,0,17,0,17,82,112,232,85,17,23,85,63,431,130,289,117,1719,289,950,211,60,63,100,70
1400000US53033032324,53033032324,"Census Tract 323.24, King County, Washington",3858,286,2,4,0,17,0,17,0,17,0,17,0,17,0,17,0,17,0,17,45,68,22,35,130,206,13,17,79,97,23,30,349,149,56,77,252,123,695,201,454,148,1019,208,645,188,0,17,74,52
1400000US53033032325,53033032325,"Census Tract 323.25, King County, Washington",3538,402,47,66,0,17,21,29,0,17,0,17,3,8,0,17,0,17,3,10,0,17,0,17,4,9,22,30,17,26,29,33,330,175,37,33,132,96,337,132,276,130,1253,240,897,225,78,65,52,50
1400000US53033032326,53033032326,"Census Tract 323.26, King County, Washington",2812,176,0,12,0,12,0,12,0,12,0,12,0,12,0,12,0,12,35,39,0,12,18,29,23,27,0,12,8,14,0,12,254,103,59,53,84,48,293,99,243,85,1252,143,402,111,65,39,76,57
1400000US53033032327,53033032327,"Census Tract 323.27, King County, Washington",3467,189,0,12,0,12,0,12,0,12,0,12,0,12,0,12,0,12,16,24,0,12,0,12,0,12,0,12,8,13,9,14,326,101,35,43,82,43,528,121,231,89,1160,161,744,148,174,60,154,64
1400000US53033032328,53033032328,"Census Tract 323.28, King County, Washington",2240,136,0,12,0,12,0,12,0,12,0,12,0,12,0,12,0,12,0,12,0,12,31,34,10,16,8,14,0,12,23,27,149,76,13,17,136,72,364,138,130,61,805,170,339,107,144,88,88,61
1400000US53033032329,53033032329,"Census Tract 323.29, King County, Washington",5617,343,19,30,0,17,0,17,0,17,0,17,0,17,0,17,0,17,0,17,0,17,0,17,20,31,0,17,0,17,47,51,268,110,36,39,128,66,473,175,334,134,2177,365,1604,289,232,105,279,158
1400000US53033032401,53033032401,"Census Tract 324.01, King County, Washington",3760,290,0,17,0,17,0,17,0,17,0,17,0,17,0,17,0,17,2,4,0,17,0,17,84,92,14,22,19,28,83,72,675,210,99,65,213,92,633,200,388,152,1164,279,359,112,27,32,0,17
1400000US53033032402,53033032402,"Census Tract 324.02, King County, Washington",4167,345,14,21,0,17,0,17,0,17,0,17,0,17,0,17,0,17,0,17,0,17,0,17,0,17,34,56,40,62,81,62,495,168,163,106,306,146,765,188,463,166,1289,275,387,154,74,60,56,48
1400000US53033032500,53033032500,"Census Tract 325, King County, Washington",3856,241,11,12,0,17,0,17,0,17,0,17,0,17,9,15,0,17,28,27,0,17,12,18,4,6,51,38,78,39,73,56,654,135,121,59,259,84,552,107,334,99,1139,188,395,105,37,24,99,58
1400000US53033032601,53033032601,"Census Tract 326.01, King County, Washington",1942,189,0,12,0,12,0,12,0,12,0,12,0,12,0,12,0,12,0,12,0,12,16,17,0,12,18,27,17,22,17,19,441,129,78,57,122,90,213,75,273,115,516,138,178,74,42,31,11,17
1400000US53033032602,53033032602,"Census Tract 326.02, King County, Washington",7868,385,14,24,0,19,17,26,0,19,0,19,0,19,0,19,0,19,0,19,42,46,13,21,0,19,84,69,0,19,111,69,528,243,71,70,492,207,1035,292,671,230,3296,373,1151,232,269,123,74,56
1400000US53033032702,53033032702,"Census Tract 327.02, King County, Washington",4752,294,0,17,0,17,0,17,0,17,0,17,0,17,0,17,0,17,17,26,0,17,18,27,15,23,0,17,60,61,64,52,734,235,196,133,335,115,926,245,557,188,1260,251,411,157,106,68,53,61
1400000US53033032703,53033032703,"Census Tract 327.03, King County, Washington",1532,131,36,56,0,12,0,12,0,12,0,12,0,12,0,12,0,12,0,12,0,12,0,12,15,21,29,29,6,9,29,36,256,107,62,38,197,64,267,79,88,43,428,98,95,47,24,26,0,12
1400000US53033032704,53033032704,"Census Tract 327.04, King County, Washington",4480,498,32,44,0,17,0,17,0,17,0,17,0,17,0,17,0,17,36,55,0,17,50,70,36,42,31,48,68,77,112,98,754,222,248,141,200,93,856,201,440,143,1233,245,229,114,117,93,38,46
1400000US53033032800,53033032800,"Census Tract 328, King County, Washington",1795,133,7,12,0,12,0,12,0,12,0,12,0,12,0,12,0,12,0,12,0,12,10,15,5,11,26,20,24,24,6,8,355,96,59,37,151,49,395,91,85,34,418,101,196,70,40,37,18,27
1400000US53033990100,53033990100,"Census Tract 9901, King County, Washington",0,12,0,12,0,12,0,12,0,12,0,12,0,12,0,12,0,12,0,12,0,12,0,12,0,12,0,12,0,12,0,12,0,12,0,12,0,12,0,12,0,12,0,12,0,12,0,12,0,12
